{
  "$schema": "./node_modules/@angular/cli/lib/config/schema.json",
  "project": {
    "name": "backoffice"
  },
  "apps": [
    {
      "root": "src",
      "outDir": "dist",
      "assets": [
        "assets",
        "favicon.ico"
      ],
      "index": "index.html",
      "main": "main.ts",
      "polyfills": "polyfills.ts",
      "test": "test.ts",
      "tsconfig": "tsconfig.app.json",
      "testTsconfig": "tsconfig.spec.json",
      "prefix": "app",
      "styles": [
        "styles.css",
        "../node_modules/primeng/resources/themes/bootstrap/theme.css",
        "../node_modules/primeng/resources/primeng.css",        
        "../bower_components/bootstrap/dist/css/bootstrap.css",        
        "../bower_components/components-font-awesome/css/font-awesome.css",
        "../bower_components/material-design-iconic-font/dist/css/material-design-iconic-font.css",
        "../bower_components/Ionicons/css/ionicons.css",
        "./assets/css/core.css",
        "./assets/css/components.css",
        "./assets/css/pages.css",
        "./assets/css/menu.css",
        "./assets/css/responsive.css",
        "./assets/css/custom.css"
      ],
      "scripts": [
        "../bower_components/jquery/dist/jquery.js",    
        "../bower_components/bootstrap/dist/js/bootstrap.js",            
        "../bower_components/wow/dist/wow.js",    
        "../bower_components/fastclick/lib/fastclick.js", 
        "../bower_components/jquery-slimscroll/jquery.slimscroll.js", 
        "../bower_components/jquery.scrollTo/jquery.scrollTo.js", 
        "../bower_components/blockUI/jquery.blockUI.js", 
        "./assets/js/detect.js",
        "./assets/js/waves.js",
        "./assets/js/jquery.app.js"
      ],
      "environmentSource": "environments/environment.ts",
      "environments": {
        "dev": "environments/environment.ts",
        "prod": "environments/environment.prod.ts"
      }
    }
  ],
  "e2e": {
    "protractor": {
      "config": "./protractor.conf.js"
    }
  },
  "lint": [
    {
      "project": "src/tsconfig.app.json",
      "exclude": "**/node_modules/**"
    },
    {
      "project": "src/tsconfig.spec.json",
      "exclude": "**/node_modules/**"
    },
    {
      "project": "e2e/tsconfig.e2e.json",
      "exclude": "**/node_modules/**"
    }
  ],
  "test": {
    "karma": {
      "config": "./karma.conf.js"
    }
  },
  "defaults": {
    "styleExt": "css",
    "component": {}
  }
}
