RegionId;CompanyId;Cpf;VlRecarga;NomeArquivo;Recharge;CardId;DescricaoProcessamento;DataRecarga
br_curitiba;a33524db6ef6770f37da9eacbf26c440;84188464968;33,54;cabify_recarga_normal_2018_07_13_input.csv;True;5017555;{"debitId":18264550,"creditId":18264552};13/07/2018 18:11:16
br_curitiba;476c55c99e1c52e20705ac90695100cf;03934498906;33,94;cabify_recarga_normal_2018_07_13_input.csv;True;5017441;{"debitId":18264435,"creditId":18264436};13/07/2018 18:11:16
br_curitiba;a04a257a84d488c56fa7ea03081677c0;05501212935;12,02;cabify_recarga_normal_2018_07_13_input.csv;True;4791165;{"debitId":18264183,"creditId":18264186};13/07/2018 18:11:16
br_curitiba;181d5f4f84e37fcd3e35bbbd70acfcb9;98790889134;115,65;cabify_recarga_normal_2018_07_13_input.csv;False;;Cartao nao encontrado;13/07/2018 18:11:16
br_curitiba;476c55c99e1c52e20705ac9069529452;01426766084;51,20;cabify_recarga_normal_2018_07_13_input.csv;True;5017548;{"debitId":18264537,"creditId":18264538};13/07/2018 18:11:16
br_curitiba;1fbb9b31e029437feb46193a52ff2f72;02045342913;22,00;cabify_recarga_normal_2018_07_13_input.csv;True;5017514;{"debitId":18264024,"creditId":18264028};13/07/2018 18:11:16
br_curitiba;9973249e31bfce6ba08d66246b5073ce;05620524965;36,68;cabify_recarga_normal_2018_07_13_input.csv;True;5017664;{"debitId":18263867,"creditId":18263873};13/07/2018 18:11:16
br_curitiba;0c64e3d0dceec9ed5ff4869d1780ec6d;09530824904;21,44;cabify_recarga_normal_2018_07_13_input.csv;True;5017691;{"debitId":18264400,"creditId":18264401};13/07/2018 18:11:16
br_curitiba;2bfe5fe24da51ce2b32598a9a44512ac;42684884803;37,02;cabify_recarga_normal_2018_07_13_input.csv;True;5017546;{"debitId":18264528,"creditId":18264529};13/07/2018 18:11:16
br_curitiba;7344c1db5770b2aae296b442033476c8;20095384987;18,35;cabify_recarga_normal_2018_07_13_input.csv;True;4791161;{"debitId":18264154,"creditId":18264156};13/07/2018 18:11:16
br_curitiba;68fb651cc73fcffc024fc547104583cf;06580967960;69,96;cabify_recarga_normal_2018_07_13_input.csv;True;5017488;{"debitId":18263861,"creditId":18263865};13/07/2018 18:11:16
br_curitiba;98cf25d4e6cddba26ced4c38bbc902a1;38566311949;64,47;cabify_recarga_normal_2018_07_13_input.csv;True;4791176;{"debitId":18264245,"creditId":18264246};13/07/2018 18:11:16
br_curitiba;2bfe5fe24da51ce2b32598a9a4458933;20510564801;18,31;cabify_recarga_normal_2018_07_13_input.csv;True;5017545;{"debitId":18264517,"creditId":18264518};13/07/2018 18:11:16
br_curitiba;c55f0380554ba572d2041e26903e290d;05855135977;9,61;cabify_recarga_normal_2018_07_13_input.csv;True;5017679;{"debitId":18264199,"creditId":18264200};13/07/2018 18:11:16
br_curitiba;cbff527cfc639055cbf59ab3e6fd16c0;01031908137;11,20;cabify_recarga_normal_2018_07_13_input.csv;True;5017715;{"debitId":18263884,"creditId":18263886};13/07/2018 18:11:16
br_curitiba;47e22bf4e97295e9bb96cd927b794bee;28450906920;28,40;cabify_recarga_normal_2018_07_13_input.csv;True;5017528;{"debitId":18264310,"creditId":18264311};13/07/2018 18:11:16
br_curitiba;47e22bf4e97295e9bb96cd927b75ab2d;04409232983;58,27;cabify_recarga_normal_2018_07_13_input.csv;True;5017452;{"debitId":18264482,"creditId":18264484};13/07/2018 18:11:16
br_curitiba;476c55c99e1c52e20705ac906951d31d;55295452972;14,31;cabify_recarga_normal_2018_07_13_input.csv;True;4791144;{"debitId":18264076,"creditId":18264077};13/07/2018 18:11:16
br_curitiba;c55f0380554ba572d2041e26903dbf43;00364556951;70,23;cabify_recarga_normal_2018_07_13_input.csv;True;5017444;{"debitId":18264439,"creditId":18264440};13/07/2018 18:11:16
br_curitiba;cfc6380324277bf7268f0f2e8f3c9b00;04751056999;55,47;cabify_recarga_normal_2018_07_13_input.csv;True;5017527;{"debitId":18264289,"creditId":18264290};13/07/2018 18:11:16
br_curitiba;ab849226bc0f90e82f220ab8868a20c4;05122788650;21,21;cabify_recarga_normal_2018_07_13_input.csv;True;4791129;{"debitId":18263956,"creditId":18263958};13/07/2018 18:11:16
br_santos;d0144a467eaa30a5bd8505ac42258f8f;32543729801;41,76;cabify_recarga_normal_2018_07_13_input.csv;True;4815789;{"debitId":18264159,"creditId":18264160};13/07/2018 18:11:16
br_curitiba;2aeeeed5c8e0e9eacb195bffbb951032;06011878903;72,97;cabify_recarga_normal_2018_07_13_input.csv;True;5017611;{"debitId":18263926,"creditId":18263928};13/07/2018 18:11:16
br_curitiba;21bcdda4b7cf9c9c2c002abe9d099ca3;02954977930;248,71;cabify_recarga_normal_2018_07_13_input.csv;True;5017522;{"debitId":18264218,"creditId":18264219};13/07/2018 18:11:16
br_curitiba;21bcdda4b7cf9c9c2c002abe9d05059f;08100057869;19,86;cabify_recarga_normal_2018_07_13_input.csv;True;5017683;{"debitId":18264258,"creditId":18264259};13/07/2018 18:11:16
br_curitiba;ca02e22be856d4ef5890c8054c409a35;08129341484;72,46;cabify_recarga_normal_2018_07_13_input.csv;True;4791213;{"debitId":18263878,"creditId":18263879};13/07/2018 18:11:16
br_curitiba;752844faffa4a6d899f82c3a29b04d45;42102171825;78,59;cabify_recarga_normal_2018_07_13_input.csv;True;4791267;{"debitId":18264203,"creditId":18264204};13/07/2018 18:11:16
br_curitiba;47e22bf4e97295e9bb96cd927b7d9bb4;61122610904;26,91;cabify_recarga_normal_2018_07_13_input.csv;True;5017533;{"debitId":18264378,"creditId":18264379};13/07/2018 18:11:16
br_curitiba;47e22bf4e97295e9bb96cd927b782c96;98048600900;25,14;cabify_recarga_normal_2018_07_13_input.csv;True;5017700;{"debitId":18264509,"creditId":18264510};13/07/2018 18:11:16
br_curitiba;6a0cab23de08a28d1cab124805834172;95549722968;15,01;cabify_recarga_normal_2018_07_13_input.csv;True;5017597;{"debitId":18264437,"creditId":18264438};13/07/2018 18:11:16
br_curitiba;2323ebca8cd71a15f4018cd3c5b0130f;75835150920;38,29;cabify_recarga_normal_2018_07_13_input.csv;True;5017594;{"debitId":18264415,"creditId":18264417};13/07/2018 18:11:16
br_curitiba;0a0377a438eacec36b2268896fc52b5c;06355274995;83,60;cabify_recarga_normal_2018_07_13_input.csv;True;5017633;{"debitId":18264194,"creditId":18264196};13/07/2018 18:11:16
br_curitiba;76e5edff417c5870d713d499a8db5940;87246104968;14,53;cabify_recarga_normal_2018_07_13_input.csv;True;5017651;{"debitId":18264372,"creditId":18264375};13/07/2018 18:11:16
br_curitiba;03f3c16bf9536e012fe05a81b5efc812;08787799901;54,45;cabify_recarga_normal_2018_07_13_input.csv;True;4791186;{"debitId":18264299,"creditId":18264300};13/07/2018 18:11:16
br_curitiba;cedc359fc092b03aaf937e7bf48e32d3;03053018969;170,46;cabify_recarga_normal_2018_07_13_input.csv;True;4791257;{"debitId":18264135,"creditId":18264136};13/07/2018 18:11:16
br_curitiba;76e5edff417c5870d713d499a81e7379;06458386915;71,87;cabify_recarga_normal_2018_07_13_input.csv;True;5017666;{"debitId":18263882,"creditId":18263883};13/07/2018 18:11:16
br_curitiba;68fb651cc73fcffc024fc5471044c996;01980534950;37,53;cabify_recarga_normal_2018_07_13_input.csv;True;5017465;{"debitId":18263993,"creditId":18263994};13/07/2018 18:11:16
br_curitiba;752844faffa4a6d899f82c3a29b960b5;16264311839;50,90;cabify_recarga_normal_2018_07_13_input.csv;True;4791230;{"debitId":18263912,"creditId":18263913};13/07/2018 18:11:16
br_curitiba;c55f0380554ba572d2041e26903e6fef;00958408939;35,49;cabify_recarga_normal_2018_07_13_input.csv;True;5017535;{"debitId":18264430,"creditId":18264431};13/07/2018 18:11:16
br_curitiba;84d6ef3bce9a5c31516cacbfe27115f2;72487445904;67,09;cabify_recarga_normal_2018_07_13_input.csv;True;5017480;{"debitId":18264216,"creditId":18264217};13/07/2018 18:11:16
br_curitiba;84d6ef3bce9a5c31516cacbfe2efbda1;03006810970;34,95;cabify_recarga_normal_2018_07_13_input.csv;True;5017505;{"debitId":18263833,"creditId":18263834};13/07/2018 18:11:16
br_curitiba;21bcdda4b7cf9c9c2c002abe9d07fb5b;07866691959;10,07;cabify_recarga_normal_2018_07_13_input.csv;True;5017714;{"debitId":18264553,"creditId":18264554};13/07/2018 18:11:16
br_curitiba;84d6ef3bce9a5c31516cacbfe2ef6918;01593962983;12,77;cabify_recarga_normal_2018_07_13_input.csv;True;5017467;{"debitId":18264058,"creditId":18264060};13/07/2018 18:11:16
br_curitiba;55ba90367e2ce84359582e5f590c56b9;06140681936;36,29;cabify_recarga_normal_2018_07_13_input.csv;True;5017705;{"debitId":18264533,"creditId":18264536};13/07/2018 18:11:16
br_curitiba;76e5edff417c5870d713d499a816f1c8;00955919908;5,56;cabify_recarga_normal_2018_07_13_input.csv;True;5017674;{"debitId":18264089,"creditId":18264090};13/07/2018 18:11:16
br_curitiba;6a5e670bff4573ea42a23f52995cae3f;03788811919;15,10;cabify_recarga_normal_2018_07_13_input.csv;True;5017568;{"debitId":18264233,"creditId":18264234};13/07/2018 18:11:16
br_curitiba;c55f0380554ba572d2041e26903dbb4c;22058010906;26,40;cabify_recarga_normal_2018_07_13_input.csv;True;5017681;{"debitId":18264238,"creditId":18264239};13/07/2018 18:11:16
br_curitiba;55ba90367e2ce84359582e5f59122691;09730148902;5,90;cabify_recarga_normal_2018_07_13_input.csv;True;5017606;{"debitId":18264473,"creditId":18264474};13/07/2018 18:11:16
br_curitiba;a94ebedee3b45c4297d121e8c30eb713;46863974991;13,92;cabify_recarga_normal_2018_07_13_input.csv;True;4791167;{"debitId":18264205,"creditId":18264206};13/07/2018 18:11:16
br_curitiba;9c44238e231a5358eb2f22b1080bf12b;04172556914;95,31;cabify_recarga_normal_2018_07_13_input.csv;True;5017487;{"debitId":18263828,"creditId":18263830};13/07/2018 18:11:16
br_curitiba;35fd1d6de4280ed53ea93ddb078870ab;05026053912;13,03;cabify_recarga_normal_2018_07_13_input.csv;True;5017421;{"debitId":18264251,"creditId":18264252};13/07/2018 18:11:16
br_curitiba;ce5a6752e46d8035c28535a0639bbfa3;98067842787;24,83;cabify_recarga_normal_2018_07_13_input.csv;True;5017614;{"debitId":18263611,"creditId":18263612};13/07/2018 18:11:16
br_curitiba;47e22bf4e97295e9bb96cd927b7f6c93;05186898910;82,92;cabify_recarga_normal_2018_07_13_input.csv;True;5017413;{"debitId":18264192,"creditId":18264193};13/07/2018 18:11:16
br_curitiba;476c55c99e1c52e20705ac90694f2306;66110580015;55,46;cabify_recarga_normal_2018_07_13_input.csv;True;5017445;{"debitId":18264448,"creditId":18264449};13/07/2018 18:11:16
br_curitiba;6f439d1b532014c8bfa34833ccfc603a;02607452945;61,57;cabify_recarga_normal_2018_07_13_input.csv;True;5017502;{"debitId":18264491,"creditId":18264494};13/07/2018 18:11:16
br_curitiba;752844faffa4a6d899f82c3a29a80253;05844335902;52,94;cabify_recarga_normal_2018_07_13_input.csv;True;5017426;{"debitId":18264304,"creditId":18264305};13/07/2018 18:11:16
br_curitiba;266d20595b5c6cec09abb8f97004cd26;18555837987;307,69;cabify_recarga_normal_2018_07_13_input.csv;True;4791168;{"debitId":18264222,"creditId":18264223};13/07/2018 18:11:16
br_curitiba;a33524db6ef6770f37da9eacbf28d799;06436236988;29,52;cabify_recarga_normal_2018_07_13_input.csv;True;5017541;{"debitId":18264513,"creditId":18264514};13/07/2018 18:11:16
br_curitiba;7410c775d21dd8e7ff65345754d61f91;06840323927;42,18;cabify_recarga_normal_2018_07_13_input.csv;True;5017447;{"debitId":18264452,"creditId":18264454};13/07/2018 18:11:16
br_curitiba;76e5edff417c5870d713d499a820fcb8;51906953953;23,65;cabify_recarga_normal_2018_07_13_input.csv;True;5017671;{"debitId":18264065,"creditId":18264068};13/07/2018 18:11:16
br_curitiba;55ba90367e2ce84359582e5f5918562e;06253080938;112,71;cabify_recarga_normal_2018_07_13_input.csv;True;4791266;{"debitId":18264188,"creditId":18264189};13/07/2018 18:11:16
br_curitiba;8225b11ef148606cb26f12ad6e6ef5ee;05312504823;11,56;cabify_recarga_normal_2018_07_13_input.csv;True;4791254;{"debitId":18264133,"creditId":18264134};13/07/2018 18:11:16
br_curitiba;6417bb411e17f7879df09d0e0295c7cd;09367714459;39,67;cabify_recarga_normal_2018_07_13_input.csv;True;4791214;{"debitId":18263962,"creditId":18263964};13/07/2018 18:11:16
br_curitiba;7344c1db5770b2aae296b442032e76e5;45609217920;16,44;cabify_recarga_normal_2018_07_13_input.csv;True;4791153;{"debitId":18263785,"creditId":18263786};13/07/2018 18:11:16
br_curitiba;32addf2922229e9c62341796bc9bdcbf;01819661580;30,80;cabify_recarga_normal_2018_07_13_input.csv;True;5017619;{"debitId":18264020,"creditId":18264022};13/07/2018 18:11:16
br_curitiba;47e22bf4e97295e9bb96cd927b7a46ac;01031908137;32,93;cabify_recarga_normal_2018_07_13_input.csv;True;5017715;{"debitId":18263910,"creditId":18263911};13/07/2018 18:11:16
br_curitiba;6a5e670bff4573ea42a23f52995cc99f;03084494959;6,70;cabify_recarga_normal_2018_07_13_input.csv;True;5017567;{"debitId":18264210,"creditId":18264211};13/07/2018 18:11:16
br_curitiba;21bcdda4b7cf9c9c2c002abe9d08872d;01003758983;32,56;cabify_recarga_normal_2018_07_13_input.csv;True;5017713;{"debitId":18264547,"creditId":18264548};13/07/2018 18:11:16
br_curitiba;84d6ef3bce9a5c31516cacbfe2709cad;06839838900;40,22;cabify_recarga_normal_2018_07_13_input.csv;True;5017472;{"debitId":18264121,"creditId":18264124};13/07/2018 18:11:16
br_curitiba;6f439d1b532014c8bfa34833ccfcfbfb;04461467732;10,72;cabify_recarga_normal_2018_07_13_input.csv;True;5017509;{"debitId":18264507,"creditId":18264508};13/07/2018 18:11:16
br_curitiba;2323ebca8cd71a15f4018cd3c5b0261c;04245477911;28,98;cabify_recarga_normal_2018_07_13_input.csv;True;5017637;{"debitId":18263791,"creditId":18263794};13/07/2018 18:11:16
br_curitiba;be16f29316434c859267a5ea19dd01d6;37429051987;53,42;cabify_recarga_normal_2018_07_13_input.csv;True;4791281;{"debitId":18264295,"creditId":18264296};13/07/2018 18:11:16
br_curitiba;3487c6f2752e75dad7ba57febac99ef8;02259792928;88,50;cabify_recarga_normal_2018_07_13_input.csv;True;4791318;{"debitId":18263985,"creditId":18263988};13/07/2018 18:11:16
br_curitiba;7344c1db5770b2aae296b4420333a07b;10093861907;48,03;cabify_recarga_normal_2018_07_13_input.csv;True;4791299;{"debitId":18264361,"creditId":18264362};13/07/2018 18:11:16
br_curitiba;752844faffa4a6d899f82c3a29ac22de;08654904739;97,74;cabify_recarga_normal_2018_07_13_input.csv;True;5017695;{"debitId":18264464,"creditId":18264465};13/07/2018 18:11:16
br_curitiba;21bcdda4b7cf9c9c2c002abe9d070f82;00489932983;50,72;cabify_recarga_normal_2018_07_13_input.csv;True;5017532;{"debitId":18264346,"creditId":18264347};13/07/2018 18:11:16
br_curitiba;cfc6380324277bf7268f0f2e8f3fb6e5;01031908137;32,77;cabify_recarga_normal_2018_07_13_input.csv;True;5017715;{"debitId":18263942,"creditId":18263943};13/07/2018 18:11:16
br_curitiba;916fca93e77945b29cef8bdd02bc22ef;40522377904;145,44;cabify_recarga_normal_2018_07_13_input.csv;True;5017590;{"debitId":18264391,"creditId":18264392};13/07/2018 18:11:16
br_curitiba;593b161f70cb1e9e6990e9cacc5a5761;02387942965;33,39;cabify_recarga_normal_2018_07_13_input.csv;True;4791188;{"debitId":18264318,"creditId":18264319};13/07/2018 18:11:16
br_curitiba;1fbb9b31e029437feb46193a52ff6cc9;67220592949;76,28;cabify_recarga_normal_2018_07_13_input.csv;True;5017513;{"debitId":18263971,"creditId":18263974};13/07/2018 18:11:16
br_curitiba;3487c6f2752e75dad7ba57febabf9566;04394791936;9,49;cabify_recarga_normal_2018_07_13_input.csv;True;4791329;{"debitId":18264110,"creditId":18264113};13/07/2018 18:11:16
br_curitiba;ca02e22be856d4ef5890c8054c41a294;87246880968;25,83;cabify_recarga_normal_2018_07_13_input.csv;True;4791228;{"debitId":18263607,"creditId":18263608};13/07/2018 18:11:16
br_curitiba;af22938f4d8fcac7590cdbd0022637ef;63931052915;37,46;cabify_recarga_normal_2018_07_13_input.csv;True;4791205;{"debitId":18263895,"creditId":18263901};13/07/2018 18:11:16
br_curitiba;752844faffa4a6d899f82c3a29c2b6a9;08528379922;4,50;cabify_recarga_normal_2018_07_13_input.csv;True;4791247;{"debitId":18264070,"creditId":18264071};13/07/2018 18:11:16
br_curitiba;d5f04aeafc4aaa5f0e50c83e89a25938;07680514950;37,25;cabify_recarga_normal_2018_07_13_input.csv;True;5017518;{"debitId":18264127,"creditId":18264130};13/07/2018 18:11:16
br_curitiba;9c44238e231a5358eb2f22b108099f78;03013893907;61,00;cabify_recarga_normal_2018_07_13_input.csv;True;5017483;{"debitId":18264236,"creditId":18264237};13/07/2018 18:11:16
br_curitiba;9d402f97712ea702d8f4d61188e1d0c9;05361579955;16,70;cabify_recarga_normal_2018_07_13_input.csv;True;5017617;{"debitId":18263966,"creditId":18263968};13/07/2018 18:11:16
br_curitiba;d5e7298451503f17896cb896a160435f;02582701955;18,67;cabify_recarga_normal_2018_07_13_input.csv;True;5017537;{"debitId":18264444,"creditId":18264445};13/07/2018 18:11:16
br_curitiba;a41d8afe439b0c733cec59893f0735fc;03523854997;25,52;cabify_recarga_normal_2018_07_13_input.csv;True;4791152;{"debitId":18263661,"creditId":18263662};13/07/2018 18:11:16
br_curitiba;21bcdda4b7cf9c9c2c002abe9d082820;01623286050;6,06;cabify_recarga_normal_2018_07_13_input.csv;True;5017454;{"debitId":18263547,"creditId":18263548};13/07/2018 18:11:16
br_curitiba;1fbb9b31e029437feb46193a52feebb9;30819275875;7,65;cabify_recarga_normal_2018_07_13_input.csv;True;5017501;{"debitId":18264462,"creditId":18264463};13/07/2018 18:11:16
br_curitiba;f57eaddd92f1ec6b38302ddd63825a9f;92196187968;63,06;cabify_recarga_normal_2018_07_13_input.csv;True;4791217;{"debitId":18264017,"creditId":18264018};13/07/2018 18:11:16
br_curitiba;1fbb9b31e029437feb46193a52ff393e;09079673960;6,11;cabify_recarga_normal_2018_07_13_input.csv;True;5017500;{"debitId":18264441,"creditId":18264442};13/07/2018 18:11:16
br_curitiba;476c55c99e1c52e20705ac90695223c6;01429443430;17,94;cabify_recarga_normal_2018_07_13_input.csv;True;5017581;{"debitId":18264364,"creditId":18264367};13/07/2018 18:11:16
br_santos;33072f67030ec131117b07586cdbe4f7;39261578870;6,91;cabify_recarga_normal_2018_07_13_input.csv;True;4815791;{"debitId":18264137,"creditId":18264140};13/07/2018 18:11:16
br_curitiba;7410c775d21dd8e7ff65345754d7bfb0;06696773967;101,11;cabify_recarga_normal_2018_07_13_input.csv;True;5017498;{"debitId":18264396,"creditId":18264397};13/07/2018 18:11:16
br_curitiba;862431a70bd8b58be0e4599ca133a663;32860690867;112,55;cabify_recarga_normal_2018_07_13_input.csv;True;5017650;{"debitId":18264338,"creditId":18264340};13/07/2018 18:11:16
br_curitiba;84d6ef3bce9a5c31516cacbfe26eda14;04325097988;27,81;cabify_recarga_normal_2018_07_13_input.csv;True;5017479;{"debitId":18264167,"creditId":18264172};13/07/2018 18:11:16
br_curitiba;84d6ef3bce9a5c31516cacbfe2705633;25346172904;287,94;cabify_recarga_normal_2018_07_13_input.csv;True;5017489;{"debitId":18264254,"creditId":18264255};13/07/2018 18:11:16
br_curitiba;412e5e8f318a974f9624431485507dde;05503600932;12,64;cabify_recarga_normal_2018_07_13_input.csv;True;4791238;{"debitId":18264013,"creditId":18264015};13/07/2018 18:11:16
br_curitiba;0a0377a438eacec36b2268896fc56486;18462469899;20,67;cabify_recarga_normal_2018_07_13_input.csv;True;5017667;{"debitId":18263907,"creditId":18263908};13/07/2018 18:11:16
br_curitiba;84d6ef3bce9a5c31516cacbfe270dbf6;03139502966;134,72;cabify_recarga_normal_2018_07_13_input.csv;True;5017464;{"debitId":18263667,"creditId":18263671};13/07/2018 18:11:16
br_curitiba;ab849226bc0f90e82f220ab8868a98f6;96001470863;104,57;cabify_recarga_normal_2018_07_13_input.csv;True;4791133;{"debitId":18263979,"creditId":18263980};13/07/2018 18:11:16
br_curitiba;84d6ef3bce9a5c31516cacbfe270c269;01162133961;5,27;cabify_recarga_normal_2018_07_13_input.csv;True;4791269;{"debitId":18264231,"creditId":18264232};13/07/2018 18:11:16
br_curitiba;7410c775d21dd8e7ff65345754d7a904;56000308949;39,64;cabify_recarga_normal_2018_07_13_input.csv;True;5017434;{"debitId":18264389,"creditId":18264390};13/07/2018 18:11:16
br_curitiba;c22b81c1bb42ede214d9dd1520d3b9b0;92138020991;22,87;cabify_recarga_normal_2018_07_13_input.csv;True;5017709;{"debitId":18264545,"creditId":18264546};13/07/2018 18:11:16
br_curitiba;157b42f3a1a488aec4798fcddabb657f;18592520959;158,09;cabify_recarga_normal_2018_07_13_input.csv;True;5017658;{"debitId":18263824,"creditId":18263825};13/07/2018 18:11:16
br_curitiba;21bcdda4b7cf9c9c2c002abe9d03d332;04100599943;40,14;cabify_recarga_normal_2018_07_13_input.csv;True;5017439;{"debitId":18264413,"creditId":18264414};13/07/2018 18:11:16
br_curitiba;cedc359fc092b03aaf937e7bf493d4f5;00585625913;55,90;cabify_recarga_normal_2018_07_13_input.csv;True;4791135;{"debitId":18264004,"creditId":18264005};13/07/2018 18:11:16
br_curitiba;181d5f4f84e37fcd3e35bbbd70b3b89e;68678029900;6,58;cabify_recarga_normal_2018_07_13_input.csv;True;5017665;{"debitId":18264501,"creditId":18264503};13/07/2018 18:11:16
br_curitiba;98cf25d4e6cddba26ced4c38bbce08bd;01177261685;100,16;cabify_recarga_normal_2018_07_13_input.csv;True;4791134;{"debitId":18263981,"creditId":18263984};13/07/2018 18:11:16
br_curitiba;cedc359fc092b03aaf937e7bf499c5ed;04252116902;78,63;cabify_recarga_normal_2018_07_13_input.csv;True;4791324;{"debitId":18264050,"creditId":18264054};13/07/2018 18:11:16
br_curitiba;98817f59c5db894c9e7b16aac041b1f6;05800574960;6,92;cabify_recarga_normal_2018_07_13_input.csv;True;4791160;{"debitId":18264150,"creditId":18264151};13/07/2018 18:11:16
br_curitiba;cedc359fc092b03aaf937e7bf4928178;07680514950;26,40;cabify_recarga_normal_2018_07_13_input.csv;True;5017518;{"debitId":18264148,"creditId":18264149};13/07/2018 18:11:16
br_curitiba;32addf2922229e9c62341796bc999564;45693951987;37,14;cabify_recarga_normal_2018_07_13_input.csv;True;5017609;{"debitId":18263903,"creditId":18263904};13/07/2018 18:11:16
br_curitiba;d5e7298451503f17896cb896a15fb397;03536761950;77,38;cabify_recarga_normal_2018_07_13_input.csv;True;5017540;{"debitId":18264497,"creditId":18264500};13/07/2018 18:11:16
br_curitiba;620f03528cbb5f061f15d5d1f4426a81;65356144920;262,36;cabify_recarga_normal_2018_07_13_input.csv;True;4791276;{"debitId":18264264,"creditId":18264266};13/07/2018 18:11:16
br_curitiba;c55f0380554ba572d2041e26903d1b93;00336766904;24,60;cabify_recarga_normal_2018_07_13_input.csv;True;5017639;{"debitId":18263843,"creditId":18263845};13/07/2018 18:11:16
br_curitiba;68fb651cc73fcffc024fc5471044d8cd;09001908926;111,36;cabify_recarga_normal_2018_07_13_input.csv;True;5017506;{"debitId":18263852,"creditId":18263855};13/07/2018 18:11:16
br_curitiba;2358ead189555a1e5907e36507052ec6;01487987994;19,81;cabify_recarga_normal_2018_07_13_input.csv;True;4791313;{"debitId":18263837,"creditId":18263840};13/07/2018 18:11:16
br_curitiba;68fb651cc73fcffc024fc547104526cb;07643013900;36,43;cabify_recarga_normal_2018_07_13_input.csv;True;5017478;{"debitId":18264141,"creditId":18264145};13/07/2018 18:11:16
br_curitiba;9c44238e231a5358eb2f22b10809cc56;05197158611;16,69;cabify_recarga_normal_2018_07_13_input.csv;True;5017471;{"debitId":18264082,"creditId":18264083};13/07/2018 18:11:16
br_curitiba;c55f0380554ba572d2041e26903ccf6a;32291263862;46,46;cabify_recarga_normal_2018_07_13_input.csv;True;5017677;{"debitId":18264178,"creditId":18264180};13/07/2018 18:11:16
br_curitiba;98cf25d4e6cddba26ced4c38bbc8e099;93487797968;79,64;cabify_recarga_normal_2018_07_13_input.csv;True;4791148;{"debitId":18264102,"creditId":18264103};13/07/2018 18:11:16
br_curitiba;76e5edff417c5870d713d499a8d78954;04205942990;6,80;cabify_recarga_normal_2018_07_13_input.csv;True;5017670;{"debitId":18263997,"creditId":18263998};13/07/2018 18:11:16
br_curitiba;be16f29316434c859267a5ea19d92555;03457092923;33,28;cabify_recarga_normal_2018_07_13_input.csv;True;5017704;{"debitId":18264520,"creditId":18264521};13/07/2018 18:11:16
br_curitiba;2358ead189555a1e5907e3650702ad9d;01474394779;50,93;cabify_recarga_normal_2018_07_13_input.csv;True;4791328;{"debitId":18264078,"creditId":18264079};13/07/2018 18:11:16
br_curitiba;c55f0380554ba572d2041e26903d2ba6;04996081945;36,07;cabify_recarga_normal_2018_07_13_input.csv;True;5017645;{"debitId":18264308,"creditId":18264309};13/07/2018 18:11:16
br_curitiba;47ab26f394675157542bd72422512514;05043510609;231,32;cabify_recarga_normal_2018_07_13_input.csv;True;4791200;{"debitId":18264350,"creditId":18264353};13/07/2018 18:11:16
br_curitiba;6a0cab23de08a28d1cab12480583280f;09199222957;30,72;cabify_recarga_normal_2018_07_13_input.csv;True;5017593;{"debitId":18264404,"creditId":18264405};13/07/2018 18:11:16
br_curitiba;3487c6f2752e75dad7ba57febac253cf;62845616953;35,41;cabify_recarga_normal_2018_07_13_input.csv;True;4791128;{"debitId":18263889,"creditId":18263892};13/07/2018 18:11:16
br_curitiba;c55f0380554ba572d2041e26903cb2c8;05337483994;155,83;cabify_recarga_normal_2018_07_13_input.csv;True;4791175;{"debitId":18264240,"creditId":18264241};13/07/2018 18:11:16
br_curitiba;98cf25d4e6cddba26ced4c38bbcf3df1;02132891990;7,04;cabify_recarga_normal_2018_07_13_input.csv;True;4791142;{"debitId":18264039,"creditId":18264047};13/07/2018 18:11:16
br_curitiba;3487c6f2752e75dad7ba57febac3e0e7;55295452972;53,52;cabify_recarga_normal_2018_07_13_input.csv;True;4791144;{"debitId":18264097,"creditId":18264098};13/07/2018 18:11:16
br_curitiba;32addf2922229e9c62341796bc9aa934;92480128091;13,28;cabify_recarga_normal_2018_07_13_input.csv;True;5017603;{"debitId":18264466,"creditId":18264467};13/07/2018 18:11:16
br_curitiba;476c55c99e1c52e20705ac90695096bc;02757194992;11,25;cabify_recarga_normal_2018_07_13_input.csv;True;5017642;{"debitId":18264287,"creditId":18264288};13/07/2018 18:11:16
br_curitiba;752844faffa4a6d899f82c3a29abdc46;03103947917;33,67;cabify_recarga_normal_2018_07_13_input.csv;True;5017423;{"debitId":18264283,"creditId":18264284};13/07/2018 18:11:16
br_curitiba;55ba90367e2ce84359582e5f592616c0;00196595207;49,68;cabify_recarga_normal_2018_07_13_input.csv;True;4791292;{"debitId":18264323,"creditId":18264324};13/07/2018 18:11:16
br_curitiba;ca02e22be856d4ef5890c8054c486d99;07743434940;138,09;cabify_recarga_normal_2018_07_13_input.csv;True;4791182;{"debitId":18264274,"creditId":18264276};13/07/2018 18:11:16
br_curitiba;ef8ef8604470bc9070249a96315c076b;04146355907;18,71;cabify_recarga_normal_2018_07_13_input.csv;True;5017427;{"debitId":18264330,"creditId":18264331};13/07/2018 18:11:16
br_curitiba;157b42f3a1a488aec4798fcddabba0d1;01856795950;63,19;cabify_recarga_normal_2018_07_13_input.csv;True;5017669;{"debitId":18263937,"creditId":18263938};13/07/2018 18:11:16
br_curitiba;6f439d1b532014c8bfa34833ccfd7a4e;31449416896;19,84;cabify_recarga_normal_2018_07_13_input.csv;True;5017499;{"debitId":18264423,"creditId":18264425};13/07/2018 18:11:16
br_curitiba;752844faffa4a6d899f82c3a29c3197f;06420504902;8,42;cabify_recarga_normal_2018_07_13_input.csv;True;4791241;{"debitId":18264031,"creditId":18264034};13/07/2018 18:11:16
br_curitiba;6a0cab23de08a28d1cab12480582eafb;03852855900;167,72;cabify_recarga_normal_2018_07_13_input.csv;True;5017587;{"debitId":18264385,"creditId":18264386};13/07/2018 18:11:16
br_curitiba;98817f59c5db894c9e7b16aac043742f;95181342000;48,69;cabify_recarga_normal_2018_07_13_input.csv;True;5017550;{"debitId":18264539,"creditId":18264540};13/07/2018 18:11:16
br_curitiba;752844faffa4a6d899f82c3a29b846de;02431214907;40,65;cabify_recarga_normal_2018_07_13_input.csv;True;5017601;{"debitId":18264458,"creditId":18264461};13/07/2018 18:11:16
br_curitiba;6417bb411e17f7879df09d0e0297559b;62454692953;62,21;cabify_recarga_normal_2018_07_13_input.csv;True;4791212;{"debitId":18263921,"creditId":18263924};13/07/2018 18:11:16
br_curitiba;fd9fc72e5801d579449bd9b12d58d513;31879250144;226,10;cabify_recarga_normal_2018_07_13_input.csv;True;4791303;{"debitId":18263536,"creditId":18263537};13/07/2018 18:11:16
