RegionID;CompanyID;DriverNationalIdNum;CostLocal
br_curitiba;6a0cab23de08a28d1cab12480582eafb;03852855900; 167,72 
br_curitiba;6a0cab23de08a28d1cab12480583280f;09199222957; 30,72 
br_curitiba;2358ead189555a1e5907e36507052ec6;01487987994; 19,81 
br_curitiba;476c55c99e1c52e20705ac90695100cf;03934498906; 33,94 
br_curitiba;6417bb411e17f7879df09d0e0295c7cd;09367714459; 39,67 
br_curitiba;9c44238e231a5358eb2f22b10809cc56;05197158611; 16,69 
br_curitiba;55ba90367e2ce84359582e5f592616c0;00196595207; 49,68 
br_curitiba;47e22bf4e97295e9bb96cd927b794bee;28450906920; 28,40 
br_curitiba;2358ead189555a1e5907e3650702ad9d;01474394779; 50,93 
br_curitiba;f57eaddd92f1ec6b38302ddd63825a9f;92196187968; 63,06 
br_curitiba;916fca93e77945b29cef8bdd02bc22ef;40522377904; 145,44 
br_curitiba;0a0377a438eacec36b2268896fc52b5c;06355274995; 83,60 
br_curitiba;9c44238e231a5358eb2f22b1080bf12b;04172556914; 95,31 
br_curitiba;47e22bf4e97295e9bb96cd927b75ab2d;04409232983; 58,27 
br_curitiba;3487c6f2752e75dad7ba57febabf9566;04394791936; 9,49 
br_curitiba;9d402f97712ea702d8f4d61188e1d0c9;05361579955; 16,70 
br_curitiba;32addf2922229e9c62341796bc999564;45693951987; 37,14 
br_curitiba;98817f59c5db894c9e7b16aac041b1f6;05800574960; 6,92 
br_curitiba;0c64e3d0dceec9ed5ff4869d1780ec6d;09530824904; 21,44 
br_curitiba;752844faffa4a6d899f82c3a29a80253;05844335902; 52,94 
br_curitiba;3487c6f2752e75dad7ba57febac3e0e7;55295452972; 53,52 
br_curitiba;a04a257a84d488c56fa7ea03081677c0;05501212935; 12,02 
br_curitiba;2bfe5fe24da51ce2b32598a9a44512ac;42684884803; 37,02 
br_curitiba;a94ebedee3b45c4297d121e8c30eb713;46863974991; 13,92 
br_curitiba;752844faffa4a6d899f82c3a29b04d45;42102171825; 78,59 
br_curitiba;84d6ef3bce9a5c31516cacbfe270c269;01162133961; 5,27 
br_curitiba;476c55c99e1c52e20705ac906951d31d;55295452972; 14,31 
br_curitiba;d5e7298451503f17896cb896a160435f;02582701955; 18,67 
br_curitiba;6f439d1b532014c8bfa34833ccfc603a;02607452945; 61,57 
br_curitiba;476c55c99e1c52e20705ac90694f2306;66110580015; 55,46 
br_curitiba;68fb651cc73fcffc024fc547104526cb;07643013900; 36,43 
br_curitiba;3487c6f2752e75dad7ba57febac253cf;62845616953; 35,41 
br_curitiba;cedc359fc092b03aaf937e7bf493d4f5;00585625913; 55,90 
br_curitiba;cedc359fc092b03aaf937e7bf499c5ed;04252116902; 78,63 
br_curitiba;752844faffa4a6d899f82c3a29b846de;02431214907; 40,65 
br_curitiba;620f03528cbb5f061f15d5d1f4426a81;65356144920; 262,36 
br_curitiba;1fbb9b31e029437feb46193a52ff6cc9;67220592949; 76,28 
br_curitiba;21bcdda4b7cf9c9c2c002abe9d070f82;00489932983; 50,72 
br_curitiba;7410c775d21dd8e7ff65345754d7bfb0;06696773967; 101,11 
br_curitiba;84d6ef3bce9a5c31516cacbfe2705633;25346172904; 287,94 
br_curitiba;7410c775d21dd8e7ff65345754d7a904;56000308949; 39,64 
br_curitiba;c55f0380554ba572d2041e26903d1b93;00336766904; 24,60 
br_curitiba;9c44238e231a5358eb2f22b108099f78;03013893907; 61,00 
br_curitiba;3487c6f2752e75dad7ba57febac99ef8;02259792928; 88,50 
br_curitiba;9973249e31bfce6ba08d66246b5073ce;05620524965; 36,68 
br_curitiba;84d6ef3bce9a5c31516cacbfe270dbf6;03139502966; 134,72 
br_curitiba;752844faffa4a6d899f82c3a29abdc46;03103947917; 33,67 
br_curitiba;752844faffa4a6d899f82c3a29c2b6a9;08528379922; 4,50 
br_curitiba;cbff527cfc639055cbf59ab3e6fd16c0;01031908137; 11,20 
br_curitiba;476c55c99e1c52e20705ac9069529452;01426766084; 51,20 
br_curitiba;d5f04aeafc4aaa5f0e50c83e89a25938;07680514950; 37,25 
br_curitiba;c55f0380554ba572d2041e26903e290d;05855135977; 9,61 
br_curitiba;752844faffa4a6d899f82c3a29ac22de;08654904739; 97,74 
br_curitiba;cedc359fc092b03aaf937e7bf4928178;07680514950; 26,40 
br_curitiba;21bcdda4b7cf9c9c2c002abe9d05059f;08100057869; 19,86 
br_curitiba;47e22bf4e97295e9bb96cd927b7a46ac;01031908137; 32,93 
br_curitiba;cfc6380324277bf7268f0f2e8f3fb6e5;01031908137; 32,77 
br_curitiba;7344c1db5770b2aae296b442033476c8;20095384987; 18,35 
br_curitiba;6f439d1b532014c8bfa34833ccfd7a4e;31449416896; 19,84 
br_curitiba;84d6ef3bce9a5c31516cacbfe26eda14;04325097988; 27,81 
br_curitiba;35fd1d6de4280ed53ea93ddb078870ab;05026053912; 13,03 
br_curitiba;be16f29316434c859267a5ea19d92555;03457092923; 33,28 
br_curitiba;32addf2922229e9c62341796bc9aa934;92480128091; 13,28 
br_curitiba;a33524db6ef6770f37da9eacbf26c440;84188464968; 33,54 
br_curitiba;98cf25d4e6cddba26ced4c38bbce08bd;01177261685; 100,16 
br_curitiba;ca02e22be856d4ef5890c8054c486d99;07743434940; 138,09 
br_curitiba;68fb651cc73fcffc024fc5471044d8cd;09001908926; 111,36 
br_curitiba;1fbb9b31e029437feb46193a52ff393e;09079673960; 6,11 
br_curitiba;1fbb9b31e029437feb46193a52feebb9;30819275875; 7,65 
br_curitiba;21bcdda4b7cf9c9c2c002abe9d08872d;01003758983; 32,56 
br_curitiba;7344c1db5770b2aae296b4420333a07b;10093861907; 48,03 
br_curitiba;476c55c99e1c52e20705ac90695223c6;01429443430; 17,94 
br_curitiba;76e5edff417c5870d713d499a8d78954;04205942990; 6,80 
br_curitiba;af22938f4d8fcac7590cdbd0022637ef;63931052915; 37,46 
br_curitiba;6a0cab23de08a28d1cab124805834172;95549722968; 15,01 
br_curitiba;32addf2922229e9c62341796bc9bdcbf;01819661580; 30,80 
br_curitiba;21bcdda4b7cf9c9c2c002abe9d07fb5b;07866691959; 10,07 
br_curitiba;cfc6380324277bf7268f0f2e8f3c9b00;04751056999; 55,47 
br_curitiba;0a0377a438eacec36b2268896fc56486;18462469899; 20,67 
br_curitiba;412e5e8f318a974f9624431485507dde;05503600932; 12,64 
br_curitiba;476c55c99e1c52e20705ac90695096bc;02757194992; 11,25 
br_curitiba;98cf25d4e6cddba26ced4c38bbc8e099;93487797968; 79,64 
br_curitiba;84d6ef3bce9a5c31516cacbfe2709cad;06839838900; 40,22 
br_curitiba;47e22bf4e97295e9bb96cd927b7d9bb4;61122610904; 26,91 
br_curitiba;76e5edff417c5870d713d499a81e7379;06458386915; 71,87 
br_curitiba;ce5a6752e46d8035c28535a0639bbfa3;98067842787; 24,83 
br_curitiba;8225b11ef148606cb26f12ad6e6ef5ee;05312504823; 11,56 
br_curitiba;c55f0380554ba572d2041e26903d2ba6;04996081945; 36,07 
br_curitiba;a33524db6ef6770f37da9eacbf28d799;06436236988; 29,52 
br_curitiba;c55f0380554ba572d2041e26903ccf6a;32291263862; 46,46 
br_curitiba;76e5edff417c5870d713d499a8db5940;87246104968; 14,53 
br_curitiba;fd9fc72e5801d579449bd9b12d58d513;31879250144; 226,10 
br_curitiba;55ba90367e2ce84359582e5f5918562e;06253080938; 112,71 
br_curitiba;47ab26f394675157542bd72422512514;05043510609; 231,32 
br_curitiba;84d6ef3bce9a5c31516cacbfe2ef6918;01593962983; 12,77 
br_curitiba;68fb651cc73fcffc024fc5471044c996;01980534950; 37,53 
br_curitiba;c22b81c1bb42ede214d9dd1520d3b9b0;92138020991; 22,87 
br_curitiba;c55f0380554ba572d2041e26903cb2c8;05337483994; 155,83 
br_curitiba;ef8ef8604470bc9070249a96315c076b;04146355907; 18,71 
br_curitiba;7344c1db5770b2aae296b442032e76e5;45609217920; 16,44 
br_curitiba;76e5edff417c5870d713d499a816f1c8;00955919908; 5,56 
br_curitiba;47e22bf4e97295e9bb96cd927b782c96;98048600900; 25,14 
br_curitiba;862431a70bd8b58be0e4599ca133a663;32860690867; 112,55 
br_curitiba;98cf25d4e6cddba26ced4c38bbcf3df1;02132891990; 7,04 
br_curitiba;a41d8afe439b0c733cec59893f0735fc;03523854997; 25,52 
br_curitiba;181d5f4f84e37fcd3e35bbbd70b3b89e;68678029900; 6,58 
br_curitiba;d5e7298451503f17896cb896a15fb397;03536761950; 77,38 
br_curitiba;c55f0380554ba572d2041e26903dbf43;00364556951; 70,23 
br_curitiba;2aeeeed5c8e0e9eacb195bffbb951032;06011878903; 72,97 
br_curitiba;55ba90367e2ce84359582e5f590c56b9;06140681936; 36,29 
br_curitiba;98817f59c5db894c9e7b16aac043742f;95181342000; 48,69 
br_curitiba;6f439d1b532014c8bfa34833ccfcfbfb;04461467732; 10,72 
br_curitiba;98cf25d4e6cddba26ced4c38bbc902a1;38566311949; 64,47 
br_curitiba;55ba90367e2ce84359582e5f59122691;09730148902; 5,90 
br_curitiba;ca02e22be856d4ef5890c8054c41a294;87246880968; 25,83 
br_curitiba;ca02e22be856d4ef5890c8054c409a35;08129341484; 72,46 
br_curitiba;181d5f4f84e37fcd3e35bbbd70acfcb9;98790889134; 115,65 
br_curitiba;68fb651cc73fcffc024fc547104583cf;06580967960; 69,96 
br_curitiba;ab849226bc0f90e82f220ab8868a98f6;96001470863; 104,57 
br_curitiba;2323ebca8cd71a15f4018cd3c5b0130f;75835150920; 38,29 
br_curitiba;1fbb9b31e029437feb46193a52ff2f72;02045342913; 22,00 
br_curitiba;21bcdda4b7cf9c9c2c002abe9d099ca3;02954977930; 248,71 
br_curitiba;84d6ef3bce9a5c31516cacbfe2efbda1;03006810970; 34,95 
br_curitiba;21bcdda4b7cf9c9c2c002abe9d082820;01623286050; 6,06 
br_curitiba;2bfe5fe24da51ce2b32598a9a4458933;20510564801; 18,31 
br_curitiba;84d6ef3bce9a5c31516cacbfe27115f2;72487445904; 67,09 
br_curitiba;157b42f3a1a488aec4798fcddabb657f;18592520959; 158,09 
br_curitiba;266d20595b5c6cec09abb8f97004cd26;18555837987; 307,69 
br_curitiba;21bcdda4b7cf9c9c2c002abe9d03d332;04100599943; 40,14 
br_curitiba;ab849226bc0f90e82f220ab8868a20c4;05122788650; 21,21 
br_curitiba;6a5e670bff4573ea42a23f52995cae3f;03788811919; 15,10 
br_curitiba;7410c775d21dd8e7ff65345754d61f91;06840323927; 42,18 
br_curitiba;cedc359fc092b03aaf937e7bf48e32d3;03053018969; 170,46 
br_curitiba;752844faffa4a6d899f82c3a29c3197f;06420504902; 8,42 
br_curitiba;593b161f70cb1e9e6990e9cacc5a5761;02387942965; 33,39 
br_curitiba;2323ebca8cd71a15f4018cd3c5b0261c;04245477911; 28,98 
br_curitiba;157b42f3a1a488aec4798fcddabba0d1;01856795950; 63,19 
br_curitiba;be16f29316434c859267a5ea19dd01d6;37429051987; 53,42 
br_curitiba;752844faffa4a6d899f82c3a29b960b5;16264311839; 50,90 
br_curitiba;03f3c16bf9536e012fe05a81b5efc812;08787799901; 54,45 
br_curitiba;c55f0380554ba572d2041e26903e6fef;00958408939; 35,49 
br_curitiba;6417bb411e17f7879df09d0e0297559b;62454692953; 62,21 
br_curitiba;47e22bf4e97295e9bb96cd927b7f6c93;05186898910; 82,92 
br_curitiba;6a5e670bff4573ea42a23f52995cc99f;03084494959; 6,70 
br_curitiba;76e5edff417c5870d713d499a820fcb8;51906953953; 23,65 
br_curitiba;c55f0380554ba572d2041e26903dbb4c;22058010906; 26,40 
br_santos;33072f67030ec131117b07586cdbe4f7;39261578870; 6,91 
br_santos;d0144a467eaa30a5bd8505ac42258f8f;32543729801; 41,76 
