{
  "configuration": {
    "TrackingCodePrefixBegin": "HUB",
    "TrackingCodePrefixEnd": "BR",
    "OriginWareHouse": "HubCard",
    "Invoicekey": "1111111111111111111111111111111111111111111",
    "InvoiceTotalValue": 10.00,
    "CardWeight": 0.03,
    "connectionStrings": {
      "BiroRead": "Persist Security Info=False;Initial Catalog=biro_new;Data Source=172.22.121.165,16000;User ID=usr_biro_new;Password=mudar@123;MultipleActiveResultSets=True;Connect Timeout=20000; application name=sustain;",
      "BiroProd": "Persist Security Info=False;Initial Catalog=biro_new;Data Source=172.22.121.165,16000;User ID=usr_biro_new;Password=mudar@123;MultipleActiveResultSets=True;Connect Timeout=20000; application name=sustain;",
      "ProcesadoraRead": "Persist Security Info=False;Initial Catalog=processadora;Data Source=172.40.40.3,16000;User ID=u101796;Password=Somenteeusei99;MultipleActiveResultSets=True;Connect Timeout=20000; application name=sustain;"
    }
  }
}
