Region ID;Company ID;Driver National Id Num;Cost Local
br_curitiba;98cf25d4e6cddba26ced4c38bbc90d28;03810442976;15,85
br_curitiba;cedc359fc092b03aaf937e7bf4905600;03420909926;5,34
br_curitiba;f57eaddd92f1ec6b38302ddd637b5867;00916274942;9,76
br_curitiba;3487c6f2752e75dad7ba57febacad8b3;03075936146;59,11
br_curitiba;916fca93e77945b29cef8bdd02bc22ef;40522377904;94,16
br_curitiba;98817f59c5db894c9e7b16aac041b1f6;05800574960;21,24
br_curitiba;ca02e22be856d4ef5890c8054c47e65b;03585860900;15,18
br_curitiba;412e5e8f318a974f962443148550f320;06662076902;60,84
br_curitiba;84d6ef3bce9a5c31516cacbfe2705633;25346172904;164,57
br_curitiba;be16f29316434c859267a5ea19e0a013;05494933954;35,18
br_curitiba;752844faffa4a6d899f82c3a29b846de;02431214907;47,61
