RegionId;CompanyId;Cpf;VlRecarga;NomeArquivo;Recharge;CardId;DescricaoProcessamento;DataRecarga
br_curitiba;752844faffa4a6d899f82c3a29c2b6a9;08528379922;14,95;cabify_recarga_correcao_2018-06-19_input.csv;True;4791247;{"debitId":15663895,"creditId":15663897};19/06/2018 16:42:23
br_curitiba;0a0377a438eacec36b2268896fc52b5c;06355274995;15,82;cabify_recarga_correcao_2018-06-19_input.csv;True;5017633;{"debitId":15663950,"creditId":15663951};19/06/2018 16:42:23
br_curitiba;916fca93e77945b29cef8bdd02bc22ef;40522377904;110,99;cabify_recarga_correcao_2018-06-19_input.csv;True;5017590;{"debitId":15663915,"creditId":15663916};19/06/2018 16:42:23
br_curitiba;ca02e22be856d4ef5890c8054c486d99;07743434940;2,78;cabify_recarga_correcao_2018-06-19_input.csv;True;4791182;{"debitId":15663929,"creditId":15663930};19/06/2018 16:42:23
br_curitiba;f57eaddd92f1ec6b38302ddd637712ff;01312270683;59,10;cabify_recarga_correcao_2018-06-19_input.csv;True;4791215;{"debitId":15663852,"creditId":15663855};19/06/2018 16:42:23
br_curitiba;fd9fc72e5801d579449bd9b12d60b62f;04465980973;10,69;cabify_recarga_correcao_2018-06-19_input.csv;True;5017698;{"debitId":15663919,"creditId":15663922};19/06/2018 16:42:23
br_curitiba;32addf2922229e9c62341796bc9bdcbf;01819661580;26,31;cabify_recarga_correcao_2018-06-19_input.csv;True;5017619;{"debitId":15663946,"creditId":15663947};19/06/2018 16:42:23
br_curitiba;3487c6f2752e75dad7ba57febac32a2f;03701126879;9,39;cabify_recarga_correcao_2018-06-19_input.csv;True;4791322;{"debitId":15663891,"creditId":15663892};19/06/2018 16:42:23
br_curitiba;cedc359fc092b03aaf937e7bf499c5ed;04252116902;35,50;cabify_recarga_correcao_2018-06-19_input.csv;True;4791324;{"debitId":15663903,"creditId":15663904};19/06/2018 16:42:23
br_curitiba;752844faffa4a6d899f82c3a29b846de;02431214907;10,47;cabify_recarga_correcao_2018-06-19_input.csv;True;5017601;{"debitId":15663934,"creditId":15663935};19/06/2018 16:42:23
br_santos;33072f67030ec131117b07586cdbe4f7;39261578870;41,76;cabify_recarga_correcao_2018-06-19_input.csv;True;4815791;{"debitId":15663931,"creditId":15663932};19/06/2018 16:42:23
br_curitiba;a94ebedee3b45c4297d121e8c30eb713;46863974991;15,41;cabify_recarga_correcao_2018-06-19_input.csv;True;4791167;{"debitId":15663909,"creditId":15663910};19/06/2018 16:42:23
br_curitiba;ab849226bc0f90e82f220ab8868a20c4;05122788650;27,00;cabify_recarga_correcao_2018-06-19_input.csv;True;4791129;{"debitId":15663907,"creditId":15663908};19/06/2018 16:42:23
br_curitiba;6417bb411e17f7879df09d0e0295c7cd;09367714459;46,52;cabify_recarga_correcao_2018-06-19_input.csv;True;4791214;{"debitId":15663943,"creditId":15663944};19/06/2018 16:42:23
br_curitiba;3487c6f2752e75dad7ba57febabfa88a;02567304908;26,15;cabify_recarga_correcao_2018-06-19_input.csv;True;4791143;{"debitId":15663883,"creditId":15663886};19/06/2018 16:42:23
br_curitiba;7344c1db5770b2aae296b4420333a07b;10093861907;88,68;cabify_recarga_correcao_2018-06-19_input.csv;True;4791299;{"debitId":15663936,"creditId":15663937};19/06/2018 16:42:23
br_curitiba;f57eaddd92f1ec6b38302ddd6378ef62;05334784802;25,31;cabify_recarga_correcao_2018-06-19_input.csv;True;4791218;{"debitId":15663913,"creditId":15663914};19/06/2018 16:42:23
br_curitiba;8225b11ef148606cb26f12ad6e6fbc8e;63217686934;14,49;cabify_recarga_correcao_2018-06-19_input.csv;True;4791255;{"debitId":15663868,"creditId":15663876};19/06/2018 16:42:23
br_curitiba;84d6ef3bce9a5c31516cacbfe270c269;01640349944;6,27;cabify_recarga_correcao_2018-06-19_input.csv;True;5017481;{"debitId":15663905,"creditId":15663906};19/06/2018 16:42:23
br_curitiba;3487c6f2752e75dad7ba57febac253cf;62845616953;38,45;cabify_recarga_correcao_2018-06-19_input.csv;True;4791128;{"debitId":15663865,"creditId":15663866};19/06/2018 16:42:23
br_curitiba;752844faffa4a6d899f82c3a29abdc46;03103947917;8,56;cabify_recarga_correcao_2018-06-19_input.csv;True;5017423;{"debitId":15663901,"creditId":15663902};19/06/2018 16:42:23
br_curitiba;98cf25d4e6cddba26ced4c38bbce08bd;01177261685;24,71;cabify_recarga_correcao_2018-06-19_input.csv;True;4791134;{"debitId":15663925,"creditId":15663926};19/06/2018 16:42:23
