RegionId;CompanyId;Cpf;VlRecarga;NomeArquivo;Recharge;CardId;DescricaoProcessamento;DataRecarga
br_curitiba;cedc359fc092b03aaf937e7bf48e32d3;03053018969;75,64;cabify_recarga_normal_2018-07-16_input.csv;True;4791257;{"debitId":18658535,"creditId":18658539};16/07/2018 18:08:02
br_curitiba;ac8a61e33ee831f1cf08dc777a938fdf;01008313971;21,18;cabify_recarga_normal_2018-07-16_input.csv;True;5017436;{"debitId":18658834,"creditId":18658836};16/07/2018 18:08:02
br_curitiba;ca02e22be856d4ef5890c8054c41a294;87246880968;63,64;cabify_recarga_normal_2018-07-16_input.csv;True;4791228;{"debitId":18658041,"creditId":18658042};16/07/2018 18:08:02
br_curitiba;2bfe5fe24da51ce2b32598a9a4458933;20510564801;25,14;cabify_recarga_normal_2018-07-16_input.csv;True;5017545;{"debitId":18658947,"creditId":18658949};16/07/2018 18:08:02
br_curitiba;98cf25d4e6cddba26ced4c38bbc8e099;93487797968;23,59;cabify_recarga_normal_2018-07-16_input.csv;True;4791148;{"debitId":18658470,"creditId":18658471};16/07/2018 18:08:02
br_curitiba;c55f0380554ba572d2041e26903cb2c8;81308574991;117,91;cabify_recarga_normal_2018-07-16_input.csv;True;5017438;{"debitId":18658845,"creditId":18658846};16/07/2018 18:08:02
br_curitiba;21bcdda4b7cf9c9c2c002abe9d0722cc;04654701907;4,50;cabify_recarga_normal_2018-07-16_input.csv;True;5017524;{"debitId":18658682,"creditId":18658683};16/07/2018 18:08:02
br_curitiba;ab849226bc0f90e82f220ab8868a20c4;05122788650;53,43;cabify_recarga_normal_2018-07-16_input.csv;True;4791129;{"debitId":18658398,"creditId":18658403};16/07/2018 18:08:02
br_curitiba;2bfe5fe24da51ce2b32598a9a44512ac;42684884803;19,64;cabify_recarga_normal_2018-07-16_input.csv;True;5017546;{"debitId":18658961,"creditId":18658965};16/07/2018 18:08:02
br_curitiba;98cf25d4e6cddba26ced4c38bbce08bd;01177261685;60,59;cabify_recarga_normal_2018-07-16_input.csv;True;4791134;{"debitId":18658176,"creditId":18658179};16/07/2018 18:08:02
br_curitiba;ab849226bc0f90e82f220ab8868a98f6;96001470863;48,13;cabify_recarga_normal_2018-07-16_input.csv;True;4791133;{"debitId":18658127,"creditId":18658128};16/07/2018 18:08:02
br_curitiba;c55f0380554ba572d2041e26903d0868;02651054984;13,11;cabify_recarga_normal_2018-07-16_input.csv;True;5017641;{"debitId":18658747,"creditId":18658749};16/07/2018 18:08:02
br_curitiba;ce75b3dc427d07bc13fafe671c2322ae;07098403903;13,78;cabify_recarga_normal_2018-07-16_input.csv;True;5420711;{"debitId":18658391,"creditId":18658394};16/07/2018 18:08:02
br_curitiba;752844faffa4a6d899f82c3a29b04d45;42102171825;45,19;cabify_recarga_normal_2018-07-16_input.csv;True;4791267;{"debitId":18658684,"creditId":18658687};16/07/2018 18:08:02
br_curitiba;2bfe5fe24da51ce2b32598a9a445a77d;72481668987;57,55;cabify_recarga_normal_2018-07-16_input.csv;True;5017542;{"debitId":18658941,"creditId":18658942};16/07/2018 18:08:02
br_curitiba;55ba90367e2ce84359582e5f5918562e;06253080938;61,45;cabify_recarga_normal_2018-07-16_input.csv;True;4791266;{"debitId":18658657,"creditId":18658659};16/07/2018 18:08:02
br_curitiba;cedc359fc092b03aaf937e7bf48dd423;16338366739;15,23;cabify_recarga_normal_2018-07-16_input.csv;True;4791145;{"debitId":18658462,"creditId":18658463};16/07/2018 18:08:02
br_curitiba;0a0377a438eacec36b2268896fc56486;18462469899;112,31;cabify_recarga_normal_2018-07-16_input.csv;True;5017667;{"debitId":18658353,"creditId":18658358};16/07/2018 18:08:02
br_curitiba;84d6ef3bce9a5c31516cacbfe27115f2;72487445904;26,14;cabify_recarga_normal_2018-07-16_input.csv;True;5017480;{"debitId":18658672,"creditId":18658673};16/07/2018 18:08:02
br_curitiba;7410c775d21dd8e7ff65345754d61f91;06840323927;4,50;cabify_recarga_normal_2018-07-16_input.csv;True;5017447;{"debitId":18658889,"creditId":18658893};16/07/2018 18:08:02
br_curitiba;32addf2922229e9c62341796bc9bdcbf;01819661580;49,15;cabify_recarga_normal_2018-07-16_input.csv;True;5017619;{"debitId":18658454,"creditId":18658455};16/07/2018 18:08:02
br_curitiba;21bcdda4b7cf9c9c2c002abe9d07fb5b;07866691959;9,38;cabify_recarga_normal_2018-07-16_input.csv;True;5017714;{"debitId":18658972,"creditId":18658973};16/07/2018 18:08:02
br_curitiba;76e5edff417c5870d713d499a820fcb8;51906953953;8,34;cabify_recarga_normal_2018-07-16_input.csv;True;5017671;{"debitId":18658459,"creditId":18658461};16/07/2018 18:08:02
br_curitiba;d4956cc8e637dffbc124033f058d1c4c;03990058975;16,28;cabify_recarga_normal_2018-07-16_input.csv;True;5017520;{"debitId":18658528,"creditId":18658530};16/07/2018 18:08:02
br_curitiba;752844faffa4a6d899f82c3a29b846de;02431214907;5,52;cabify_recarga_normal_2018-07-16_input.csv;True;5017601;{"debitId":18658894,"creditId":18658895};16/07/2018 18:08:02
br_curitiba;b50051705e21b7109b6d3fdab7a385ae;05550605864;14,59;cabify_recarga_normal_2018-07-16_input.csv;True;4791242;{"debitId":18658420,"creditId":18658421};16/07/2018 18:08:02
br_curitiba;2323ebca8cd71a15f4018cd3c5b0130f;75835150920;43,91;cabify_recarga_normal_2018-07-16_input.csv;True;5017594;{"debitId":18658868,"creditId":18658869};16/07/2018 18:08:02
br_curitiba;a41d8afe439b0c733cec59893f0735fc;03523854997;19,32;cabify_recarga_normal_2018-07-16_input.csv;True;4791152;{"debitId":18658490,"creditId":18658495};16/07/2018 18:08:02
br_curitiba;be16f29316434c859267a5ea19d92555;03457092923;21,00;cabify_recarga_normal_2018-07-16_input.csv;True;5017704;{"debitId":18658952,"creditId":18658957};16/07/2018 18:08:02
br_curitiba;2323ebca8cd71a15f4018cd3c5afa839;07856919957;10,49;cabify_recarga_normal_2018-07-16_input.csv;True;5017585;{"debitId":18658791,"creditId":18658792};16/07/2018 18:08:02
br_curitiba;d5e7298451503f17896cb896a160435f;02582701955;52,91;cabify_recarga_normal_2018-07-16_input.csv;True;5017537;{"debitId":18658902,"creditId":18658903};16/07/2018 18:08:02
br_curitiba;6a5e670bff4573ea42a23f52995cae3f;03788811919;8,10;cabify_recarga_normal_2018-07-16_input.csv;True;5017568;{"debitId":18658779,"creditId":18658780};16/07/2018 18:08:02
br_curitiba;620f03528cbb5f061f15d5d1f4426a81;65356144920;215,18;cabify_recarga_normal_2018-07-16_input.csv;True;4791276;{"debitId":18658312,"creditId":18658315};16/07/2018 18:08:02
br_curitiba;6a0cab23de08a28d1cab12480582eafb;03852855900;82,86;cabify_recarga_normal_2018-07-16_input.csv;True;5017587;{"debitId":18658808,"creditId":18658809};16/07/2018 18:08:02
br_curitiba;47e22bf4e97295e9bb96cd927b75ab2d;04409232983;4,50;cabify_recarga_normal_2018-07-16_input.csv;True;5017452;{"debitId":18658047,"creditId":18658054};16/07/2018 18:08:02
br_curitiba;84d6ef3bce9a5c31516cacbfe2705633;25346172904;177,91;cabify_recarga_normal_2018-07-16_input.csv;True;5017489;{"debitId":18658771,"creditId":18658774};16/07/2018 18:08:02
br_curitiba;47e22bf4e97295e9bb96cd927b7f6c93;05186898910;13,74;cabify_recarga_normal_2018-07-16_input.csv;True;5017413;{"debitId":18658769,"creditId":18658770};16/07/2018 18:08:02
br_curitiba;be16f29316434c859267a5ea19dd01d6;37429051987;97,67;cabify_recarga_normal_2018-07-16_input.csv;True;4791281;{"debitId":18658337,"creditId":18658339};16/07/2018 18:08:02
br_curitiba;3487c6f2752e75dad7ba57febac99ef8;02259792928;27,24;cabify_recarga_normal_2018-07-16_input.csv;True;4791318;{"debitId":18658607,"creditId":18658608};16/07/2018 18:08:02
br_curitiba;affe1b500ebb76ad2f2188a46b6c2a44;11800701942;17,81;cabify_recarga_normal_2018-07-16_input.csv;True;5420482;{"debitId":18658362,"creditId":18658364};16/07/2018 18:08:02
br_curitiba;03f3c16bf9536e012fe05a81b5ef0a55;51929589972;5,63;cabify_recarga_normal_2018-07-16_input.csv;True;4791225;{"debitId":18658738,"creditId":18658741};16/07/2018 18:08:02
br_curitiba;cfc6380324277bf7268f0f2e8f3d759e;08247993996;10,82;cabify_recarga_normal_2018-07-16_input.csv;True;5017437;{"debitId":18658837,"creditId":18658840};16/07/2018 18:08:02
br_curitiba;c55f0380554ba572d2041e26903d1b93;00336766904;56,46;cabify_recarga_normal_2018-07-16_input.csv;True;5017639;{"debitId":18658343,"creditId":18658347};16/07/2018 18:08:02
br_curitiba;3487c6f2752e75dad7ba57febabf9566;04394791936;6,07;cabify_recarga_normal_2018-07-16_input.csv;True;4791329;{"debitId":18658761,"creditId":18658764};16/07/2018 18:08:02
br_curitiba;2358ead189555a1e5907e36507031a99;09994091824;29,30;cabify_recarga_normal_2018-07-16_input.csv;True;4791262;{"debitId":18658601,"creditId":18658604};16/07/2018 18:08:02
br_curitiba;76e5edff417c5870d713d499a81e7379;06458386915;112,48;cabify_recarga_normal_2018-07-16_input.csv;True;5017666;{"debitId":18658931,"creditId":18658932};16/07/2018 18:08:02
br_curitiba;9973249e31bfce6ba08d66246b5073ce;05620524965;4,64;cabify_recarga_normal_2018-07-16_input.csv;True;5017664;{"debitId":18658917,"creditId":18658918};16/07/2018 18:08:02
br_curitiba;752844faffa4a6d899f82c3a29aa99e4;02470282900;29,67;cabify_recarga_normal_2018-07-16_input.csv;True;5017694;{"debitId":18658878,"creditId":18658879};16/07/2018 18:08:02
br_curitiba;fd9fc72e5801d579449bd9b12d58d513;31879250144;66,78;cabify_recarga_normal_2018-07-16_input.csv;True;4791303;{"debitId":18658423,"creditId":18658426};16/07/2018 18:08:02
br_santos;d0144a467eaa30a5bd8505ac42258f8f;32543729801;110,59;cabify_recarga_normal_2018-07-16_input.csv;True;4815789;{"debitId":18658767,"creditId":18658768};16/07/2018 18:08:02
br_curitiba;6417bb411e17f7879df09d0e02998da5;02989308970;60,40;cabify_recarga_normal_2018-07-16_input.csv;True;4791207;{"debitId":18658472,"creditId":18658473};16/07/2018 18:08:02
br_curitiba;cfc6380324277bf7268f0f2e8f3c9b00;04751056999;14,36;cabify_recarga_normal_2018-07-16_input.csv;True;5017527;{"debitId":18658775,"creditId":18658776};16/07/2018 18:08:02
br_curitiba;6f439d1b532014c8bfa34833ccfcfbfb;04461467732;62,19;cabify_recarga_normal_2018-07-16_input.csv;True;5017509;{"debitId":18658929,"creditId":18658930};16/07/2018 18:08:02
br_curitiba;916fca93e77945b29cef8bdd02bc22ef;40522377904;124,87;cabify_recarga_normal_2018-07-16_input.csv;True;5017590;{"debitId":18658818,"creditId":18658819};16/07/2018 18:08:02
br_curitiba;9c44238e231a5358eb2f22b1080bf12b;04172556914;13,30;cabify_recarga_normal_2018-07-16_input.csv;True;5017487;{"debitId":18658333,"creditId":18658334};16/07/2018 18:08:02
br_curitiba;752844faffa4a6d899f82c3a29ac22de;08654904739;58,45;cabify_recarga_normal_2018-07-16_input.csv;True;5017695;{"debitId":18658921,"creditId":18658924};16/07/2018 18:08:02
br_curitiba;68fb651cc73fcffc024fc547104526cb;07643013900;21,81;cabify_recarga_normal_2018-07-16_input.csv;True;5017478;{"debitId":18658544,"creditId":18658545};16/07/2018 18:08:02
br_curitiba;55ba90367e2ce84359582e5f592616c0;00196595207;111,67;cabify_recarga_normal_2018-07-16_input.csv;True;4791292;{"debitId":18658351,"creditId":18658352};16/07/2018 18:08:02
br_curitiba;6417bb411e17f7879df09d0e0297559b;62454692953;141,77;cabify_recarga_normal_2018-07-16_input.csv;True;4791212;{"debitId":18658507,"creditId":18658510};16/07/2018 18:08:02
br_curitiba;6f439d1b532014c8bfa34833ccfc603a;02607452945;108,16;cabify_recarga_normal_2018-07-16_input.csv;True;5017502;{"debitId":18658906,"creditId":18658907};16/07/2018 18:08:02
br_curitiba;affe1b500ebb76ad2f2188a46b6d31d4;56564716915;19,00;cabify_recarga_normal_2018-07-16_input.csv;True;5017517;{"debitId":18658482,"creditId":18658483};16/07/2018 18:08:02
br_curitiba;7344c1db5770b2aae296b4420333a07b;10093861907;49,62;cabify_recarga_normal_2018-07-16_input.csv;True;4791299;{"debitId":18658407,"creditId":18658408};16/07/2018 18:08:02
br_curitiba;7344c1db5770b2aae296b442032e76e5;45609217920;11,20;cabify_recarga_normal_2018-07-16_input.csv;True;4791153;{"debitId":18658532,"creditId":18658533};16/07/2018 18:08:02
br_curitiba;c55f0380554ba572d2041e26903dbf43;00364556951;10,57;cabify_recarga_normal_2018-07-16_input.csv;True;5017444;{"debitId":18658883,"creditId":18658886};16/07/2018 18:08:02
br_curitiba;6417bb411e17f7879df09d0e0295c7cd;09367714459;99,66;cabify_recarga_normal_2018-07-16_input.csv;True;4791214;{"debitId":18658572,"creditId":18658573};16/07/2018 18:08:02
br_curitiba;68fb651cc73fcffc024fc5471044c996;01980534950;6,23;cabify_recarga_normal_2018-07-16_input.csv;True;5017465;{"debitId":18658428,"creditId":18658429};16/07/2018 18:08:02
br_curitiba;2aeeeed5c8e0e9eacb195bffbb951032;06011878903;32,41;cabify_recarga_normal_2018-07-16_input.csv;True;5017611;{"debitId":18658411,"creditId":18658412};16/07/2018 18:08:02
br_curitiba;9c44238e231a5358eb2f22b108099f78;03013893907;129,66;cabify_recarga_normal_2018-07-16_input.csv;True;5017483;{"debitId":18658726,"creditId":18658728};16/07/2018 18:08:02
br_curitiba;266d20595b5c6cec09abb8f97004cd26;18555837987;394,95;cabify_recarga_normal_2018-07-16_input.csv;True;4791168;{"debitId":18658690,"creditId":18658691};16/07/2018 18:08:02
br_curitiba;ca02e22be856d4ef5890c8054c409a35;08129341484;82,11;cabify_recarga_normal_2018-07-16_input.csv;True;4791213;{"debitId":18658542,"creditId":18658543};16/07/2018 18:08:02
br_curitiba;869d5a0a58eaeed107d002b9302d163f;87662329968;18,40;cabify_recarga_normal_2018-07-16_input.csv;True;4791158;{"debitId":18658570,"creditId":18658571};16/07/2018 18:08:02
br_curitiba;a04a257a84d488c56fa7ea030816ef75;76387020425;13,39;cabify_recarga_normal_2018-07-16_input.csv;True;4791166;{"debitId":18658662,"creditId":18658663};16/07/2018 18:08:02
br_curitiba;84d6ef3bce9a5c31516cacbfe2ef6918;01593962983;25,74;cabify_recarga_normal_2018-07-16_input.csv;True;5017467;{"debitId":18658477,"creditId":18658479};16/07/2018 18:08:02
br_curitiba;47e22bf4e97295e9bb96cd927b7d9bb4;61122610904;15,78;cabify_recarga_normal_2018-07-16_input.csv;True;5017533;{"debitId":18658802,"creditId":18658803};16/07/2018 18:08:02
br_curitiba;c55f0380554ba572d2041e26903ccf6a;32291263862;10,18;cabify_recarga_normal_2018-07-16_input.csv;True;5017677;{"debitId":18658553,"creditId":18658559};16/07/2018 18:08:02
br_curitiba;a33524db6ef6770f37da9eacbf28d799;06436236988;13,08;cabify_recarga_normal_2018-07-16_input.csv;True;5017541;{"debitId":18658939,"creditId":18658940};16/07/2018 18:08:02
br_curitiba;476c55c99e1c52e20705ac906953ae63;08458034921;23,30;cabify_recarga_normal_2018-07-16_input.csv;True;5017536;{"debitId":18658856,"creditId":18658857};16/07/2018 18:08:02
br_curitiba;03f3c16bf9536e012fe05a81b5efc812;08787799901;118,68;cabify_recarga_normal_2018-07-16_input.csv;True;4791186;{"debitId":18658734,"creditId":18658735};16/07/2018 18:08:02
br_curitiba;0c64e3d0dceec9ed5ff4869d17814444;28341937034;15,27;cabify_recarga_normal_2018-07-16_input.csv;True;5017422;{"debitId":18658785,"creditId":18658786};16/07/2018 18:08:02
br_curitiba;47ab26f394675157542bd72422512514;05043510609;73,20;cabify_recarga_normal_2018-07-16_input.csv;True;4791200;{"debitId":18658371,"creditId":18658372};16/07/2018 18:08:02
br_curitiba;f57eaddd92f1ec6b38302ddd6378ef62;05334784802;32,74;cabify_recarga_normal_2018-07-16_input.csv;True;4791218;{"debitId":18658666,"creditId":18658667};16/07/2018 18:08:02
br_curitiba;affe1b500ebb76ad2f2188a46b6f537d;03733546903;27,46;cabify_recarga_normal_2018-07-16_input.csv;True;5420472;{"debitId":18658984,"creditId":18658985};16/07/2018 18:08:02
br_curitiba;55ba90367e2ce84359582e5f591d5f20;64039412915;12,82;cabify_recarga_normal_2018-07-16_input.csv;True;4791323;{"debitId":18658696,"creditId":18658697};16/07/2018 18:08:02
br_curitiba;cfc6380324277bf7268f0f2e8f3fb6e5;05028039917;44,93;cabify_recarga_normal_2018-07-16_input.csv;True;5017521;{"debitId":18658588,"creditId":18658591};16/07/2018 18:08:02
br_curitiba;a04a257a84d488c56fa7ea03081677c0;05501212935;15,02;cabify_recarga_normal_2018-07-16_input.csv;True;4791165;{"debitId":18658630,"creditId":18658631};16/07/2018 18:08:02
br_curitiba;7344c1db5770b2aae296b442033476c8;20095384987;58,91;cabify_recarga_normal_2018-07-16_input.csv;True;4791161;{"debitId":18658621,"creditId":18658622};16/07/2018 18:08:02
br_curitiba;47e22bf4e97295e9bb96cd927b75debe;05761308428;29,31;cabify_recarga_normal_2018-07-16_input.csv;True;5017716;{"debitId":18658980,"creditId":18658981};16/07/2018 18:08:02
br_curitiba;6a0cab23de08a28d1cab12480583280f;09199222957;28,86;cabify_recarga_normal_2018-07-16_input.csv;True;5017593;{"debitId":18658858,"creditId":18658859};16/07/2018 18:08:02
br_curitiba;752844faffa4a6d899f82c3a29b81bf0;08972247952;34,96;cabify_recarga_normal_2018-07-16_input.csv;True;4791290;{"debitId":18658736,"creditId":18658737};16/07/2018 18:08:02
br_curitiba;752844faffa4a6d899f82c3a29b960b5;16264311839;72,69;cabify_recarga_normal_2018-07-16_input.csv;True;4791230;{"debitId":18658367,"creditId":18658370};16/07/2018 18:08:02
br_curitiba;476c55c99e1c52e20705ac90695096bc;02757194992;42,15;cabify_recarga_normal_2018-07-16_input.csv;True;5017642;{"debitId":18658795,"creditId":18658796};16/07/2018 18:08:02
br_curitiba;1fbb9b31e029437feb46193a52ff2f72;02045342913;16,32;cabify_recarga_normal_2018-07-16_input.csv;True;5017514;{"debitId":18658434,"creditId":18658435};16/07/2018 18:08:02
br_curitiba;84d6ef3bce9a5c31516cacbfe270dbf6;03139502966;10,68;cabify_recarga_normal_2018-07-16_input.csv;True;5017464;{"debitId":18658134,"creditId":18658135};16/07/2018 18:08:02
br_curitiba;21bcdda4b7cf9c9c2c002abe9d03d332;04100599943;38,75;cabify_recarga_normal_2018-07-16_input.csv;True;5017439;{"debitId":18658864,"creditId":18658867};16/07/2018 18:08:02
br_curitiba;21bcdda4b7cf9c9c2c002abe9d05059f;08100057869;35,43;cabify_recarga_normal_2018-07-16_input.csv;True;5017683;{"debitId":18658756,"creditId":18658758};16/07/2018 18:08:02
br_curitiba;2323ebca8cd71a15f4018cd3c5b03878;09093018914;14,70;cabify_recarga_normal_2018-07-16_input.csv;True;5017638;{"debitId":18658316,"creditId":18658317};16/07/2018 18:08:02
br_curitiba;84d6ef3bce9a5c31516cacbfe270c269;01640349944;7,08;cabify_recarga_normal_2018-07-16_input.csv;True;5017481;{"debitId":18658702,"creditId":18658703};16/07/2018 18:08:02
br_curitiba;0a0377a438eacec36b2268896fc52b5c;06355274995;96,92;cabify_recarga_normal_2018-07-16_input.csv;True;5017633;{"debitId":18658643,"creditId":18658645};16/07/2018 18:08:02
br_curitiba;21bcdda4b7cf9c9c2c002abe9d099ca3;02954977930;136,59;cabify_recarga_normal_2018-07-16_input.csv;True;5017522;{"debitId":18658651,"creditId":18658654};16/07/2018 18:08:02
br_curitiba;47e22bf4e97295e9bb96cd927b7e99f9;10725966955;5,56;cabify_recarga_normal_2018-07-16_input.csv;True;5017525;{"debitId":18658732,"creditId":18658733};16/07/2018 18:08:02
br_curitiba;21bcdda4b7cf9c9c2c002abe9d082820;01623286050;5,90;cabify_recarga_normal_2018-07-16_input.csv;True;5017454;{"debitId":18658375,"creditId":18658377};16/07/2018 18:08:02
br_curitiba;68fb651cc73fcffc024fc5471044d8cd;09001908926;21,24;cabify_recarga_normal_2018-07-16_input.csv;True;5017506;{"debitId":18658913,"creditId":18658914};16/07/2018 18:08:02
br_curitiba;c55f0380554ba572d2041e26903dbb4c;22058010906;4,50;cabify_recarga_normal_2018-07-16_input.csv;True;5017681;{"debitId":18658708,"creditId":18658709};16/07/2018 18:08:02
br_curitiba;98cf25d4e6cddba26ced4c38bbc902a1;38566311949;101,66;cabify_recarga_normal_2018-07-16_input.csv;True;4791176;{"debitId":18658293,"creditId":18658294};16/07/2018 18:08:02
br_curitiba;0c64e3d0dceec9ed5ff4869d1780ec6d;09530824904;115,19;cabify_recarga_normal_2018-07-16_input.csv;True;5017691;{"debitId":18658829,"creditId":18658831};16/07/2018 18:08:02
br_curitiba;7410c775d21dd8e7ff65345754d7a904;56000308949;50,48;cabify_recarga_normal_2018-07-16_input.csv;True;5017434;{"debitId":18658811,"creditId":18658814};16/07/2018 18:08:02
br_curitiba;cedc359fc092b03aaf937e7bf493d4f5;00585625913;67,35;cabify_recarga_normal_2018-07-16_input.csv;True;4791135;{"debitId":18658416,"creditId":18658417};16/07/2018 18:08:02
br_curitiba;6417bb411e17f7879df09d0e029d04d3;73917443953;96,75;cabify_recarga_normal_2018-07-16_input.csv;True;4791173;{"debitId":18658715,"creditId":18658716};16/07/2018 18:08:02
br_curitiba;3487c6f2752e75dad7ba57febabfa88a;02567304908;18,33;cabify_recarga_normal_2018-07-16_input.csv;True;4791143;{"debitId":18658439,"creditId":18658441};16/07/2018 18:08:02
br_curitiba;84d6ef3bce9a5c31516cacbfe26eda14;04325097988;26,38;cabify_recarga_normal_2018-07-16_input.csv;True;5017479;{"debitId":18658610,"creditId":18658612};16/07/2018 18:08:02
br_curitiba;3487c6f2752e75dad7ba57febac3e0e7;55295452972;42,32;cabify_recarga_normal_2018-07-16_input.csv;True;4791144;{"debitId":18658449,"creditId":18658451};16/07/2018 18:08:02
br_curitiba;32addf2922229e9c62341796bc99e306;01162133961;18,26;cabify_recarga_normal_2018-07-16_input.csv;True;4791269;{"debitId":18658710,"creditId":18658711};16/07/2018 18:08:02
br_curitiba;f57eaddd92f1ec6b38302ddd63825a9f;92196187968;58,46;cabify_recarga_normal_2018-07-16_input.csv;True;4791217;{"debitId":18658632,"creditId":18658634};16/07/2018 18:08:02
br_curitiba;7410c775d21dd8e7ff65345754d7bfb0;06696773967;73,05;cabify_recarga_normal_2018-07-16_input.csv;True;5017498;{"debitId":18658874,"creditId":18658875};16/07/2018 18:08:02
br_curitiba;1fbb9b31e029437feb46193a52ff6cc9;67220592949;76,29;cabify_recarga_normal_2018-07-16_input.csv;True;5017513;{"debitId":18658413,"creditId":18658414};16/07/2018 18:08:02
br_curitiba;fd9fc72e5801d579449bd9b12d5b34fd;04692434902;38,39;cabify_recarga_normal_2018-07-16_input.csv;True;5017631;{"debitId":18658582,"creditId":18658583};16/07/2018 18:08:02
br_curitiba;157b42f3a1a488aec4798fcddabb657f;18592520959;100,96;cabify_recarga_normal_2018-07-16_input.csv;True;5017658;{"debitId":18658909,"creditId":18658910};16/07/2018 18:08:02
br_curitiba;476c55c99e1c52e20705ac9069529452;01426766084;28,76;cabify_recarga_normal_2018-07-16_input.csv;True;5017548;{"debitId":18658969,"creditId":18658970};16/07/2018 18:08:02
br_curitiba;cedc359fc092b03aaf937e7bf499c5ed;04252116902;128,49;cabify_recarga_normal_2018-07-16_input.csv;True;4791324;{"debitId":18658719,"creditId":18658720};16/07/2018 18:08:02
br_curitiba;862431a70bd8b58be0e4599ca133a663;32860690867;12,35;cabify_recarga_normal_2018-07-16_input.csv;True;5017650;{"debitId":18658823,"creditId":18658825};16/07/2018 18:08:02
br_curitiba;0c64e3d0dceec9ed5ff4869d177c6903;06194564938;7,39;cabify_recarga_normal_2018-07-16_input.csv;True;5017618;{"debitId":18658189,"creditId":18658190};16/07/2018 18:08:02
br_curitiba;1fbb9b31e029437feb46193a52feebb9;30819275875;34,26;cabify_recarga_normal_2018-07-16_input.csv;True;5017501;{"debitId":18658896,"creditId":18658897};16/07/2018 18:08:02
br_curitiba;157b42f3a1a488aec4798fcddabba0d1;01856795950;30,79;cabify_recarga_normal_2018-07-16_input.csv;True;5017669;{"debitId":18658380,"creditId":18658381};16/07/2018 18:08:02
br_curitiba;6417bb411e17f7879df09d0e029c5dc7;76047598900;19,20;cabify_recarga_normal_2018-07-16_input.csv;True;4791179;{"debitId":18658325,"creditId":18658327};16/07/2018 18:08:02
br_curitiba;47e22bf4e97295e9bb96cd927b782c96;98048600900;14,74;cabify_recarga_normal_2018-07-16_input.csv;True;5017700;{"debitId":18658933,"creditId":18658936};16/07/2018 18:08:02
br_curitiba;2323ebca8cd71a15f4018cd3c5b0261c;04245477911;23,52;cabify_recarga_normal_2018-07-16_input.csv;True;5017637;{"debitId":18658306,"creditId":18658309};16/07/2018 18:08:02
br_curitiba;98817f59c5db894c9e7b16aac041b1f6;05800574960;29,46;cabify_recarga_normal_2018-07-16_input.csv;True;4791160;{"debitId":18658598,"creditId":18658600};16/07/2018 18:08:02
br_curitiba;af22938f4d8fcac7590cdbd0022637ef;63931052915;19,22;cabify_recarga_normal_2018-07-16_input.csv;True;4791205;{"debitId":18658452,"creditId":18658453};16/07/2018 18:08:02
br_curitiba;76e5edff417c5870d713d499a819bc72;44773773987;19,22;cabify_recarga_normal_2018-07-16_input.csv;True;5017652;{"debitId":18658852,"creditId":18658853};16/07/2018 18:08:02
br_curitiba;8225b11ef148606cb26f12ad6e6fbc8e;63217686934;6,37;cabify_recarga_normal_2018-07-16_input.csv;True;4791255;{"debitId":18658500,"creditId":18658501};16/07/2018 18:08:02
br_curitiba;c55f0380554ba572d2041e26903e290d;05855135977;9,26;cabify_recarga_normal_2018-07-16_input.csv;True;5017679;{"debitId":18658617,"creditId":18658618};16/07/2018 18:08:02
br_curitiba;fd9fc72e5801d579449bd9b12d59b294;08406870958;14,72;cabify_recarga_normal_2018-07-16_input.csv;True;5017628;{"debitId":18658519,"creditId":18658521};16/07/2018 18:08:02
br_curitiba;55ba90367e2ce84359582e5f590c56b9;06140681936;7,94;cabify_recarga_normal_2018-07-16_input.csv;True;5017705;{"debitId":18658966,"creditId":18658967};16/07/2018 18:08:02
br_curitiba;752844faffa4a6d899f82c3a29b5b4f7;59956720968;29,71;cabify_recarga_normal_2018-07-16_input.csv;True;4791258;{"debitId":18658563,"creditId":18658565};16/07/2018 18:08:02
