Region ID;Company ID;Driver National Id Num;Cost Local
br_curitiba;32addf2922229e9c62341796bc99e306;01162133961;11,74
br_curitiba;08f3b1afaf8d2a30382236da2b8ecec1;04623286940;13,95
br_curitiba;752844faffa4a6d899f82c3a29b81bf0;08972247952;65,88
br_curitiba;9d402f97712ea702d8f4d61188e1d0c9;05361579955;0
br_curitiba;fd9fc72e5801d579449bd9b12d59b294;08406870958;87,65
br_curitiba;0a0377a438eacec36b2268896fc52b5c;06355274995;42,26
br_curitiba;752844faffa4a6d899f82c3a29b846de;02431214907;14,46
br_curitiba;32addf2922229e9c62341796bc9bdcbf;01819661580;23,92
br_curitiba;32addf2922229e9c62341796bc9b5b66;01788845960;10,98
br_curitiba;0a0377a438eacec36b2268896fc56486;18462469899;83,48
br_curitiba;76e5edff417c5870d713d499a81e7379;06458386915;65,48
br_curitiba;76e5edff417c5870d713d499a81fc5de;02299958967;46,72
br_curitiba;157b42f3a1a488aec4798fcddabb657f;18592520959;54,49
br_curitiba;157b42f3a1a488aec4798fcddabba0d1;01856795950;23,46
br_curitiba;fd9fc72e5801d579449bd9b12d6a334f;03070708919;47,01
br_curitiba;35fd1d6de4280ed53ea93ddb078870ab;05026053912;17,89
br_curitiba;752844faffa4a6d899f82c3a29aa99e4;02470282900;19,28
br_curitiba;c22b81c1bb42ede214d9dd1520d2cf99;06833271941;9,02
br_curitiba;752844faffa4a6d899f82c3a29abdc46;03103947917;19,28
br_curitiba;61ddff4845adcba9473a0894b47eab40;79248098991;29,24
br_curitiba;752844faffa4a6d899f82c3a29ac22de;08654904739;108,08
br_curitiba;ef8ef8604470bc9070249a96315c076b;04146355907;0
br_curitiba;be16f29316434c859267a5ea19d92555;03457092923;9,54
br_curitiba;c22b81c1bb42ede214d9dd1520d5f32b;60499720369;7,67
br_curitiba;fd9fc72e5801d579449bd9b12d5f5a79;99634520944;47,06
br_curitiba;fd9fc72e5801d579449bd9b12d60b62f;04465980973;147,86
br_curitiba;a94ebedee3b45c4297d121e8c30eb713;46863974991;112,66
br_curitiba;f57eaddd92f1ec6b38302ddd637712ff;01312270683;18,55
br_curitiba;7344c1db5770b2aae296b442032e76e5;45609217920;36,44
br_curitiba;181d5f4f84e37fcd3e35bbbd70b3b89e;68678029900;61,95
br_curitiba;98cf25d4e6cddba26ced4c38bbce08bd;01177261685;53,44
br_curitiba;3487c6f2752e75dad7ba57febabf9566;04394791936;147,72
br_curitiba;3487c6f2752e75dad7ba57febac253cf;62845616953;15,57
br_curitiba;3487c6f2752e75dad7ba57febac99ef8;02259792928;62,44
br_curitiba;3487c6f2752e75dad7ba57febacd7af1;10320390780;39,29
br_curitiba;be16f29316434c859267a5ea19dd01d6;37429051987;135,22
br_curitiba;cedc359fc092b03aaf937e7bf4928178;44409770900;34,7
br_curitiba;f57eaddd92f1ec6b38302ddd6378ef62;05334784802;135,17
br_curitiba;98817f59c5db894c9e7b16aac041b1f6;05800574960;4,96
br_curitiba;a41d8afe439b0c733cec59893f0735fc;03523854997;39,47
br_curitiba;266d20595b5c6cec09abb8f97004cd26;18555837987;278,28
br_curitiba;be2728d75a81366f9a2065065fb038d8;08903374975;45,95
br_curitiba;1c28bdc0c88c69ff36c17d6efc71ad72;05048430603;26,27
br_curitiba;752844faffa4a6d899f82c3a29b960b5;16264311839;77,21
br_curitiba;ab849226bc0f90e82f220ab8868a20c4;05122788650;107,2
br_curitiba;6417bb411e17f7879df09d0e0295c7cd;09367714459;79,89
br_curitiba;916fca93e77945b29cef8bdd02bc22ef;40522377904;346,27
br_curitiba;98cf25d4e6cddba26ced4c38bbc902a1;38566311949;56,89
br_curitiba;3487c6f2752e75dad7ba57febac32a2f;03701126879;42,54
br_curitiba;76e5edff417c5870d713d499a820fcb8;51906953953;4,5
br_curitiba;be16f29316434c859267a5ea19e0a013;05494933954;33,51
br_curitiba;7344c1db5770b2aae296b442033476c8;20095384987;79,42
br_curitiba;76e5edff417c5870d713d499a8db5940;87246104968;55,54
br_curitiba;752844faffa4a6d899f82c3a29b04d45;42102171825;154,94
br_curitiba;620f03528cbb5f061f15d5d1f4426a81;65356144920;283,62
br_curitiba;ca02e22be856d4ef5890c8054c47e65b;03585860900;78,49
br_curitiba;cedc359fc092b03aaf937e7bf499c5ed;04252116902;73,82
br_curitiba;ca02e22be856d4ef5890c8054c486d99;07743434940;340,35
br_curitiba;ca02e22be856d4ef5890c8054c41a294;87246880968;17,35
br_curitiba;3487c6f2752e75dad7ba57febabfa88a;02567304908;7,82
br_curitiba;752844faffa4a6d899f82c3a29c2b6a9;08528379922;0
br_curitiba;8225b11ef148606cb26f12ad6e6ef5ee;05312504823;86,6
br_curitiba;af22938f4d8fcac7590cdbd0022637ef;63931052915;52,95
br_curitiba;03f3c16bf9536e012fe05a81b5efc812;08787799901;179,96
br_curitiba;6417bb411e17f7879df09d0e0297559b;62454692953;28,58
br_curitiba;8225b11ef148606cb26f12ad6e6fbc8e;63217686934;43,13
br_curitiba;03f3c16bf9536e012fe05a81b5ef0a55;51929589972;26,95
br_curitiba;ca02e22be856d4ef5890c8054c44e715;03878461909;14,31
br_curitiba;0c64e3d0dceec9ed5ff4869d177c22fb;02896669965;24,41
br_santos;d0144a467eaa30a5bd8505ac42258f8f;32543729801;34,49
br_santos;33072f67030ec131117b07586cdbe4f7;39261578870;38,15
br_curitiba;af22938f4d8fcac7590cdbd00226f5c3;07465315913;25
br_curitiba;2358ead189555a1e5907e3650702ad9d;01474394779;34,78
br_curitiba;7344c1db5770b2aae296b4420333a07b;10093861907;323,62
br_curitiba;ab849226bc0f90e82f220ab8868655a6;35517581900;20,4
br_curitiba;ab849226bc0f90e82f220ab8868a98f6;96001470863;112,68
br_curitiba;cedc359fc092b03aaf937e7bf48e32d3;03053018969;446,6
br_curitiba;8f43789ab49b14800d894c94b44df1e1;40453499953;85,45
br_curitiba;1fbb9b31e029437feb46193a52ff393e;09079673960;6,48
br_curitiba;84d6ef3bce9a5c31516cacbfe270c269;01640349944;0
br_curitiba;84d6ef3bce9a5c31516cacbfe27042c6;05324272973;9,09
