IdCliente;NomeArquivo;CardId;Cpf;DescricaoProcessamento;Recharge;VlRecarga;DataRecarga
1;cabify_recarga_normal_2018-06-04_input.csv;5017652;44773773987;{"debitId":14134811,"creditId":14134814};True;7,09;04/06/2018 18:12:13
1;cabify_recarga_normal_2018-06-04_input.csv;4791276;65356144920;{"debitId":14134763,"creditId":14134766};True;106,26;04/06/2018 18:12:13
1;cabify_recarga_normal_2018-06-04_input.csv;4791229;70984107991;{"debitId":14134641,"creditId":14134642};True;6,11;04/06/2018 18:12:13
1;cabify_recarga_normal_2018-06-04_input.csv;4791147;07103529990;{"debitId":14134733,"creditId":14134734};True;140,22;04/06/2018 18:12:13
1;cabify_recarga_normal_2018-06-04_input.csv;4791307;99924773187;{"debitId":14134680,"creditId":14134683};True;28,18;04/06/2018 18:12:13
1;cabify_recarga_normal_2018-06-04_input.csv;4791308;29571484806;{"debitId":14134722,"creditId":14134723};True;14,86;04/06/2018 18:12:13
1;cabify_recarga_normal_2018-06-04_input.csv;4791255;63217686934;{"debitId":14134684,"creditId":14134687};True;82,47;04/06/2018 18:12:13
1;cabify_recarga_normal_2018-06-04_input.csv;4791238;05503600932;{"debitId":14134711,"creditId":14134712};True;29,53;04/06/2018 18:12:13
1;cabify_recarga_normal_2018-06-04_input.csv;4791252;02439554995;{"debitId":14134747,"creditId":14134751};True;18,41;04/06/2018 18:12:13
1;cabify_recarga_normal_2018-06-04_input.csv;4791165;05501212935;{"debitId":14134622,"creditId":14134623};True;13,57;04/06/2018 18:12:13
1;cabify_recarga_normal_2018-06-04_input.csv;4791161;20095384987;{"debitId":14134791,"creditId":14134792};True;46,76;04/06/2018 18:12:13
1;cabify_recarga_normal_2018-06-04_input.csv;4791204;63868814949;{"debitId":14134649,"creditId":14134650};True;59,44;04/06/2018 18:12:13
1;cabify_recarga_normal_2018-06-04_input.csv;5017605;22718891890;{"debitId":14134654,"creditId":14134656};True;9,82;04/06/2018 18:12:13
1;cabify_recarga_normal_2018-06-04_input.csv;4791244;02896669965;{"debitId":14134714,"creditId":14134716};True;6,84;04/06/2018 18:12:13
1;cabify_recarga_normal_2018-06-04_input.csv;4791205;63931052915;{"debitId":14134659,"creditId":14134660};True;4,88;04/06/2018 18:12:13
1;cabify_recarga_normal_2018-06-04_input.csv;4791224;03998484957;{"debitId":14134817,"creditId":14134818};True;19,70;04/06/2018 18:12:13
1;cabify_recarga_normal_2018-06-04_input.csv;4791208;03878461909;{"debitId":14134702,"creditId":14134703};True;4,88;04/06/2018 18:12:13
1;cabify_recarga_normal_2018-06-04_input.csv;4791131;44409770900;{"debitId":14134647,"creditId":14134648};True;9,42;04/06/2018 18:12:13
1;cabify_recarga_normal_2018-06-04_input.csv;4791292;00196595207;{"debitId":14134624,"creditId":14134625};True;26,67;04/06/2018 18:12:13
1;cabify_recarga_normal_2018-06-04_input.csv;5017673;02299958967;{"debitId":14134645,"creditId":14134646};True;8,38;04/06/2018 18:12:13
1;cabify_recarga_normal_2018-06-04_input.csv;4791273;00885528964;{"debitId":14134756,"creditId":14134757};True;15,40;04/06/2018 18:12:13
1;cabify_recarga_normal_2018-06-04_input.csv;4791173;73917443953;{"debitId":14134735,"creditId":14134736};True;9,98;04/06/2018 18:12:13
1;cabify_recarga_normal_2018-06-04_input.csv;4791247;08528379922;{"debitId":14134730,"creditId":14134731};True;32,18;04/06/2018 18:12:13
1;cabify_recarga_normal_2018-06-04_input.csv;4791186;08787799901;{"debitId":14134787,"creditId":14134788};True;23,21;04/06/2018 18:12:13
1;cabify_recarga_normal_2018-06-04_input.csv;4791217;92196187968;{"debitId":14134793,"creditId":14134794};True;76,13;04/06/2018 18:12:13
1;cabify_recarga_normal_2018-06-04_input.csv;5017622;04416436980;{"debitId":14134769,"creditId":14134770};True;23,18;04/06/2018 18:12:13
1;cabify_recarga_normal_2018-06-04_input.csv;4791214;09367714459;{"debitId":14134637,"creditId":14134638};True;35,44;04/06/2018 18:12:13
1;cabify_recarga_normal_2018-06-04_input.csv;5017650;32860690867;{"debitId":14134795,"creditId":14134799};True;109,56;04/06/2018 18:12:13
1;cabify_recarga_normal_2018-06-04_input.csv;4791167;46863974991;{"debitId":14134678,"creditId":14134679};True;67,12;04/06/2018 18:12:13
1;cabify_recarga_normal_2018-06-04_input.csv;4791303;31879250144;{"debitId":14134804,"creditId":14134805};True;109,57;04/06/2018 18:12:13
1;cabify_recarga_normal_2018-06-04_input.csv;5017665;68678029900;{"debitId":14134828,"creditId":14134831};True;119,92;04/06/2018 18:12:13
1;cabify_recarga_normal_2018-06-04_input.csv;5017608;09456279987;{"debitId":14134706,"creditId":14134708};True;38,24;04/06/2018 18:12:13
1;cabify_recarga_normal_2018-06-04_input.csv;4791322;03701126879;{"debitId":14134807,"creditId":14134808};True;47,05;04/06/2018 18:12:13
1;cabify_recarga_normal_2018-06-04_input.csv;4791268;05048430603;{"debitId":14134700,"creditId":14134701};True;45,34;04/06/2018 18:12:13
1;cabify_recarga_normal_2018-06-04_input.csv;4791329;04394791936;{"debitId":14134819,"creditId":14134820};True;117,94;04/06/2018 18:12:13
1;cabify_recarga_normal_2018-06-04_input.csv;4791212;62454692953;{"debitId":14134737,"creditId":14134738};True;19,07;04/06/2018 18:12:13
1;cabify_recarga_normal_2018-06-04_input.csv;4791215;01312270683;{"debitId":14134781,"creditId":14134782};True;19,66;04/06/2018 18:12:13
1;cabify_recarga_normal_2018-06-04_input.csv;4791299;10093861907;{"debitId":14134628,"creditId":14134629};True;559,44;04/06/2018 18:12:13
1;cabify_recarga_normal_2018-06-04_input.csv;4791134;01177261685;{"debitId":14134696,"creditId":14134697};True;75,50;04/06/2018 18:12:13
1;cabify_recarga_normal_2018-06-04_input.csv;5017666;06458386915;{"debitId":14134626,"creditId":14134627};True;21,73;04/06/2018 18:12:13
1;cabify_recarga_normal_2018-06-04_input.csv;5017671;51906953953;{"debitId":14134630,"creditId":14134632};True;17,94;04/06/2018 18:12:13
1;cabify_recarga_normal_2018-06-04_input.csv;4791324;04252116902;{"debitId":14134809,"creditId":14134810};True;10,33;04/06/2018 18:12:13
1;cabify_recarga_normal_2018-06-04_input.csv;5017606;09730148902;{"debitId":14134664,"creditId":14134666};True;6,06;04/06/2018 18:12:13
1;cabify_recarga_normal_2018-06-04_input.csv;4791190;32058900944;{"debitId":14134800,"creditId":14134801};True;0,00;04/06/2018 18:12:13
1;cabify_recarga_normal_2018-06-04_input.csv;5017653;03836585944;{"debitId":14134822,"creditId":14134826};True;0,00;04/06/2018 18:12:13
1;cabify_recarga_normal_2018-06-04_input.csv;4791166;76387020425;{"debitId":14134633,"creditId":14134636};True;4,88;04/06/2018 18:12:13
1;cabify_recarga_normal_2018-06-04_input.csv;5017674;00955919908;{"debitId":14134669,"creditId":14134671};True;38,64;04/06/2018 18:12:13
1;cabify_recarga_normal_2018-06-04_input.csv;4791148;93487797968;{"debitId":14134745,"creditId":14134746};True;35,53;04/06/2018 18:12:13
1;cabify_recarga_normal_2018-06-04_input.csv;4791325;05587576698;{"debitId":14134815,"creditId":14134816};True;48,77;04/06/2018 18:12:13
1;cabify_recarga_normal_2018-06-04_input.csv;5017607;87212455920;{"debitId":14134688,"creditId":14134689};True;14,36;04/06/2018 18:12:13
1;cabify_recarga_normal_2018-06-04_input.csv;4791281;37429051987;{"debitId":14134776,"creditId":14134777};True;94,37;04/06/2018 18:12:13
1;cabify_recarga_normal_2018-06-04_input.csv;4791129;05122788650;{"debitId":14134672,"creditId":14134673};True;71,32;04/06/2018 18:12:13
1;cabify_recarga_normal_2018-06-04_input.csv;4791228;87246880968;{"debitId":14134609,"creditId":14134610};True;13,16;04/06/2018 18:12:13
1;cabify_recarga_normal_2018-06-04_input.csv;4791168;18555837987;{"debitId":14134720,"creditId":14134721};True;112,15;04/06/2018 18:12:13
1;cabify_recarga_normal_2018-06-04_input.csv;5017611;06011878903;{"debitId":14134724,"creditId":14134727};True;76,21;04/06/2018 18:12:13
1;cabify_recarga_normal_2018-06-04_input.csv;4791259;02622138938;{"debitId":14134759,"creditId":14134760};True;16,21;04/06/2018 18:12:13
1;cabify_recarga_normal_2018-06-04_input.csv;5017612;04864036969;{"debitId":14134741,"creditId":14134742};True;47,37;04/06/2018 18:12:13
1;cabify_recarga_normal_2018-06-04_input.csv;5017620;07568201970;{"debitId":14134692,"creditId":14134695};True;60,86;04/06/2018 18:12:13
