Region ID;Company ID;Driver National Id Num;Cost Local
br_curitiba;a04a257a84d488c56fa7ea030816ef75;76387020425;27,27
br_curitiba;752844faffa4a6d899f82c3a29b81bf0;08972247952;6,31
br_curitiba;6417bb411e17f7879df09d0e0295c7cd;09367714459;113,98
br_curitiba;9c44238e231a5358eb2f22b10809cc56;05197158611;10,62
br_curitiba;f57eaddd92f1ec6b38302ddd6378ef62;05334784802;48,65
br_curitiba;fd9fc72e5801d579449bd9b12d59b294;08406870958;34,94
br_curitiba;be16f29316434c859267a5ea19e0a013;54949433954;35,18
br_curitiba;f57eaddd92f1ec6b38302ddd63825a9f;92196187968;69,69
br_curitiba;916fca93e77945b29cef8bdd02bc22ef;40522377904;159,99
br_curitiba;0c64e3d0dceec9ed5ff4869d17814444;28341937034;19,63
br_curitiba;0a0377a438eacec36b2268896fc52b5c;06355274995;53,40
br_curitiba;9c44238e231a5358eb2f22b1080bf12b;04172556914;40,68
br_curitiba;3487c6f2752e75dad7ba57febabf9566;04394791936;118,87
br_curitiba;32addf2922229e9c62341796bc999564;45693951987;78,24
br_curitiba;98817f59c5db894c9e7b16aac041b1f6;05800574960;6,28
br_curitiba;68fb651cc73fcffc024fc547104683a1;07362689950;30,63
br_curitiba;32addf2922229e9c62341796bc99e306;01162133961;7,27
br_curitiba;a94ebedee3b45c4297d121e8c30eb713;46863974991;83,45
br_curitiba;6f439d1b532014c8bfa34833ccfc603a;02607452945;117,84
br_curitiba;68fb651cc73fcffc024fc547104526cb;07643013900;121,62
br_curitiba;3487c6f2752e75dad7ba57febac253cf;62845616953;78,63
br_curitiba;cedc359fc092b03aaf937e7bf499c5ed;04252116902;23,97
br_curitiba;752844faffa4a6d899f82c3a29b846de;08894183904;47,61
br_curitiba;620f03528cbb5f061f15d5d1f4426a81;65356144920;225,78
br_curitiba;03f3c16bf9536e012fe05a81b5ef0a55;51929589972;29,52
br_curitiba;1fbb9b31e029437feb46193a52ff6cc9;67220592949;6,50
br_curitiba;84d6ef3bce9a5c31516cacbfe2705633;00010798744;164,57
br_curitiba;0c64e3d0dceec9ed5ff4869d177c6903;06194564938;16,88
br_curitiba;8972bf524524ed897c87e28a0fead5b6;04771245932;0,00
br_curitiba;9c44238e231a5358eb2f22b108099f78;03013893907;132,22
br_curitiba;3487c6f2752e75dad7ba57febac99ef8;02259792928;31,61
br_curitiba;84d6ef3bce9a5c31516cacbfe270dbf6;03139502966;92,20
br_curitiba;752844faffa4a6d899f82c3a29abdc46;03103947917;17,03
br_curitiba;752844faffa4a6d899f82c3a29c2b6a9;08528379922;13,31
br_curitiba;ab849226bc0f90e82f220ab8868655a6;35517581900;9,72
br_curitiba;752844faffa4a6d899f82c3a29ac22de;08654904739;261,35
br_curitiba;cedc359fc092b03aaf937e7bf4928178;44409770900;6,72
br_curitiba;7344c1db5770b2aae296b442033476c8;20095384987;63,42
br_curitiba;6f439d1b532014c8bfa34833ccfd7a4e;31449416896;27,29
br_curitiba;35fd1d6de4280ed53ea93ddb078870ab;05026053912;7,70
br_curitiba;be16f29316434c859267a5ea19d92555;03457092923;7,88
br_curitiba;98cf25d4e6cddba26ced4c38bbce08bd;01177261685;212,40
br_curitiba;ca02e22be856d4ef5890c8054c486d99;07743434940;327,46
br_curitiba;68fb651cc73fcffc024fc5471044d8cd;09001908926;65,72
br_curitiba;1fbb9b31e029437feb46193a52ff393e;09079673960;8,67
br_curitiba;7344c1db5770b2aae296b4420333a07b;10093861907;219,21
br_curitiba;af22938f4d8fcac7590cdbd0022637ef;63931052915;28,61
br_curitiba;cedc359fc092b03aaf937e7bf48dd423;16338366739;15,77
br_curitiba;55ba90367e2ce84359582e5f590b64b9;05835328966;32,37
br_curitiba;32addf2922229e9c62341796bc9bdcbf;01819661580;25,42
br_curitiba;0a0377a438eacec36b2268896fc56486;18462469899;71,56
br_curitiba;f57eaddd92f1ec6b38302ddd637a57f1;87671182915;21,42
br_curitiba;be2728d75a81366f9a2065065fb038d8;08903374975;16,89
br_curitiba;98cf25d4e6cddba26ced4c38bbc8e099;93487797968;137,48
br_curitiba;84d6ef3bce9a5c31516cacbfe2709cad;06839838900;76,33
br_curitiba;ca02e22be856d4ef5890c8054c44e715;03878461909;12,05
br_curitiba;4abe5d9b416007666f230d467720ec6d;17077632830;18,48
br_curitiba;6417bb411e17f7879df09d0e02998da5;02989308970;30,79
br_curitiba;1c28bdc0c88c69ff36c17d6efc71ad72;05048430603;41,98
br_curitiba;0cb88b3b9304fe9a1530f13fcb31205f;04187609938;0,00
br_curitiba;8225b11ef148606cb26f12ad6e6fbc8e;63217686934;87,11
br_curitiba;76e5edff417c5870d713d499a8db5940;87246104968;15,41
br_curitiba;61ddff4845adcba9473a0894b47eab40;79248098991;10,22
br_curitiba;55ba90367e2ce84359582e5f5918562e;06253080938;6,62
br_curitiba;55ba90367e2ce84359582e5f591d5f20;64039412915;48,44
br_curitiba;68fb651cc73fcffc024fc5471044c996;01980534950;64,98
br_curitiba;c22b81c1bb42ede214d9dd1520d3b9b0;92138020991;19,00
br_curitiba;ef8ef8604470bc9070249a96315c076b;04146355907;48,14
br_curitiba;7344c1db5770b2aae296b442032e76e5;45609217920;15,32
br_curitiba;98cf25d4e6cddba26ced4c38bbcf3df1;02132891990;0,00
br_curitiba;a41d8afe439b0c733cec59893f0735fc;03523854997;35,92
br_curitiba;2aeeeed5c8e0e9eacb195bffbb951032;06011878903;18,40
br_curitiba;55ba90367e2ce84359582e5f590c56b9;06140681936;5,25
br_curitiba;98cf25d4e6cddba26ced4c38bbc902a1;38566311949;39,83
br_curitiba;55ba90367e2ce84359582e5f59122691;09730148902;5,48
br_curitiba;ca02e22be856d4ef5890c8054c41a294;87246880968;76,49
br_curitiba;412e5e8f318a974f962443148554b129;04864036969;4,53
br_curitiba;68fb651cc73fcffc024fc547104583cf;06580967960;9,52
br_curitiba;ab849226bc0f90e82f220ab8868a98f6;96001470863;26,85
br_curitiba;3487c6f2752e75dad7ba57febac32a2f;03701126879;33,69
br_curitiba;157b42f3a1a488aec4798fcddabb657f;18592520959;133,31
br_curitiba;266d20595b5c6cec09abb8f97004cd26;18555837987;190,98
br_curitiba;ab849226bc0f90e82f220ab8868a20c4;05122788650;23,49
br_curitiba;ca02e22be856d4ef5890c8054c47e65b;03595860900;20,18
br_curitiba;fd9fc72e5801d579449bd9b12d60b62f;04465980973;13,37
br_curitiba;f57eaddd92f1ec6b38302ddd6383a191;70984107991;4,94
br_curitiba;cedc359fc092b03aaf937e7bf48e32d3;03053018969;348,62
br_curitiba;752844faffa4a6d899f82c3a29c3197f;06420504902;31,76
br_curitiba;68fb651cc73fcffc024fc54710455aa1;62522000934;10,73
br_curitiba;157b42f3a1a488aec4798fcddabba0d1;01856795950;39,22
br_curitiba;be16f29316434c859267a5ea19dd01d6;37429051987;32,24
br_curitiba;752844faffa4a6d899f82c3a29b960b5;16264311839;23,99
br_curitiba;03f3c16bf9536e012fe05a81b5efc812;08787799901;67,17
br_curitiba;6417bb411e17f7879df09d0e0297559b;62454692953;0,00
br_curitiba;76e5edff417c5870d713d499a820fcb8;51906953953;5,68
br_santos;d0144a467eaa30a5bd8505ac42258f8f;32543729801;26,93
br_curitiba;98cf25d4e6cddba26ced4c38bbc90d28;03810442976;15,85
br_curitiba;cedc359fc092b03aaf937e7bf4905600;03420909926;5,34
br_curitiba;f57eaddd92f1ec6b38302ddd637b5867;00916274942;9,76
br_curitiba;3487c6f2752e75dad7ba57febacad8b3;03075936146;59,11
br_curitiba;916fca93e77945b29cef8bdd02bc22ef;40522377904;94,16
br_curitiba;98817f59c5db894c9e7b16aac041b1f6;05800574960;21,24
br_curitiba;ca02e22be856d4ef5890c8054c47e65b;03585860900;15,18
