RegionID;CompanyID;DriverNationalIdNum;CostLocal
br_curitiba;98cf25d4e6cddba26ced4c38bbc90d28;3810442976;15,85
br_curitiba;cedc359fc092b03aaf937e7bf4905600;3420909926;5,34
br_curitiba;f57eaddd92f1ec6b38302ddd637b5867;916274942;9,76
br_curitiba;ca02e22be856d4ef5890c8054c47e65b;3585860900;37,24
br_curitiba;181d5f4f84e37fcd3e35bbbd70acfcb9;98790889134;115,65
br_curitiba;476c55c99e1c52e20705ac90695100cf;3934498906;110,62
br_curitiba;6417bb411e17f7879df09d0e029c5dc7;76047598900;56,54
br_curitiba;ce5a6752e46d8035c28535a063993815;6200623988;101,22
br_curitiba;55ba90367e2ce84359582e5f5918562e;6253080938;5,46
