RegionID;CompanyID;DriverNationalIdNum;CostLocal
br_curitiba;cedc359fc092b03aaf937e7bf48e32d3;03053018969;30
br_curitiba;21bcdda4b7cf9c9c2c002abe9d099ca3;02954977930;123,94
br_curitiba;9973249e31bfce6ba08d66246b5073ce;05620524965;25,47
br_curitiba;ab849226bc0f90e82f220ab8868a98f6;96001470863;84,49
br_curitiba;6a0cab23de08a28d1cab124805834172;95549722968;47,19
br_curitiba;cfc6380324277bf7268f0f2e8f3fb6e5;05028039917;54,4
br_curitiba;be16f29316434c859267a5ea19dafe5d;06487182982;29,76
br_curitiba;7410c775d21dd8e7ff65345754d7bfb0;06696773967;4,5
br_curitiba;32addf2922229e9c62341796bc9bbb85;02439554995;20,35
br_curitiba;47e22bf4e97295e9bb96cd927b7c6c40;09569572930;32,42
br_curitiba;fd9fc72e5801d579449bd9b12d60b62f;04465980973;65,61
br_curitiba;2bfe5fe24da51ce2b32598a9a4458933;20510564801;18,58
br_curitiba;6a5e670bff4573ea42a23f52995e3f0f;02236983930;38,65
br_curitiba;bec5f30b609739488bb763a09aa81449;07251121905;4,5
br_curitiba;84d6ef3bce9a5c31516cacbfe2705633;25346172904;112,03
br_curitiba;ac8a61e33ee831f1cf08dc777a938fdf;01008313971;11,21
br_santos;d0144a467eaa30a5bd8505ac42258f8f;32543729801;42,3
br_curitiba;8225b11ef148606cb26f12ad6e6fbc8e;63217686934;23,32
br_curitiba;2bfe5fe24da51ce2b32598a9a445a77d;72481668987;34,61
br_curitiba;6417bb411e17f7879df09d0e0297559b;62454692953;4,5
br_curitiba;32addf2922229e9c62341796bc9aa934;92480128091;13,69
br_curitiba;a33524db6ef6770f37da9eacbf25baca;04449933982;9,17
br_curitiba;03f3c16bf9536e012fe05a81b5efc812;08787799901;20,43
br_curitiba;1fbb9b31e029437feb46193a52ff6cc9;67220592949;48,49
br_curitiba;752844faffa4a6d899f82c3a29b81bf0;08972247952;17,09
br_curitiba;9c44238e231a5358eb2f22b1080bf12b;04172556914;29,14
br_curitiba;157b42f3a1a488aec4798fcddabba0d1;01856795950;27,9
br_curitiba;55ba90367e2ce84359582e5f5918562e;06253080938;109,25
br_curitiba;b50051705e21b7109b6d3fdab7a385ae;05550605864;27,86
br_curitiba;ca02e22be856d4ef5890c8054c486d99;07743434940;15
br_curitiba;affe1b500ebb76ad2f2188a46b6f537d;03733546903;68,21
br_curitiba;c55f0380554ba572d2041e26903dbf43;00364556951;14,54
br_curitiba;32addf2922229e9c62341796bc99e306;01162133961;26,91
br_curitiba;ce5a6752e46d8035c28535a063993815;06200623988;24,15
br_curitiba;cedc359fc092b03aaf937e7bf499c5ed;04252116902;204,39
br_curitiba;6a5e670bff4573ea42a23f52995cc99f;03084494959;16,31
br_curitiba;6a0cab23de08a28d1cab12480582eafb;03852855900;5,38
br_curitiba;2358ead189555a1e5907e36507052ec6;01487987994;33,05
br_curitiba;6417bb411e17f7879df09d0e029d04d3;73917443953;75,95
br_curitiba;9c44238e231a5358eb2f22b10809cc56;05197158611;29,11
br_curitiba;8225b11ef148606cb26f12ad6e6dedb3;03806557993;41
br_curitiba;157b42f3a1a488aec4798fcddabb657f;18592520959;33,48
br_curitiba;9c44238e231a5358eb2f22b108099f78;03013893907;97,09
br_curitiba;2aeeeed5c8e0e9eacb195bffbb951032;06011878903;21,84
br_curitiba;620f03528cbb5f061f15d5d1f4426a81;65356144920;356,16
br_curitiba;752844faffa4a6d899f82c3a29b04d45;42102171825;5,18
br_curitiba;76e5edff417c5870d713d499a8db5940;87246104968;33,23
br_curitiba;3487c6f2752e75dad7ba57febac3e0e7;55295452972;27,35
br_curitiba;7344c1db5770b2aae296b442033476c8;20095384987;46,61
br_curitiba;fd9fc72e5801d579449bd9b12d58d513;31879250144;103,18
br_curitiba;d5e7298451503f17896cb896a15fc95b;02145786902;13,53
br_curitiba;916fca93e77945b29cef8bdd02bc22ef;40522377904;45,38
br_curitiba;6417bb411e17f7879df09d0e029c5dc7;76047598900;6,2
br_curitiba;6417bb411e17f7879df09d0e0295c7cd;09367714459;50,37
br_curitiba;869d5a0a58eaeed107d002b9302d163f;87662329968;4,5
br_curitiba;593b161f70cb1e9e6990e9cacc5a5761;02387942965;14,06
br_curitiba;ab849226bc0f90e82f220ab8868a20c4;05122788650;30,89
br_curitiba;cfc6380324277bf7268f0f2e8f3c9b00;04751056999;25,36
br_curitiba;0a0377a438eacec36b2268896fc52b5c;06355274995;53,48
br_curitiba;68fb651cc73fcffc024fc5471044d8cd;09001908926;26,32
br_curitiba;76e5edff417c5870d713d499a81e7379;06458386915;15,11
br_curitiba;affe1b500ebb76ad2f2188a46b6d31d4;56564716915;14,21
br_curitiba;266d20595b5c6cec09abb8f97004cd26;18555837987;393,63
br_curitiba;21bcdda4b7cf9c9c2c002abe9d03d332;04100599943;19,21
br_curitiba;476c55c99e1c52e20705ac9069529452;01426766084;13,18
br_curitiba;c55f0380554ba572d2041e26903cb2c8;81308574991;131,27
br_curitiba;fd9fc72e5801d579449bd9b12d5b34fd;04692434902;27,53
br_curitiba;47e22bf4e97295e9bb96cd927b794bee;28450906920;5,2
br_curitiba;47e22bf4e97295e9bb96cd927b7e99f9;10725966955;6,63
br_curitiba;f57eaddd92f1ec6b38302ddd6378ef62;05334784802;147,68
br_curitiba;2323ebca8cd71a15f4018cd3c5b0130f;75835150920;5,9
br_curitiba;752844faffa4a6d899f82c3a29b5b4f7;59956720968;57,21
br_curitiba;fd9fc72e5801d579449bd9b12d5a1795;16853392809;6,14
br_curitiba;fd9fc72e5801d579449bd9b12d6a334f;03070708919;14,99
br_curitiba;be16f29316434c859267a5ea19dd01d6;37429051987;15
br_curitiba;84d6ef3bce9a5c31516cacbfe2ef6918;01593962983;16,2
br_curitiba;d5e7298451503f17896cb896a15fb397;03536761950;137,48
br_curitiba;d5e7298451503f17896cb896a15f9c29;03382017938;30,19
br_curitiba;c55f0380554ba572d2041e26903d2ba6;04996081945;35,14
br_curitiba;3487c6f2752e75dad7ba57febacd7af1;10320390780;14,67
br_curitiba;47e22bf4e97295e9bb96cd927b782c96;98048600900;8,24
br_curitiba;f57eaddd92f1ec6b38302ddd63825a9f;92196187968;8,08
br_curitiba;3487c6f2752e75dad7ba57febabf9566;04394791936;81,57
br_curitiba;47ab26f394675157542bd72422512514;05043510609;58,49
br_curitiba;98cf25d4e6cddba26ced4c38bbce08bd;01177261685;11,24
br_curitiba;cfc6380324277bf7268f0f2e8f3cb388;79506941904;24,81
br_curitiba;d4956cc8e637dffbc124033f058d1c4c;03990058975;13,13
br_curitiba;be16f29316434c859267a5ea19e05c2e;29571484806;9,22
br_curitiba;c22b81c1bb42ede214d9dd1520d3b9b0;92138020991;37,38
br_curitiba;47e22bf4e97295e9bb96cd927b75debe;05761308428;26,06
br_curitiba;a94ebedee3b45c4297d121e8c30eb713;46863974991;28,56
