RegionId;CompanyId;Cpf;VlRecarga;NomeArquivo;Recharge;CardId;DescricaoProcessamento;DataRecarga
br_curitiba;6a5e670bff4573ea42a23f52995cae3f;03788811919;25,30;cabify_recarga_normal_2018-07-20_input.csv;True;5017568;{"debitId":19169864,"creditId":19169865};20/07/2018 14:57:36
br_curitiba;752844faffa4a6d899f82c3a29b04d45;42102171825;78,95;cabify_recarga_normal_2018-07-20_input.csv;True;4791267;{"debitId":19169744,"creditId":19169745};20/07/2018 14:57:36
br_curitiba;68fb651cc73fcffc024fc547104526cb;07643013900;118,06;cabify_recarga_normal_2018-07-20_input.csv;True;5017478;{"debitId":19169988,"creditId":19169989};20/07/2018 14:57:36
br_curitiba;cedc359fc092b03aaf937e7bf48e32d3;03053018969;123,31;cabify_recarga_normal_2018-07-20_input.csv;True;4791257;{"debitId":19169722,"creditId":19169724};20/07/2018 14:57:36
br_curitiba;7344c1db5770b2aae296b442033476c8;20095384987;86,28;cabify_recarga_normal_2018-07-20_input.csv;True;4791161;{"debitId":19169487,"creditId":19169489};20/07/2018 14:57:36
br_curitiba;3487c6f2752e75dad7ba57febacd7af1;10320390780;33,23;cabify_recarga_normal_2018-07-20_input.csv;True;4791326;{"debitId":19169509,"creditId":19169510};20/07/2018 14:57:36
br_curitiba;76e5edff417c5870d713d499a819bc72;44773773987;12,55;cabify_recarga_normal_2018-07-20_input.csv;True;5017652;{"debitId":19170066,"creditId":19170067};20/07/2018 14:57:36
br_curitiba;55ba90367e2ce84359582e5f5918562e;06253080938;70,69;cabify_recarga_normal_2018-07-20_input.csv;True;4791266;{"debitId":19169515,"creditId":19169517};20/07/2018 14:57:36
br_curitiba;21bcdda4b7cf9c9c2c002abe9d0784ef;02552123996;26,97;cabify_recarga_normal_2018-07-20_input.csv;True;5017409;{"debitId":19169799,"creditId":19169800};20/07/2018 14:57:36
br_curitiba;752844faffa4a6d899f82c3a29ac22de;08654904739;27,77;cabify_recarga_normal_2018-07-20_input.csv;True;5017695;{"debitId":19170024,"creditId":19170025};20/07/2018 14:57:36
br_curitiba;1fbb9b31e029437feb46193a52ff6cc9;67220592949;72,51;cabify_recarga_normal_2018-07-20_input.csv;True;5017513;{"debitId":19169652,"creditId":19169655};20/07/2018 14:57:36
br_curitiba;6417bb411e17f7879df09d0e0297559b;62454692953;46,87;cabify_recarga_normal_2018-07-20_input.csv;True;4791212;{"debitId":19169541,"creditId":19169542};20/07/2018 14:57:36
br_curitiba;2bfe5fe24da51ce2b32598a9a4458933;20510564801;64,00;cabify_recarga_normal_2018-07-20_input.csv;True;5017545;{"debitId":19170103,"creditId":19170104};20/07/2018 14:57:36
br_curitiba;3487c6f2752e75dad7ba57febacad8b3;03075936146;6,12;cabify_recarga_normal_2018-07-20_input.csv;True;4791319;{"debitId":19169667,"creditId":19169668};20/07/2018 14:57:36
br_curitiba;f57eaddd92f1ec6b38302ddd637712ff;01312270683;25,68;cabify_recarga_normal_2018-07-20_input.csv;True;4791215;{"debitId":19169582,"creditId":19169583};20/07/2018 14:57:36
br_curitiba;76e5edff417c5870d713d499a81e7379;06458386915;69,95;cabify_recarga_normal_2018-07-20_input.csv;True;5017666;{"debitId":19169572,"creditId":19169574};20/07/2018 14:57:36
br_curitiba;f57eaddd92f1ec6b38302ddd63825a9f;92196187968;93,81;cabify_recarga_normal_2018-07-20_input.csv;True;4791217;{"debitId":19169643,"creditId":19169646};20/07/2018 14:57:36
br_curitiba;84d6ef3bce9a5c31516cacbfe2efbda1;03006810970;58,42;cabify_recarga_normal_2018-07-20_input.csv;True;5017505;{"debitId":19169526,"creditId":19169527};20/07/2018 14:57:36
br_curitiba;55ba90367e2ce84359582e5f591d5f20;64039412915;27,67;cabify_recarga_normal_2018-07-20_input.csv;True;4791323;{"debitId":19169374,"creditId":19169378};20/07/2018 14:57:36
br_curitiba;cedc359fc092b03aaf937e7bf4928178;01031908137;21,16;cabify_recarga_normal_2018-07-20_input.csv;True;5017715;{"debitId":19170123,"creditId":19170124};20/07/2018 14:57:36
br_curitiba;98cf25d4e6cddba26ced4c38bbce08bd;01177261685;132,26;cabify_recarga_normal_2018-07-20_input.csv;True;4791134;{"debitId":19169294,"creditId":19169295};20/07/2018 14:57:36
br_curitiba;9c44238e231a5358eb2f22b10809cc56;05197158611;96,53;cabify_recarga_normal_2018-07-20_input.csv;True;5017471;{"debitId":19169901,"creditId":19169904};20/07/2018 14:57:36
br_curitiba;d5e7298451503f17896cb896a15fc95b;02145786902;13,99;cabify_recarga_normal_2018-07-20_input.csv;True;5017543;{"debitId":19170100,"creditId":19170101};20/07/2018 14:57:36
br_curitiba;68fb651cc73fcffc024fc5471044d8cd;09001908926;52,57;cabify_recarga_normal_2018-07-20_input.csv;True;5017506;{"debitId":19169551,"creditId":19169553};20/07/2018 14:57:36
br_curitiba;157b42f3a1a488aec4798fcddabb657f;18592520959;25,96;cabify_recarga_normal_2018-07-20_input.csv;True;5017658;{"debitId":19170085,"creditId":19170086};20/07/2018 14:57:36
br_curitiba;47e22bf4e97295e9bb96cd927b7fb1cd;03137834970;11,74;cabify_recarga_normal_2018-07-20_input.csv;True;5017453;{"debitId":19169649,"creditId":19169650};20/07/2018 14:57:36
br_curitiba;c22b81c1bb42ede214d9dd1520d3b9b0;92138020991;55,33;cabify_recarga_normal_2018-07-20_input.csv;True;5017709;{"debitId":19170110,"creditId":19170112};20/07/2018 14:57:36
br_curitiba;68fb651cc73fcffc024fc54710455aa1;62522000934;127,74;cabify_recarga_normal_2018-07-20_input.csv;True;5017475;{"debitId":19169926,"creditId":19169927};20/07/2018 14:57:36
br_curitiba;3487c6f2752e75dad7ba57febabfa88a;02567304908;25,89;cabify_recarga_normal_2018-07-20_input.csv;True;4791143;{"debitId":19169607,"creditId":19169610};20/07/2018 14:57:36
br_curitiba;d5e7298451503f17896cb896a15f9c29;03382017938;34,60;cabify_recarga_normal_2018-07-20_input.csv;True;5017538;{"debitId":19170054,"creditId":19170057};20/07/2018 14:57:36
br_curitiba;cedc359fc092b03aaf937e7bf48dd423;16338366739;48,51;cabify_recarga_normal_2018-07-20_input.csv;True;4791145;{"debitId":19169638,"creditId":19169639};20/07/2018 14:57:36
br_curitiba;be16f29316434c859267a5ea19d92555;03457092923;15,54;cabify_recarga_normal_2018-07-20_input.csv;True;5017704;{"debitId":19170105,"creditId":19170106};20/07/2018 14:57:36
br_curitiba;32addf2922229e9c62341796bc9bdcbf;01819661580;432,11;cabify_recarga_normal_2018-07-20_input.csv;True;5017619;{"debitId":19169843,"creditId":19169844};20/07/2018 14:57:36
br_curitiba;ca02e22be856d4ef5890c8054c41a294;87246880968;12,10;cabify_recarga_normal_2018-07-20_input.csv;True;4791228;{"debitId":19169217,"creditId":19169220};20/07/2018 14:57:36
br_curitiba;55ba90367e2ce84359582e5f59122691;09730148902;26,30;cabify_recarga_normal_2018-07-20_input.csv;True;5017606;{"debitId":19169596,"creditId":19169598};20/07/2018 14:57:36
br_curitiba;1fbb9b31e029437feb46193a52ffa212;54507014972;173,93;cabify_recarga_normal_2018-07-20_input.csv;True;5017492;{"debitId":19170058,"creditId":19170059};20/07/2018 14:57:36
br_curitiba;cedc359fc092b03aaf937e7bf499c5ed;04252116902;244,16;cabify_recarga_normal_2018-07-20_input.csv;True;4791324;{"debitId":19169493,"creditId":19169494};20/07/2018 14:57:36
br_curitiba;d5e7298451503f17896cb896a160435f;02582701955;17,28;cabify_recarga_normal_2018-07-20_input.csv;True;5017537;{"debitId":19169996,"creditId":19169999};20/07/2018 14:57:36
br_curitiba;47e22bf4e97295e9bb96cd927b782c96;98048600900;14,25;cabify_recarga_normal_2018-07-20_input.csv;True;5017700;{"debitId":19170089,"creditId":19170092};20/07/2018 14:57:36
br_curitiba;a33524db6ef6770f37da9eacbf26c440;84188464968;88,28;cabify_recarga_normal_2018-07-20_input.csv;True;5017555;{"debitId":19170119,"creditId":19170120};20/07/2018 14:57:36
br_curitiba;0a0377a438eacec36b2268896fc56486;18462469899;142,10;cabify_recarga_normal_2018-07-20_input.csv;True;5017667;{"debitId":19169604,"creditId":19169606};20/07/2018 14:57:36
br_curitiba;6a0cab23de08a28d1cab124805834172;95549722968;10,70;cabify_recarga_normal_2018-07-20_input.csv;True;5017597;{"debitId":19169511,"creditId":19169512};20/07/2018 14:57:36
br_curitiba;47e22bf4e97295e9bb96cd927b75debe;05761308428;26,99;cabify_recarga_normal_2018-07-20_input.csv;True;5017716;{"debitId":19169555,"creditId":19169556};20/07/2018 14:57:36
br_curitiba;32addf2922229e9c62341796bc999564;45693951987;13,78;cabify_recarga_normal_2018-07-20_input.csv;True;5017609;{"debitId":19169706,"creditId":19169709};20/07/2018 14:57:36
br_curitiba;a41d8afe439b0c733cec59893f0735fc;03523854997;55,62;cabify_recarga_normal_2018-07-20_input.csv;True;4791152;{"debitId":19169683,"creditId":19169684};20/07/2018 14:57:36
br_curitiba;3487c6f2752e75dad7ba57febac32a2f;03701126879;57,74;cabify_recarga_normal_2018-07-20_input.csv;True;4791322;{"debitId":19169729,"creditId":19169730};20/07/2018 14:57:36
br_curitiba;fd9fc72e5801d579449bd9b12d59b294;08406870958;94,22;cabify_recarga_normal_2018-07-20_input.csv;True;5017628;{"debitId":19169968,"creditId":19169970};20/07/2018 14:57:36
br_curitiba;21bcdda4b7cf9c9c2c002abe9d03d332;04100599943;16,38;cabify_recarga_normal_2018-07-20_input.csv;True;5017439;{"debitId":19169983,"creditId":19169984};20/07/2018 14:57:36
br_curitiba;cfc6380324277bf7268f0f2e8f3d759e;09199222957;6,98;cabify_recarga_normal_2018-07-20_input.csv;True;5017593;{"debitId":19169958,"creditId":19169961};20/07/2018 14:57:36
br_curitiba;7410c775d21dd8e7ff65345754d7bfb0;06696773967;128,54;cabify_recarga_normal_2018-07-20_input.csv;True;5017498;{"debitId":19170070,"creditId":19170071};20/07/2018 14:57:36
br_curitiba;a33524db6ef6770f37da9eacbf28d799;06436236988;26,56;cabify_recarga_normal_2018-07-20_input.csv;True;5017541;{"debitId":19170094,"creditId":19170096};20/07/2018 14:57:36
br_curitiba;32addf2922229e9c62341796bc9aa934;92480128091;32,24;cabify_recarga_normal_2018-07-20_input.csv;True;5017603;{"debitId":19169566,"creditId":19169567};20/07/2018 14:57:36
br_curitiba;47e22bf4e97295e9bb96cd927b75ab2d;04409232983;38,60;cabify_recarga_normal_2018-07-20_input.csv;True;5017452;{"debitId":19169628,"creditId":19169629};20/07/2018 14:57:36
br_curitiba;3487c6f2752e75dad7ba57febac99ef8;02259792928;154,68;cabify_recarga_normal_2018-07-20_input.csv;True;4791318;{"debitId":19169620,"creditId":19169621};20/07/2018 14:57:36
br_curitiba;9973249e31bfce6ba08d66246b5073ce;01031908137;23,51;cabify_recarga_normal_2018-07-20_input.csv;True;5017715;{"debitId":19169533,"creditId":19169534};20/07/2018 14:57:36
br_curitiba;0c64e3d0dceec9ed5ff4869d17814444;28341937034;47,20;cabify_recarga_normal_2018-07-20_input.csv;True;5017422;{"debitId":19169886,"creditId":19169891};20/07/2018 14:57:36
br_curitiba;21bcdda4b7cf9c9c2c002abe9d099ca3;02954977930;366,68;cabify_recarga_normal_2018-07-20_input.csv;True;5017522;{"debitId":19169830,"creditId":19169831};20/07/2018 14:57:36
br_curitiba;cfc6380324277bf7268f0f2e8f3cb388;79506941904;17,54;cabify_recarga_normal_2018-07-20_input.csv;True;5017635;{"debitId":19170015,"creditId":19170016};20/07/2018 14:57:36
br_curitiba;0a0377a438eacec36b2268896fc52b5c;06355274995;98,36;cabify_recarga_normal_2018-07-20_input.csv;True;5017633;{"debitId":19170004,"creditId":19170005};20/07/2018 14:57:36
br_curitiba;593b161f70cb1e9e6990e9cacc5a5761;02387942965;12,06;cabify_recarga_normal_2018-07-20_input.csv;True;4791188;{"debitId":19169836,"creditId":19169838};20/07/2018 14:57:36
br_curitiba;c55f0380554ba572d2041e26903ccf6a;32291263862;113,66;cabify_recarga_normal_2018-07-20_input.csv;True;5017677;{"debitId":19169760,"creditId":19169761};20/07/2018 14:57:36
br_curitiba;98cf25d4e6cddba26ced4c38bbc8e099;93487797968;17,02;cabify_recarga_normal_2018-07-20_input.csv;True;4791148;{"debitId":19169659,"creditId":19169662};20/07/2018 14:57:36
br_curitiba;03f3c16bf9536e012fe05a81b5efc812;08787799901;170,65;cabify_recarga_normal_2018-07-20_input.csv;True;4791186;{"debitId":19169832,"creditId":19169835};20/07/2018 14:57:36
br_curitiba;03f3c16bf9536e012fe05a81b5ef0a55;51929589972;91,77;cabify_recarga_normal_2018-07-20_input.csv;True;4791225;{"debitId":19169520,"creditId":19169521};20/07/2018 14:57:36
br_curitiba;fd9fc72e5801d579449bd9b12d58d513;31879250144;107,19;cabify_recarga_normal_2018-07-20_input.csv;True;4791303;{"debitId":19169855,"creditId":19169857};20/07/2018 14:57:36
br_curitiba;620f03528cbb5f061f15d5d1f4426a81;65356144920;342,50;cabify_recarga_normal_2018-07-20_input.csv;True;4791276;{"debitId":19169794,"creditId":19169797};20/07/2018 14:57:36
br_curitiba;32addf2922229e9c62341796bc99e306;01162133961;15,00;cabify_recarga_normal_2018-07-20_input.csv;True;4791269;{"debitId":19169766,"creditId":19169767};20/07/2018 14:57:36
br_curitiba;d5e7298451503f17896cb896a15fb397;03536761950;110,05;cabify_recarga_normal_2018-07-20_input.csv;True;5017540;{"debitId":19170077,"creditId":19170079};20/07/2018 14:57:36
br_curitiba;21bcdda4b7cf9c9c2c002abe9d08872d;01003758983;42,83;cabify_recarga_normal_2018-07-20_input.csv;True;5017713;{"debitId":19170117,"creditId":19170118};20/07/2018 14:57:36
br_curitiba;ef8ef8604470bc9070249a96315c076b;04146355907;103,65;cabify_recarga_normal_2018-07-20_input.csv;True;5017427;{"debitId":19169907,"creditId":19169909};20/07/2018 14:57:36
br_curitiba;6f439d1b532014c8bfa34833ccfc603a;02607452945;58,94;cabify_recarga_normal_2018-07-20_input.csv;True;5017502;{"debitId":19170081,"creditId":19170082};20/07/2018 14:57:36
br_curitiba;84d6ef3bce9a5c31516cacbfe27042c6;05324272973;27,99;cabify_recarga_normal_2018-07-20_input.csv;True;5017463;{"debitId":19169754,"creditId":19169757};20/07/2018 14:57:36
br_curitiba;2358ead189555a1e5907e36507052ec6;01487987994;58,76;cabify_recarga_normal_2018-07-20_input.csv;True;4791313;{"debitId":19169562,"creditId":19169563};20/07/2018 14:57:36
br_curitiba;c55f0380554ba572d2041e26903e290d;05855135977;24,38;cabify_recarga_normal_2018-07-20_input.csv;True;5017679;{"debitId":19169806,"creditId":19169807};20/07/2018 14:57:36
br_curitiba;cfc6380324277bf7268f0f2e8f3fb6e5;05028039917;124,14;cabify_recarga_normal_2018-07-20_input.csv;True;5017521;{"debitId":19169787,"creditId":19169788};20/07/2018 14:57:36
br_curitiba;476c55c99e1c52e20705ac906953ae63;08458034921;15,44;cabify_recarga_normal_2018-07-20_input.csv;True;5017536;{"debitId":19169973,"creditId":19169974};20/07/2018 14:57:36
br_curitiba;21bcdda4b7cf9c9c2c002abe9d09127d;00072252022;33,78;cabify_recarga_normal_2018-07-20_input.csv;True;5017712;{"debitId":19170115,"creditId":19170116};20/07/2018 14:57:36
br_curitiba;9d402f97712ea702d8f4d61188e1d0c9;05361579955;10,98;cabify_recarga_normal_2018-07-20_input.csv;True;5017617;{"debitId":19169804,"creditId":19169805};20/07/2018 14:57:36
br_curitiba;476c55c99e1c52e20705ac90694f2306;66110580015;96,68;cabify_recarga_normal_2018-07-20_input.csv;True;5017445;{"debitId":19169543,"creditId":19169545};20/07/2018 14:57:36
br_curitiba;8225b11ef148606cb26f12ad6e6fbc8e;63217686934;55,60;cabify_recarga_normal_2018-07-20_input.csv;True;4791255;{"debitId":19169691,"creditId":19169693};20/07/2018 14:57:36
br_curitiba;32addf2922229e9c62341796bc9bbb85;02439554995;56,02;cabify_recarga_normal_2018-07-20_input.csv;True;4791252;{"debitId":19169663,"creditId":19169664};20/07/2018 14:57:36
br_curitiba;266d20595b5c6cec09abb8f97004cd26;18555837987;378,16;cabify_recarga_normal_2018-07-20_input.csv;True;4791168;{"debitId":19169764,"creditId":19169765};20/07/2018 14:57:36
br_curitiba;be16f29316434c859267a5ea19e5c3a4;07484249971;57,26;cabify_recarga_normal_2018-07-20_input.csv;True;4791132;{"debitId":19169557,"creditId":19169558};20/07/2018 14:57:36
br_curitiba;7410c775d21dd8e7ff65345754d7a904;56000308949;77,98;cabify_recarga_normal_2018-07-20_input.csv;True;5017434;{"debitId":19169951,"creditId":19169955};20/07/2018 14:57:36
br_curitiba;ab849226bc0f90e82f220ab8868a20c4;05122788650;12,66;cabify_recarga_normal_2018-07-20_input.csv;True;4791129;{"debitId":19169539,"creditId":19169540};20/07/2018 14:57:36
br_curitiba;2323ebca8cd71a15f4018cd3c5b0130f;75835150920;9,44;cabify_recarga_normal_2018-07-20_input.csv;True;5017594;{"debitId":19169986,"creditId":19169987};20/07/2018 14:57:36
br_curitiba;6a5e670bff4573ea42a23f52995cc99f;03084494959;62,03;cabify_recarga_normal_2018-07-20_input.csv;True;5017567;{"debitId":19169839,"creditId":19169842};20/07/2018 14:57:36
br_curitiba;84d6ef3bce9a5c31516cacbfe2ef6918;01593962983;64,76;cabify_recarga_normal_2018-07-20_input.csv;True;5017467;{"debitId":19169871,"creditId":19169873};20/07/2018 14:57:36
br_curitiba;32addf2922229e9c62341796bc9bd260;02622138938;34,70;cabify_recarga_normal_2018-07-20_input.csv;True;4791259;{"debitId":19169727,"creditId":19169728};20/07/2018 14:57:36
br_curitiba;a04a257a84d488c56fa7ea03081677c0;05501212935;17,98;cabify_recarga_normal_2018-07-20_input.csv;True;4791165;{"debitId":19169504,"creditId":19169505};20/07/2018 14:57:36
br_curitiba;916fca93e77945b29cef8bdd02bc22ef;40522377904;289,55;cabify_recarga_normal_2018-07-20_input.csv;True;5017590;{"debitId":19169956,"creditId":19169957};20/07/2018 14:57:36
br_curitiba;84d6ef3bce9a5c31516cacbfe2705633;25346172904;218,57;cabify_recarga_normal_2018-07-20_input.csv;True;5017489;{"debitId":19170040,"creditId":19170043};20/07/2018 14:57:36
br_curitiba;76e5edff417c5870d713d499a8db5940;87246104968;50,99;cabify_recarga_normal_2018-07-20_input.csv;True;5017651;{"debitId":19170063,"creditId":19170064};20/07/2018 14:57:36
br_curitiba;3487c6f2752e75dad7ba57febac3e0e7;55295452972;39,27;cabify_recarga_normal_2018-07-20_input.csv;True;4791144;{"debitId":19169636,"creditId":19169637};20/07/2018 14:57:36
br_curitiba;a94ebedee3b45c4297d121e8c30eb713;46863974991;40,53;cabify_recarga_normal_2018-07-20_input.csv;True;4791167;{"debitId":19169748,"creditId":19169749};20/07/2018 14:57:36
br_curitiba;98817f59c5db894c9e7b16aac041b1f6;05800574960;37,16;cabify_recarga_normal_2018-07-20_input.csv;True;4791160;{"debitId":19169366,"creditId":19169371};20/07/2018 14:57:36
br_curitiba;752844faffa4a6d899f82c3a29abdc46;03103947917;5,62;cabify_recarga_normal_2018-07-20_input.csv;True;5017423;{"debitId":19169894,"creditId":19169895};20/07/2018 14:57:36
br_curitiba;752844faffa4a6d899f82c3a29b81bf0;01487987994;74,50;cabify_recarga_normal_2018-07-20_input.csv;True;4791313;{"debitId":19169249,"creditId":19169250};20/07/2018 14:57:36
br_curitiba;84d6ef3bce9a5c31516cacbfe27115f2;72487445904;49,17;cabify_recarga_normal_2018-07-20_input.csv;True;5017480;{"debitId":19170010,"creditId":19170011};20/07/2018 14:57:36
br_curitiba;d4956cc8e637dffbc124033f058d1c4c;03990058975;91,87;cabify_recarga_normal_2018-07-20_input.csv;True;5017520;{"debitId":19169742,"creditId":19169743};20/07/2018 14:57:36
br_curitiba;752844faffa4a6d899f82c3a29c2b6a9;08528379922;11,84;cabify_recarga_normal_2018-07-20_input.csv;True;4791247;{"debitId":19169615,"creditId":19169616};20/07/2018 14:57:36
br_curitiba;af22938f4d8fcac7590cdbd0022637ef;63931052915;54,66;cabify_recarga_normal_2018-07-20_input.csv;True;4791205;{"debitId":19169229,"creditId":19169230};20/07/2018 14:57:36
br_curitiba;47e22bf4e97295e9bb96cd927b7f6c93;05186898910;79,08;cabify_recarga_normal_2018-07-20_input.csv;True;5017413;{"debitId":19169818,"creditId":19169822};20/07/2018 14:57:36
br_curitiba;21bcdda4b7cf9c9c2c002abe9d01d99e;08155663957;47,31;cabify_recarga_normal_2018-07-20_input.csv;True;5017523;{"debitId":19169845,"creditId":19169846};20/07/2018 14:57:36
br_curitiba;7344c1db5770b2aae296b4420333a07b;10093861907;59,84;cabify_recarga_normal_2018-07-20_input.csv;True;4791299;{"debitId":19169847,"creditId":19169850};20/07/2018 14:57:36
br_curitiba;ab849226bc0f90e82f220ab8868a98f6;96001470863;41,09;cabify_recarga_normal_2018-07-20_input.csv;True;4791133;{"debitId":19169235,"creditId":19169237};20/07/2018 14:57:36
br_curitiba;21bcdda4b7cf9c9c2c002abe9d05059f;08100057869;32,66;cabify_recarga_normal_2018-07-20_input.csv;True;5017683;{"debitId":19169905,"creditId":19169906};20/07/2018 14:57:36
br_curitiba;84d6ef3bce9a5c31516cacbfe26eda14;04325097988;7,66;cabify_recarga_normal_2018-07-20_input.csv;True;5017479;{"debitId":19170002,"creditId":19170003};20/07/2018 14:57:36
br_curitiba;157b42f3a1a488aec4798fcddabba0d1;01856795950;46,92;cabify_recarga_normal_2018-07-20_input.csv;True;5017669;{"debitId":19169630,"creditId":19169631};20/07/2018 14:57:36
br_curitiba;a04a257a84d488c56fa7ea030816ef75;03852855900;8,15;cabify_recarga_normal_2018-07-20_input.csv;True;5017587;{"debitId":19169918,"creditId":19169921};20/07/2018 14:57:36
br_curitiba;68fb651cc73fcffc024fc5471044c996;01980534950;21,99;cabify_recarga_normal_2018-07-20_input.csv;True;5017465;{"debitId":19169824,"creditId":19169827};20/07/2018 14:57:36
br_curitiba;c55f0380554ba572d2041e26903d2ba6;04996081945;8,59;cabify_recarga_normal_2018-07-20_input.csv;True;5017645;{"debitId":19170046,"creditId":19170049};20/07/2018 14:57:36
br_curitiba;9c44238e231a5358eb2f22b1080bf12b;04172556914;142,72;cabify_recarga_normal_2018-07-20_input.csv;True;5017487;{"debitId":19170036,"creditId":19170038};20/07/2018 14:57:36
br_curitiba;f57eaddd92f1ec6b38302ddd6378ef62;05334784802;14,46;cabify_recarga_normal_2018-07-20_input.csv;True;4791218;{"debitId":19169698,"creditId":19169699};20/07/2018 14:57:36
br_curitiba;be16f29316434c859267a5ea19dd01d6;37429051987;125,52;cabify_recarga_normal_2018-07-20_input.csv;True;4791281;{"debitId":19169816,"creditId":19169817};20/07/2018 14:57:36
br_curitiba;752844faffa4a6d899f82c3a29c3197f;06420504902;62,71;cabify_recarga_normal_2018-07-20_input.csv;True;4791241;{"debitId":19169578,"creditId":19169579};20/07/2018 14:57:36
br_curitiba;2bfe5fe24da51ce2b32598a9a445a77d;72481668987;100,59;cabify_recarga_normal_2018-07-20_input.csv;True;5017542;{"debitId":19170098,"creditId":19170099};20/07/2018 14:57:36
br_curitiba;6417bb411e17f7879df09d0e029d04d3;05337483994;194,04;cabify_recarga_normal_2018-07-20_input.csv;True;4791175;{"debitId":19169790,"creditId":19169791};20/07/2018 14:57:36
br_curitiba;76e5edff417c5870d713d499a820fcb8;51906953953;6,32;cabify_recarga_normal_2018-07-20_input.csv;True;5017671;{"debitId":19169677,"creditId":19169678};20/07/2018 14:57:36
br_curitiba;3487c6f2752e75dad7ba57febabf9566;04394791936;102,89;cabify_recarga_normal_2018-07-20_input.csv;True;4791329;{"debitId":19169752,"creditId":19169753};20/07/2018 14:57:36
br_curitiba;476c55c99e1c52e20705ac9069529452;07680514950;82,49;cabify_recarga_normal_2018-07-20_input.csv;True;5017518;{"debitId":19169714,"creditId":19169716};20/07/2018 14:57:36
br_curitiba;cedc359fc092b03aaf937e7bf493d4f5;00585625913;60,24;cabify_recarga_normal_2018-07-20_input.csv;True;4791135;{"debitId":19169576,"creditId":19169577};20/07/2018 14:57:36
br_curitiba;6a0cab23de08a28d1cab12480583280f;09199222957;35,32;cabify_recarga_normal_2018-07-20_input.csv;True;5017593;{"debitId":19169975,"creditId":19169976};20/07/2018 14:57:36
br_curitiba;9c44238e231a5358eb2f22b108099f78;03013893907;254,47;cabify_recarga_normal_2018-07-20_input.csv;True;5017483;{"debitId":19170029,"creditId":19170032};20/07/2018 14:57:36
br_curitiba;6417bb411e17f7879df09d0e0295c7cd;09367714459;164,67;cabify_recarga_normal_2018-07-20_input.csv;True;4791214;{"debitId":19169312,"creditId":19169316};20/07/2018 14:57:36
br_curitiba;6417bb411e17f7879df09d0e029c5dc7;76047598900;37,89;cabify_recarga_normal_2018-07-20_input.csv;True;4791179;{"debitId":19169812,"creditId":19169815};20/07/2018 14:57:36
br_santos;d0144a467eaa30a5bd8505ac42258f8f;32543729801;33,02;cabify_recarga_normal_2018-07-20_input.csv;True;4815789;{"debitId":19169771,"creditId":19169772};20/07/2018 14:57:36
br_curitiba;a33524db6ef6770f37da9eacbf25e467;08061515792;38,26;cabify_recarga_normal_2018-07-20_input.csv;True;5017569;{"debitId":19169878,"creditId":19169879};20/07/2018 14:57:36
br_curitiba;2aeeeed5c8e0e9eacb195bffbb951032;06011878903;38,05;cabify_recarga_normal_2018-07-20_input.csv;True;5017611;{"debitId":19169736,"creditId":19169740};20/07/2018 14:57:36
br_curitiba;c55f0380554ba572d2041e26903fcc49;07098500933;7,61;cabify_recarga_normal_2018-07-20_input.csv;True;5017584;{"debitId":19169912,"creditId":19169915};20/07/2018 14:57:36
br_curitiba;c55f0380554ba572d2041e26903dbb4c;22058010906;20,94;cabify_recarga_normal_2018-07-20_input.csv;True;5017681;{"debitId":19169874,"creditId":19169875};20/07/2018 14:57:36
br_curitiba;21bcdda4b7cf9c9c2c002abe9d082820;01623286050;65,47;cabify_recarga_normal_2018-07-20_input.csv;True;5017454;{"debitId":19169675,"creditId":19169676};20/07/2018 14:57:36
br_curitiba;0c64e3d0dceec9ed5ff4869d1780ec6d;09530824904;6,76;cabify_recarga_normal_2018-07-20_input.csv;True;5017691;{"debitId":19169946,"creditId":19169949};20/07/2018 14:57:36
br_curitiba;84d6ef3bce9a5c31516cacbfe270dbf6;03139502966;25,84;cabify_recarga_normal_2018-07-20_input.csv;True;5017464;{"debitId":19169778,"creditId":19169781};20/07/2018 14:57:36
