IdCliente;NomeArquivo;CardId;Cpf;DescricaoProcessamento;Recharge;VlRecarga;DataRecarga
1;cabify_recarga_normal_2018-06-05_input.csv;5017673;02299958967;{"debitId":14265933,"creditId":14265935};True;53,36;06/06/2018 10:48:27
1;cabify_recarga_normal_2018-06-05_input.csv;5017631;04692434902;{"debitId":14265926,"creditId":14265927};True;49,55;06/06/2018 10:48:27
1;cabify_recarga_normal_2018-06-05_input.csv;5017611;06011878903;{"debitId":14265912,"creditId":14265914};True;208,86;06/06/2018 10:48:27
1;cabify_recarga_normal_2018-06-05_input.csv;5017620;07568201970;{"debitId":14265918,"creditId":14265921};True;91,45;06/06/2018 10:48:27
1;cabify_recarga_normal_2018-06-05_input.csv;5017610;06200623988;{"debitId":14265906,"creditId":14265907};True;17,41;06/06/2018 10:48:27
1;cabify_recarga_normal_2018-06-05_input.csv;5017653;03836585944;{"debitId":14265924,"creditId":14265925};True;22,64;06/06/2018 10:48:27
