RegionId;CompanyId;Cpf;VlRecarga;NomeArquivo;Recharge;CardId;DescricaoProcessamento;DataRecarga
;;03420909926;5,34;cabify_recarga_correcao_2018-07-18_input.csv;False;;Situacao do cartao nao permitida. Recarga nao realizada.;18/07/2018 16:21:31
;;00916274942;9,76;cabify_recarga_correcao_2018-07-18_input.csv;False;;Situacao do cartao nao permitida. Recarga nao realizada.;18/07/2018 16:21:31
;;03810442976;15,85;cabify_recarga_correcao_2018-07-18_input.csv;False;;Situacao do cartao nao permitida. Recarga nao realizada.;18/07/2018 16:21:31
;;99924773187;172,92;cabify_recarga_correcao_2018-07-18_input.csv;True;4791307;{"debitId":18909278,"creditId":18909281};18/07/2018 16:21:31
;;98790889134;115,65;cabify_recarga_correcao_2018-07-18_input.csv;False;;Situacao do cartao nao permitida. Recarga nao realizada.;18/07/2018 16:21:31
;;03585860900;37,24;cabify_recarga_correcao_2018-07-18_input.csv;False;;Situacao do cartao nao permitida. Recarga nao realizada.;18/07/2018 16:21:31
;;22718891890;133,32;cabify_recarga_correcao_2018-07-18_input.csv;True;5017605;{"debitId":18909285,"creditId":18909286};18/07/2018 16:21:31
