RegionId;CompanyId;Cpf;VlRecarga;NomeArquivo;Recharge;CardId;DescricaoProcessamento;DataRecarga
br_curitiba;2aeeeed5c8e0e9eacb195bffbb951032;06011878903;15,56;cabify_recarga_normal_2018-06-25_input.csv;True;5017611;{"debitId":16404632,"creditId":16404633};26/06/2018 13:31:28
br_curitiba;9c44238e231a5358eb2f22b108099f78;03013893907;107,44;cabify_recarga_normal_2018-06-25_input.csv;True;5017483;{"debitId":16404790,"creditId":16404791};26/06/2018 13:31:28
br_curitiba;752844faffa4a6d899f82c3a29b81bf0;08972247952;36,30;cabify_recarga_normal_2018-06-25_input.csv;True;4791290;{"debitId":16404249,"creditId":16404253};26/06/2018 13:31:28
br_curitiba;f57eaddd92f1ec6b38302ddd637712ff;01312270683;6,58;cabify_recarga_normal_2018-06-25_input.csv;True;4791215;{"debitId":16404662,"creditId":16404663};26/06/2018 13:31:28
br_curitiba;55ba90367e2ce84359582e5f5918562e;06253080938;21,14;cabify_recarga_normal_2018-06-25_input.csv;True;4791266;{"debitId":16404413,"creditId":16404415};26/06/2018 13:31:28
br_curitiba;0c64e3d0dceec9ed5ff4869d178af332;02871242909;26,07;cabify_recarga_normal_2018-06-25_input.csv;True;5017419;{"debitId":16404494,"creditId":16404495};26/06/2018 13:31:28
br_curitiba;55ba90367e2ce84359582e5f591bc9e7;06535722988;0,00;cabify_recarga_normal_2018-06-25_input.csv;True;4791297;{"debitId":16404511,"creditId":16404513};26/06/2018 13:31:28
br_curitiba;ca02e22be856d4ef5890c8054c47e65b;03595860900;18,85;cabify_recarga_normal_2018-06-25_input.csv;True;4791232;{"debitId":16404272,"creditId":16404273};26/06/2018 13:31:28
br_curitiba;98817f59c5db894c9e7b16aac041b1f6;05800574960;7,73;cabify_recarga_normal_2018-06-25_input.csv;True;4791160;{"debitId":16404567,"creditId":16404569};26/06/2018 13:31:28
br_curitiba;fd9fc72e5801d579449bd9b12d59b294;08406870958;25,78;cabify_recarga_normal_2018-06-25_input.csv;True;5017628;{"debitId":16404771,"creditId":16404774};26/06/2018 13:31:28
br_curitiba;f57eaddd92f1ec6b38302ddd63825a9f;92196187968;36,02;cabify_recarga_normal_2018-06-25_input.csv;True;4791217;{"debitId":16404668,"creditId":16404670};26/06/2018 13:31:28
br_curitiba;ef8ef8604470bc9070249a96315c076b;04146355907;21,36;cabify_recarga_normal_2018-06-25_input.csv;True;5017427;{"debitId":16404540,"creditId":16404541};26/06/2018 13:31:28
br_curitiba;a94ebedee3b45c4297d121e8c30eb713;46863974991;128,19;cabify_recarga_normal_2018-06-25_input.csv;True;4791167;{"debitId":16404602,"creditId":16404603};26/06/2018 13:31:28
br_curitiba;6f439d1b532014c8bfa34833ccfc603a;02607452945;96,07;cabify_recarga_normal_2018-06-25_input.csv;True;5017502;{"debitId":16404518,"creditId":16404521};26/06/2018 13:31:28
br_curitiba;68fb651cc73fcffc024fc54710455aa1;62522000934;51,93;cabify_recarga_normal_2018-06-25_input.csv;True;5017475;{"debitId":16404764,"creditId":16404765};26/06/2018 13:31:28
;;00000000000;;cabify_recarga_normal_2018-06-25_input.csv;False;;Cartao nao encontrado;26/06/2018 13:31:28
br_curitiba;593b161f70cb1e9e6990e9cacc5a5761;02387942965;45,38;cabify_recarga_normal_2018-06-25_input.csv;True;4791188;{"debitId":16404490,"creditId":16404493};26/06/2018 13:31:28
br_curitiba;752844faffa4a6d899f82c3a29b960b5;16264311839;63,15;cabify_recarga_normal_2018-06-25_input.csv;True;4791230;{"debitId":16404463,"creditId":16404464};26/06/2018 13:31:28
;;00000000000;;cabify_recarga_normal_2018-06-25_input.csv;False;;Cartao nao encontrado;26/06/2018 13:31:28
br_curitiba;84d6ef3bce9a5c31516cacbfe27042c6;05324272973;6,19;cabify_recarga_normal_2018-06-25_input.csv;True;5017463;{"debitId":16404657,"creditId":16404659};26/06/2018 13:31:28
br_curitiba;03f3c16bf9536e012fe05a81b5ef0a55;51929589972;44,89;cabify_recarga_normal_2018-06-25_input.csv;True;4791225;{"debitId":16404709,"creditId":16404713};26/06/2018 13:31:28
br_curitiba;cedc359fc092b03aaf937e7bf48e32d3;03053018969;301,46;cabify_recarga_normal_2018-06-25_input.csv;True;4791257;{"debitId":16404563,"creditId":16404564};26/06/2018 13:31:28
br_curitiba;412e5e8f318a974f962443148554e32a;07568201970;55,03;cabify_recarga_normal_2018-06-25_input.csv;True;5017620;{"debitId":16404744,"creditId":16404745};26/06/2018 13:31:28
br_curitiba;68fb651cc73fcffc024fc5471044d8cd;09001908926;67,12;cabify_recarga_normal_2018-06-25_input.csv;True;5017506;{"debitId":16404561,"creditId":16404562};26/06/2018 13:31:28
br_curitiba;f57eaddd92f1ec6b38302ddd6378ef62;05334784802;112,93;cabify_recarga_normal_2018-06-25_input.csv;True;4791218;{"debitId":16404681,"creditId":16404682};26/06/2018 13:31:28
br_curitiba;fd9fc72e5801d579449bd9b12d6782a6;01751930963;5,25;cabify_recarga_normal_2018-06-25_input.csv;True;5017417;{"debitId":16404469,"creditId":16404471};26/06/2018 13:31:28
br_curitiba;9c44238e231a5358eb2f22b10809cc56;05197158611;69,32;cabify_recarga_normal_2018-06-25_input.csv;True;5017471;{"debitId":16404752,"creditId":16404753};26/06/2018 13:31:28
br_curitiba;1fbb9b31e029437feb46193a52ff393e;09079673960;7,23;cabify_recarga_normal_2018-06-25_input.csv;True;5017500;{"debitId":16404496,"creditId":16404497};26/06/2018 13:31:28
br_curitiba;3487c6f2752e75dad7ba57febac99ef8;02259792928;42,90;cabify_recarga_normal_2018-06-25_input.csv;True;4791318;{"debitId":16404664,"creditId":16404665};26/06/2018 13:31:28
br_curitiba;0a0377a438eacec36b2268896fc52b5c;06355274995;111,18;cabify_recarga_normal_2018-06-25_input.csv;True;5017633;{"debitId":16404781,"creditId":16404784};26/06/2018 13:31:28
br_curitiba;84d6ef3bce9a5c31516cacbfe270dbf6;03139502966;83,98;cabify_recarga_normal_2018-06-25_input.csv;True;5017464;{"debitId":16404672,"creditId":16404676};26/06/2018 13:31:28
br_curitiba;68fb651cc73fcffc024fc547104526cb;07643013900;111,89;cabify_recarga_normal_2018-06-25_input.csv;True;5017478;{"debitId":16404779,"creditId":16404780};26/06/2018 13:31:28
br_curitiba;76e5edff417c5870d713d499a81e7379;06458386915;64,25;cabify_recarga_normal_2018-06-25_input.csv;True;5017666;{"debitId":16404600,"creditId":16404601};26/06/2018 13:31:28
br_curitiba;752844faffa4a6d899f82c3a29ac22de;08654904739;211,32;cabify_recarga_normal_2018-06-25_input.csv;True;5017695;{"debitId":16404805,"creditId":16404806};26/06/2018 13:31:28
br_curitiba;32addf2922229e9c62341796bc9bdcbf;01819661580;146,93;cabify_recarga_normal_2018-06-25_input.csv;True;5017619;{"debitId":16404736,"creditId":16404737};26/06/2018 13:31:28
br_curitiba;f57eaddd92f1ec6b38302ddd637a57f1;87671182915;24,52;cabify_recarga_normal_2018-06-25_input.csv;True;4791210;{"debitId":16404627,"creditId":16404628};26/06/2018 13:31:28
;;00000000000;;cabify_recarga_normal_2018-06-25_input.csv;False;;Cartao nao encontrado;26/06/2018 13:31:28
br_curitiba;98cf25d4e6cddba26ced4c38bbc902a1;38566311949;23,13;cabify_recarga_normal_2018-06-25_input.csv;True;4791176;{"debitId":16404640,"creditId":16404643};26/06/2018 13:31:28
br_curitiba;cbff527cfc639055cbf59ab3e6ffe85a;05561978950;8,91;cabify_recarga_normal_2018-06-25_input.csv;True;5017558;{"debitId":16404482,"creditId":16404483};26/06/2018 13:31:28
br_curitiba;68fb651cc73fcffc024fc54710468e1c;02890331601;34,32;cabify_recarga_normal_2018-06-25_input.csv;True;5017473;{"debitId":16404754,"creditId":16404755};26/06/2018 13:31:28
br_curitiba;3487c6f2752e75dad7ba57febac253cf;62845616953;132,95;cabify_recarga_normal_2018-06-25_input.csv;True;4791128;{"debitId":16404442,"creditId":16404443};26/06/2018 13:31:28
br_santos;d0144a467eaa30a5bd8505ac42258f8f;32543729801;49,82;cabify_recarga_normal_2018-06-25_input.csv;True;4815789;{"debitId":16404734,"creditId":16404735};26/06/2018 13:31:28
br_curitiba;8972bf524524ed897c87e28a0fead5b6;04771245932;41,73;cabify_recarga_normal_2018-06-25_input.csv;True;5017654;{"debitId":16404429,"creditId":16404432};26/06/2018 13:31:28
br_curitiba;ab849226bc0f90e82f220ab8868655a6;35517581900;29,54;cabify_recarga_normal_2018-06-25_input.csv;True;4791264;{"debitId":16404589,"creditId":16404591};26/06/2018 13:31:28
br_curitiba;752844faffa4a6d899f82c3a29c2b6a9;08528379922;43,84;cabify_recarga_normal_2018-06-25_input.csv;True;4791247;{"debitId":16404526,"creditId":16404529};26/06/2018 13:31:28
br_curitiba;6417bb411e17f7879df09d0e029958cf;04144370984;7,74;cabify_recarga_normal_2018-06-25_input.csv;True;4791164;{"debitId":16404402,"creditId":16404404};26/06/2018 13:31:28
br_curitiba;157b42f3a1a488aec4798fcddabba0d1;01856795950;15,40;cabify_recarga_normal_2018-06-25_input.csv;True;5017669;{"debitId":16404660,"creditId":16404661};26/06/2018 13:31:28
br_curitiba;47ab26f394675157542bd72422512514;05043510609;16,33;cabify_recarga_normal_2018-06-25_input.csv;True;4791200;{"debitId":16404536,"creditId":16404537};26/06/2018 13:31:28
br_curitiba;d5e7298451503f17896cb896a160435f;02582701955;5,82;cabify_recarga_normal_2018-06-25_input.csv;True;5017537;{"debitId":16404798,"creditId":16404800};26/06/2018 13:31:28
br_curitiba;752844faffa4a6d899f82c3a29b04d45;42102171825;69,25;cabify_recarga_normal_2018-06-25_input.csv;True;4791267;{"debitId":16404434,"creditId":16404435};26/06/2018 13:31:28
br_curitiba;0a0377a438eacec36b2268896fc56486;18462469899;61,00;cabify_recarga_normal_2018-06-25_input.csv;True;5017667;{"debitId":16404636,"creditId":16404638};26/06/2018 13:31:28
br_curitiba;6417bb411e17f7879df09d0e029d04d3;73917443953;99,91;cabify_recarga_normal_2018-06-25_input.csv;True;4791173;{"debitId":16404621,"creditId":16404622};26/06/2018 13:31:28
br_curitiba;ab849226bc0f90e82f220ab8868a20c4;05122788650;163,38;cabify_recarga_normal_2018-06-25_input.csv;True;4791129;{"debitId":16404229,"creditId":16404230};26/06/2018 13:31:28
br_curitiba;266d20595b5c6cec09abb8f97004cd26;18555837987;192,12;cabify_recarga_normal_2018-06-25_input.csv;True;4791168;{"debitId":16404619,"creditId":16404620};26/06/2018 13:31:28
br_curitiba;76e5edff417c5870d713d499a8db5940;87246104968;94,61;cabify_recarga_normal_2018-06-25_input.csv;True;5017651;{"debitId":16404419,"creditId":16404420};26/06/2018 13:31:28
br_curitiba;2bfe5fe24da51ce2b32598a9a445a77d;72481668987;14,38;cabify_recarga_normal_2018-06-25_input.csv;True;5017542;{"debitId":16404817,"creditId":16404819};26/06/2018 13:31:28
br_curitiba;3487c6f2752e75dad7ba57febabf9566;04394791936;107,75;cabify_recarga_normal_2018-06-25_input.csv;True;4791329;{"debitId":16404728,"creditId":16404729};26/06/2018 13:31:28
br_curitiba;3487c6f2752e75dad7ba57febac32a2f;03701126879;25,44;cabify_recarga_normal_2018-06-25_input.csv;True;4791322;{"debitId":16404685,"creditId":16404686};26/06/2018 13:31:28
br_curitiba;a04a257a84d488c56fa7ea030816ef75;76387020425;11,87;cabify_recarga_normal_2018-06-25_input.csv;True;4791166;{"debitId":16404423,"creditId":16404425};26/06/2018 13:31:28
br_curitiba;7344c1db5770b2aae296b442032e76e5;45609217920;10,94;cabify_recarga_normal_2018-06-25_input.csv;True;4791153;{"debitId":16404549,"creditId":16404551};26/06/2018 13:31:28
br_curitiba;be16f29316434c859267a5ea19dd01d6;37429051987;160,48;cabify_recarga_normal_2018-06-25_input.csv;True;4791281;{"debitId":16404444,"creditId":16404445};26/06/2018 13:31:28
br_curitiba;1fbb9b31e029437feb46193a52ffa212;54507014972;200,77;cabify_recarga_normal_2018-06-25_input.csv;True;5017492;{"debitId":16404197,"creditId":16404198};26/06/2018 13:31:28
br_curitiba;32addf2922229e9c62341796bc999564;45693951987;50,63;cabify_recarga_normal_2018-06-25_input.csv;True;5017609;{"debitId":16404611,"creditId":16404612};26/06/2018 13:31:28
br_curitiba;8225b11ef148606cb26f12ad6e6ef5ee;05312504823;42,44;cabify_recarga_normal_2018-06-25_input.csv;True;4791254;{"debitId":16404547,"creditId":16404548};26/06/2018 13:31:28
br_curitiba;ca02e22be856d4ef5890c8054c41a294;87246880968;20,52;cabify_recarga_normal_2018-06-25_input.csv;True;4791228;{"debitId":16404205,"creditId":16404207};26/06/2018 13:31:28
br_curitiba;68fb651cc73fcffc024fc5471044c996;01980534950;46,75;cabify_recarga_normal_2018-06-25_input.csv;True;5017465;{"debitId":16404720,"creditId":16404721};26/06/2018 13:31:28
br_curitiba;d5e7298451503f17896cb896a15f9c29;03382017938;52,39;cabify_recarga_normal_2018-06-25_input.csv;True;5017538;{"debitId":16404812,"creditId":16404813};26/06/2018 13:31:28
br_curitiba;af22938f4d8fcac7590cdbd0022637ef;63931052915;73,50;cabify_recarga_normal_2018-06-25_input.csv;True;4791205;{"debitId":16404572,"creditId":16404573};26/06/2018 13:31:28
br_curitiba;1c28bdc0c88c69ff36c17d6efc71ad72;05048430603;60,81;cabify_recarga_normal_2018-06-25_input.csv;True;4791268;{"debitId":16404604,"creditId":16404605};26/06/2018 13:31:28
br_curitiba;55ba90367e2ce84359582e5f591d5f20;64039412915;23,60;cabify_recarga_normal_2018-06-25_input.csv;True;4791323;{"debitId":16404689,"creditId":16404690};26/06/2018 13:31:28
br_curitiba;61ddff4845adcba9473a0894b47eab40;79248098991;44,67;cabify_recarga_normal_2018-06-25_input.csv;True;5017693;{"debitId":16404758,"creditId":16404760};26/06/2018 13:31:28
;;00000000000;;cabify_recarga_normal_2018-06-25_input.csv;False;;Cartao nao encontrado;26/06/2018 13:31:28
br_curitiba;35fd1d6de4280ed53ea93ddb078870ab;05026053912;14,58;cabify_recarga_normal_2018-06-25_input.csv;True;5017421;{"debitId":16404516,"creditId":16404517};26/06/2018 13:31:28
br_curitiba;fd9fc72e5801d579449bd9b12d60b62f;04465980973;126,07;cabify_recarga_normal_2018-06-25_input.csv;True;5017698;{"debitId":16404814,"creditId":16404815};26/06/2018 13:31:28
br_curitiba;4abe5d9b416007666f230d467720ec6d;17077632830;8,80;cabify_recarga_normal_2018-06-25_input.csv;True;5017510;{"debitId":16404614,"creditId":16404618};26/06/2018 13:31:28
br_curitiba;ab849226bc0f90e82f220ab8868a98f6;96001470863;105,05;cabify_recarga_normal_2018-06-25_input.csv;True;4791133;{"debitId":16404484,"creditId":16404485};26/06/2018 13:31:28
br_curitiba;1fbb9b31e029437feb46193a52ff6cc9;67220592949;26,40;cabify_recarga_normal_2018-06-25_input.csv;True;5017513;{"debitId":16404679,"creditId":16404680};26/06/2018 13:31:28
br_curitiba;ca02e22be856d4ef5890c8054c44e715;03878461909;14,92;cabify_recarga_normal_2018-06-25_input.csv;True;4791208;{"debitId":16404608,"creditId":16404609};26/06/2018 13:31:28
br_curitiba;98cf25d4e6cddba26ced4c38bbce08bd;01177261685;130,71;cabify_recarga_normal_2018-06-25_input.csv;True;4791134;{"debitId":16404500,"creditId":16404503};26/06/2018 13:31:28
br_curitiba;84d6ef3bce9a5c31516cacbfe2705633;25346172904;176,16;cabify_recarga_normal_2018-06-25_input.csv;True;5017489;{"debitId":16404792,"creditId":16404793};26/06/2018 13:31:28
br_curitiba;6417bb411e17f7879df09d0e0295c7cd;09367714459;27,30;cabify_recarga_normal_2018-06-25_input.csv;True;4791214;{"debitId":16404655,"creditId":16404656};26/06/2018 13:31:28
br_santos;33072f67030ec131117b07586cdbe4f7;39261578870;52,24;cabify_recarga_normal_2018-06-25_input.csv;True;4815791;{"debitId":16404730,"creditId":16404731};26/06/2018 13:31:28
br_curitiba;68fb651cc73fcffc024fc547104683a1;07362689950;19,13;cabify_recarga_normal_2018-06-25_input.csv;True;5017468;{"debitId":16404747,"creditId":16404749};26/06/2018 13:31:28
br_curitiba;0c64e3d0dceec9ed5ff4869d177c22fb;02896669965;16,21;cabify_recarga_normal_2018-06-25_input.csv;True;4791244;{"debitId":16404506,"creditId":16404507};26/06/2018 13:31:28
br_curitiba;181d5f4f84e37fcd3e35bbbd70b3b89e;68678029900;64,91;cabify_recarga_normal_2018-06-25_input.csv;True;5017665;{"debitId":16404581,"creditId":16404582};26/06/2018 13:31:28
br_curitiba;1fbb9b31e029437feb46193a52ff2f72;02045342913;31,98;cabify_recarga_normal_2018-06-25_input.csv;True;5017514;{"debitId":16404695,"creditId":16404696};26/06/2018 13:31:28
br_curitiba;412e5e8f318a974f962443148550f320;06662076902;33,22;cabify_recarga_normal_2018-06-25_input.csv;True;5017600;{"debitId":16404574,"creditId":16404577};26/06/2018 13:31:28
br_curitiba;6a5e670bff4573ea42a23f52995cc99f;03084494959;7,38;cabify_recarga_normal_2018-06-25_input.csv;True;5017567;{"debitId":16404406,"creditId":16404408};26/06/2018 13:31:28
br_curitiba;ca02e22be856d4ef5890c8054c486d99;07743434940;318,14;cabify_recarga_normal_2018-06-25_input.csv;True;4791182;{"debitId":16404218,"creditId":16404219};26/06/2018 13:31:28
br_curitiba;7344c1db5770b2aae296b4420333a07b;10093861907;373,14;cabify_recarga_normal_2018-06-25_input.csv;True;4791299;{"debitId":16404555,"creditId":16404557};26/06/2018 13:31:28
br_curitiba;3487c6f2752e75dad7ba57febacd7af1;10320390780;7,72;cabify_recarga_normal_2018-06-25_input.csv;True;4791326;{"debitId":16404704,"creditId":16404705};26/06/2018 13:31:28
br_curitiba;7344c1db5770b2aae296b442033476c8;20095384987;103,33;cabify_recarga_normal_2018-06-25_input.csv;True;4791161;{"debitId":16404585,"creditId":16404588};26/06/2018 13:31:28
br_curitiba;752844faffa4a6d899f82c3a29aa99e4;02470282900;26,60;cabify_recarga_normal_2018-06-25_input.csv;True;5017694;{"debitId":16404785,"creditId":16404786};26/06/2018 13:31:28
br_curitiba;c22b81c1bb42ede214d9dd1520d2cf99;06833271941;32,24;cabify_recarga_normal_2018-06-25_input.csv;True;5017708;{"debitId":16404436,"creditId":16404437};26/06/2018 13:31:28
br_curitiba;47ab26f394675157542bd724224f6ba8;38813270372;11,60;cabify_recarga_normal_2018-06-25_input.csv;True;4791196;{"debitId":16404395,"creditId":16404397};26/06/2018 13:31:28
br_curitiba;916fca93e77945b29cef8bdd02bc22ef;40522377904;147,23;cabify_recarga_normal_2018-06-25_input.csv;True;5017590;{"debitId":16404559,"creditId":16404560};26/06/2018 13:31:28
br_curitiba;157b42f3a1a488aec4798fcddabb657f;18592520959;80,38;cabify_recarga_normal_2018-06-25_input.csv;True;5017658;{"debitId":16404542,"creditId":16404544};26/06/2018 13:31:28
br_curitiba;6417bb411e17f7879df09d0e02998da5;02989308970;21,67;cabify_recarga_normal_2018-06-25_input.csv;True;4791207;{"debitId":16404595,"creditId":16404596};26/06/2018 13:31:28
br_curitiba;c22b81c1bb42ede214d9dd1520d3b9b0;92138020991;75,37;cabify_recarga_normal_2018-06-25_input.csv;True;5017709;{"debitId":16404454,"creditId":16404456};26/06/2018 13:31:28
br_curitiba;76e5edff417c5870d713d499a820fcb8;51906953953;11,82;cabify_recarga_normal_2018-06-25_input.csv;True;5017671;{"debitId":16404725,"creditId":16404727};26/06/2018 13:31:28
br_curitiba;620f03528cbb5f061f15d5d1f4426a81;65356144920;247,86;cabify_recarga_normal_2018-06-25_input.csv;True;4791276;{"debitId":16404646,"creditId":16404647};26/06/2018 13:31:28
br_curitiba;03f3c16bf9536e012fe05a81b5efc812;08787799901;85,71;cabify_recarga_normal_2018-06-25_input.csv;True;4791186;{"debitId":16404465,"creditId":16404468};26/06/2018 13:31:28
br_curitiba;6f439d1b532014c8bfa34833ccfd7a4e;31449416896;6,60;cabify_recarga_normal_2018-06-25_input.csv;True;5017499;{"debitId":16404478,"creditId":16404479};26/06/2018 13:31:28
br_curitiba;752844faffa4a6d899f82c3a29b846de;08894183904;30,98;cabify_recarga_normal_2018-06-25_input.csv;False;;Cartao nao encontrado;26/06/2018 13:31:28
br_curitiba;cedc359fc092b03aaf937e7bf48dd423;16338366739;12,10;cabify_recarga_normal_2018-06-25_input.csv;True;4791145;{"debitId":16404530,"creditId":16404535};26/06/2018 13:31:28
br_curitiba;32addf2922229e9c62341796bc9aa934;92480128091;5,90;cabify_recarga_normal_2018-06-25_input.csv;True;5017603;{"debitId":16404598,"creditId":16404599};26/06/2018 13:31:28
br_curitiba;be16f29316434c859267a5ea19e0a013;54949433954;48,43;cabify_recarga_normal_2018-06-25_input.csv;False;;Cartao nao encontrado;26/06/2018 13:31:28
br_curitiba;fd9fc72e5801d579449bd9b12d5f5a79;99634520944;9,88;cabify_recarga_normal_2018-06-25_input.csv;True;5017648;{"debitId":16404450,"creditId":16404451};26/06/2018 13:31:28
br_curitiba;9d402f97712ea702d8f4d61188e1d0c9;05361579955;8,47;cabify_recarga_normal_2018-06-25_input.csv;True;5017617;{"debitId":16404691,"creditId":16404692};26/06/2018 13:31:28
br_curitiba;be16f29316434c859267a5ea19d92555;03457092923;6,62;cabify_recarga_normal_2018-06-25_input.csv;True;5017704;{"debitId":16404822,"creditId":16404825};26/06/2018 13:31:28
br_curitiba;6a5e670bff4573ea42a23f52995cae3f;03788811919;34,74;cabify_recarga_normal_2018-06-25_input.csv;True;5017568;{"debitId":16404447,"creditId":16404448};26/06/2018 13:31:28
br_curitiba;2358ead189555a1e5907e3650702ad9d;01474394779;13,94;cabify_recarga_normal_2018-06-25_input.csv;True;4791328;{"debitId":16404716,"creditId":16404719};26/06/2018 13:31:28
br_curitiba;0c64e3d0dceec9ed5ff4869d1780ec6d;09530824904;12,02;cabify_recarga_normal_2018-06-25_input.csv;True;5017691;{"debitId":16404740,"creditId":16404741};26/06/2018 13:31:28
;;00000000000;;cabify_recarga_normal_2018-06-25_input.csv;False;;Cartao nao encontrado;26/06/2018 13:31:28
