RegionID;CompanyID;DriverNationalIdNum;CostLocal
br_curitiba;9c44238e231a5358eb2f22b10809cc56;05197158611;38,27
br_curitiba;47e22bf4e97295e9bb96cd927b794bee;28450906920;5,31
br_curitiba;2bfe5fe24da51ce2b32598a9a445a77d;72481668987;87,17
br_curitiba;47e22bf4e97295e9bb96cd927b75ab2d;04409232983;26,47
br_curitiba;d4956cc8e637dffbc124033f058d1c4c;03990058975;17,37
br_curitiba;d5e7298451503f17896cb896a15fc95b;02145786902;14,51
br_curitiba;d5e7298451503f17896cb896a160435f;02582701955;50,2
br_curitiba;21bcdda4b7cf9c9c2c002abe9d070f82;00489932983;40,26
br_curitiba;84d6ef3bce9a5c31516cacbfe2705633;25346172904;151,02
br_curitiba;cbff527cfc639055cbf59ab3e6fd16c0;44236042134;8,53
br_curitiba;d5f04aeafc4aaa5f0e50c83e89a25938;07680514950;48,55
br_curitiba;21bcdda4b7cf9c9c2c002abe9d05059f;08100057869;21,17
br_curitiba;47e22bf4e97295e9bb96cd927b7a46ac;01031908137;52,52
br_curitiba;a33524db6ef6770f37da9eacbf26c440;84188464968;27,83
br_curitiba;68fb651cc73fcffc024fc5471044d8cd;09001908926;34,15
br_curitiba;21bcdda4b7cf9c9c2c002abe9d08872d;01003758983;8,83
br_curitiba;21bcdda4b7cf9c9c2c002abe9d07fb5b;07866691959;9,8
br_curitiba;cfc6380324277bf7268f0f2e8f3c9b00;04751056999;6,89
br_curitiba;47e22bf4e97295e9bb96cd927b75debe;05761308428;60,55
br_curitiba;cfc6380324277bf7268f0f2e8f3cb388;79506941904;49,67
br_curitiba;c55f0380554ba572d2041e26903d2ba6;04996081945;61,4
br_curitiba;a33524db6ef6770f37da9eacbf28d799;06436236988;20,21
br_curitiba;55ba90367e2ce84359582e5f5918562e;06253080938;25,64
br_curitiba;21bcdda4b7cf9c9c2c002abe9d0722cc;04654701907;14,18
br_curitiba;d5e7298451503f17896cb896a15fb397;03536761950;210,83
br_curitiba;47e22bf4e97295e9bb96cd927b7fe620;06408448984;40,96
br_curitiba;181d5f4f84e37fcd3e35bbbd70acfcb9;98790889134;38,55
br_curitiba;21bcdda4b7cf9c9c2c002abe9d099ca3;02954977930;288,23
br_curitiba;21bcdda4b7cf9c9c2c002abe9d082820;01623286050;32,28
br_curitiba;2bfe5fe24da51ce2b32598a9a4458933;20510564801;62,29
br_curitiba;21bcdda4b7cf9c9c2c002abe9d0784ef;02552123996;87,67
br_curitiba;d5e7298451503f17896cb896a15f9c29;03382017938;11,91
br_curitiba;47e22bf4e97295e9bb96cd927b7f6c93;05186898910;48,52
br_curitiba;476c55c99e1c52e20705ac906953ae63;08458034921;23,41
br_curitiba;6a5e670bff4573ea42a23f52995cc99f;03084494959;44,22
