RegionId;CompanyId;Cpf;VlRecarga;NomeArquivo;Recharge;CardId;DescricaoProcessamento;DataRecarga
br_curitiba;6a5e670bff4573ea42a23f52995e3f0f;02236983930;27,40;cabify_recarga_normal_2018_07_04_input.csv;True;5017576;{"debitId":17283861,"creditId":17283862};04/07/2018 17:27:12
br_curitiba;6a5e670bff4573ea42a23f52995cae3f;03788811919;17,12;cabify_recarga_normal_2018_07_04_input.csv;True;5017568;{"debitId":17283842,"creditId":17283844};04/07/2018 17:27:12
br_curitiba;84d6ef3bce9a5c31516cacbfe2705633;25346172904;323,05;cabify_recarga_normal_2018_07_04_input.csv;True;5017489;{"debitId":17283847,"creditId":17283848};04/07/2018 17:27:12
br_curitiba;0a0377a438eacec36b2268896fc52b5c;06355274995;75,08;cabify_recarga_normal_2018_07_04_input.csv;True;5017633;{"debitId":17283997,"creditId":17283998};04/07/2018 17:27:12
br_curitiba;47e22bf4e97295e9bb96cd927b7e99f9;10725966955;25,51;cabify_recarga_normal_2018_07_04_input.csv;True;5017525;{"debitId":17283965,"creditId":17283966};04/07/2018 17:27:12
br_santos;d0144a467eaa30a5bd8505ac42258f8f;32543729801;53,38;cabify_recarga_normal_2018_07_04_input.csv;True;4815789;{"debitId":17283971,"creditId":17283972};04/07/2018 17:27:12
br_curitiba;2aeeeed5c8e0e9eacb195bffbb951032;06011878903;24,02;cabify_recarga_normal_2018_07_04_input.csv;True;5017611;{"debitId":17283872,"creditId":17283873};04/07/2018 17:27:12
br_curitiba;3487c6f2752e75dad7ba57febac253cf;62845616953;7,46;cabify_recarga_normal_2018_07_04_input.csv;True;4791128;{"debitId":17283721,"creditId":17283722};04/07/2018 17:27:12
br_curitiba;3487c6f2752e75dad7ba57febac99ef8;02259792928;0,00;cabify_recarga_normal_2018_07_04_input.csv;True;4791318;{"debitId":17283889,"creditId":17283890};04/07/2018 17:27:12
br_curitiba;cedc359fc092b03aaf937e7bf499c5ed;04252116902;71,47;cabify_recarga_normal_2018_07_04_input.csv;True;4791324;{"debitId":17283798,"creditId":17283799};04/07/2018 17:27:12
br_santos;33072f67030ec131117b07586cdbe4f7;39261578870;15,04;cabify_recarga_normal_2018_07_04_input.csv;True;4815791;{"debitId":17283959,"creditId":17283960};04/07/2018 17:27:12
br_curitiba;266d20595b5c6cec09abb8f97004cd26;18555837987;113,54;cabify_recarga_normal_2018_07_04_input.csv;True;4791168;{"debitId":17283969,"creditId":17283970};04/07/2018 17:27:12
br_curitiba;7344c1db5770b2aae296b4420333a07b;10093861907;6,56;cabify_recarga_normal_2018_07_04_input.csv;True;4791299;{"debitId":17284037,"creditId":17284038};04/07/2018 17:27:12
br_curitiba;cfc6380324277bf7268f0f2e8f3c9b00;04751056999;27,67;cabify_recarga_normal_2018_07_04_input.csv;True;5017527;{"debitId":17284029,"creditId":17284032};04/07/2018 17:27:12
br_curitiba;6f439d1b532014c8bfa34833ccfcfbfb;04461467732;0,00;cabify_recarga_normal_2018_07_04_input.csv;True;5017509;{"debitId":17283874,"creditId":17283875};04/07/2018 17:27:12
br_curitiba;1fbb9b31e029437feb46193a52ffa212;54507014972;374,03;cabify_recarga_normal_2018_07_04_input.csv;True;5017492;{"debitId":17283853,"creditId":17283856};04/07/2018 17:27:12
br_curitiba;8972bf524524ed897c87e28a0fead5b6;04771245932;8,87;cabify_recarga_normal_2018_07_04_input.csv;True;5017654;{"debitId":17284114,"creditId":17284115};04/07/2018 17:27:12
br_curitiba;ff14d704e900969fc94cadb7ff12d057;08170845920;0,00;cabify_recarga_normal_2018_07_04_input.csv;False;;Cartao nao encontrado;04/07/2018 17:27:12
br_curitiba;2bfe5fe24da51ce2b32598a9a443c84a;09173333905;42,28;cabify_recarga_normal_2018_07_04_input.csv;True;5017553;{"debitId":17284142,"creditId":17284147};04/07/2018 17:27:12
br_curitiba;fd9fc72e5801d579449bd9b12d58d513;31879250144;68,21;cabify_recarga_normal_2018_07_04_input.csv;True;4791303;{"debitId":17284041,"creditId":17284047};04/07/2018 17:27:12
br_curitiba;98817f59c5db894c9e7b16aac041b1f6;05800574960;8,66;cabify_recarga_normal_2018_07_04_input.csv;True;4791160;{"debitId":17283951,"creditId":17283954};04/07/2018 17:27:12
br_curitiba;03f3c16bf9536e012fe05a81b5efc812;08787799901;34,56;cabify_recarga_normal_2018_07_04_input.csv;True;4791186;{"debitId":17283987,"creditId":17283988};04/07/2018 17:27:12
br_curitiba;47e22bf4e97295e9bb96cd927b75debe;05761308428;37,73;cabify_recarga_normal_2018_07_04_input.csv;True;5017716;{"debitId":17283903,"creditId":17283904};04/07/2018 17:27:12
br_curitiba;68fb651cc73fcffc024fc54710470c6d;45658897904;0,00;cabify_recarga_normal_2018_07_04_input.csv;True;5017485;{"debitId":17284099,"creditId":17284100};04/07/2018 17:27:12
br_curitiba;fd9fc72e5801d579449bd9b12d60b62f;04465980973;62,44;cabify_recarga_normal_2018_07_04_input.csv;True;5017698;{"debitId":17284128,"creditId":17284129};04/07/2018 17:27:12
br_curitiba;ff14d704e900969fc94cadb7ff12d057;08170845920;0,00;cabify_recarga_normal_2018_07_04_input.csv;False;;Cartao nao encontrado;04/07/2018 17:27:12
br_curitiba;3487c6f2752e75dad7ba57febac32a2f;03701126879;35,48;cabify_recarga_normal_2018_07_04_input.csv;True;4791322;{"debitId":17283942,"creditId":17283944};04/07/2018 17:27:12
br_curitiba;cfc6380324277bf7268f0f2e8f3d00f9;70172013020;35,37;cabify_recarga_normal_2018_07_04_input.csv;True;5017686;{"debitId":17284059,"creditId":17284060};04/07/2018 17:27:12
br_curitiba;620f03528cbb5f061f15d5d1f4426a81;65356144920;154,42;cabify_recarga_normal_2018_07_04_input.csv;True;4791276;{"debitId":17283984,"creditId":17283986};04/07/2018 17:27:12
br_curitiba;47ab26f394675157542bd72422512514;05043510609;76,70;cabify_recarga_normal_2018_07_04_input.csv;True;4791200;{"debitId":17284017,"creditId":17284018};04/07/2018 17:27:12
br_curitiba;fd9fc72e5801d579449bd9b12d59b294;08406870958;41,86;cabify_recarga_normal_2018_07_04_input.csv;True;5017628;{"debitId":17283963,"creditId":17283964};04/07/2018 17:27:12
br_curitiba;cbff527cfc639055cbf59ab3e6ffe85a;05561978950;17,06;cabify_recarga_normal_2018_07_04_input.csv;True;5017558;{"debitId":17283929,"creditId":17283934};04/07/2018 17:27:12
br_curitiba;ca02e22be856d4ef5890c8054c44e715;03878461909;6,08;cabify_recarga_normal_2018_07_04_input.csv;True;4791208;{"debitId":17284065,"creditId":17284067};04/07/2018 17:27:12
br_curitiba;68fb651cc73fcffc024fc5471044c996;01980534950;8,50;cabify_recarga_normal_2018_07_04_input.csv;True;5017465;{"debitId":17283921,"creditId":17283922};04/07/2018 17:27:12
br_curitiba;cfc6380324277bf7268f0f2e8f3d759e;08247993996;32,35;cabify_recarga_normal_2018_07_04_input.csv;True;5017437;{"debitId":17284076,"creditId":17284078};04/07/2018 17:27:12
br_curitiba;d5e7298451503f17896cb896a15fb397;03536761950;21,38;cabify_recarga_normal_2018_07_04_input.csv;True;5017540;{"debitId":17284132,"creditId":17284135};04/07/2018 17:27:12
br_curitiba;35fd1d6de4280ed53ea93ddb078870ab;05026053912;55,31;cabify_recarga_normal_2018_07_04_input.csv;True;5017421;{"debitId":17283849,"creditId":17283850};04/07/2018 17:27:12
br_curitiba;c44b7e0b70ebe7ebe9e108cf6100a9d9;81349998915;20,44;cabify_recarga_normal_2018_07_04_input.csv;True;5017565;{"debitId":17284019,"creditId":17284020};04/07/2018 17:27:12
br_curitiba;3487c6f2752e75dad7ba57febacd7af1;10320390780;34,41;cabify_recarga_normal_2018_07_04_input.csv;True;4791326;{"debitId":17283824,"creditId":17283825};04/07/2018 17:27:12
br_curitiba;84d6ef3bce9a5c31516cacbfe2efbda1;03006810970;194,28;cabify_recarga_normal_2018_07_04_input.csv;True;5017505;{"debitId":17283715,"creditId":17283717};04/07/2018 17:27:12
br_curitiba;47e22bf4e97295e9bb96cd927b7fe620;06408448984;81,10;cabify_recarga_normal_2018_07_04_input.csv;True;5017448;{"debitId":17284089,"creditId":17284090};04/07/2018 17:27:12
br_curitiba;2bfe5fe24da51ce2b32598a9a445a77d;72481668987;10,45;cabify_recarga_normal_2018_07_04_input.csv;True;5017542;{"debitId":17284136,"creditId":17284137};04/07/2018 17:27:12
br_curitiba;84d6ef3bce9a5c31516cacbfe27115f2;72487445904;5,98;cabify_recarga_normal_2018_07_04_input.csv;True;5017480;{"debitId":17284023,"creditId":17284025};04/07/2018 17:27:12
br_curitiba;7344c1db5770b2aae296b442033476c8;20095384987;25,85;cabify_recarga_normal_2018_07_04_input.csv;True;4791161;{"debitId":17283957,"creditId":17283958};04/07/2018 17:27:12
br_curitiba;68fb651cc73fcffc024fc5471044d8cd;09001908926;12,03;cabify_recarga_normal_2018_07_04_input.csv;True;5017506;{"debitId":17283896,"creditId":17283899};04/07/2018 17:27:12
br_curitiba;98cf25d4e6cddba26ced4c38bbd568ab;01751959945;20,98;cabify_recarga_normal_2018_07_04_input.csv;True;4791316;{"debitId":17283733,"creditId":17283734};04/07/2018 17:27:12
br_curitiba;9c44238e231a5358eb2f22b108099f78;03013893907;159,50;cabify_recarga_normal_2018_07_04_input.csv;True;5017483;{"debitId":17284080,"creditId":17284081};04/07/2018 17:27:12
br_curitiba;ff14d704e900969fc94cadb7ff12d057;08170845920;0,00;cabify_recarga_normal_2018_07_04_input.csv;False;;Cartao nao encontrado;04/07/2018 17:27:12
br_curitiba;21bcdda4b7cf9c9c2c002abe9d0784ef;02552123996;16,73;cabify_recarga_normal_2018_07_04_input.csv;True;5017409;{"debitId":17283989,"creditId":17283994};04/07/2018 17:27:12
br_curitiba;21bcdda4b7cf9c9c2c002abe9d099ca3;02954977930;74,24;cabify_recarga_normal_2018_07_04_input.csv;True;5017522;{"debitId":17283948,"creditId":17283949};04/07/2018 17:27:12
br_curitiba;593b161f70cb1e9e6990e9cacc5a5761;02387942965;12,87;cabify_recarga_normal_2018_07_04_input.csv;True;4791188;{"debitId":17284011,"creditId":17284012};04/07/2018 17:27:12
br_curitiba;32addf2922229e9c62341796bc9bdcbf;01819661580;191,77;cabify_recarga_normal_2018_07_04_input.csv;True;5017619;{"debitId":17283946,"creditId":17283947};04/07/2018 17:27:12
br_curitiba;47e22bf4e97295e9bb96cd927b7ca450;08359378606;47,17;cabify_recarga_normal_2018_07_04_input.csv;True;5017526;{"debitId":17283978,"creditId":17283979};04/07/2018 17:27:12
br_curitiba;76e5edff417c5870d713d499a8db5940;87246104968;14,37;cabify_recarga_normal_2018_07_04_input.csv;True;5017651;{"debitId":17283866,"creditId":17283867};04/07/2018 17:27:12
br_curitiba;a94ebedee3b45c4297d121e8c30eb713;46863974991;37,25;cabify_recarga_normal_2018_07_04_input.csv;True;4791167;{"debitId":17283967,"creditId":17283968};04/07/2018 17:27:12
br_curitiba;68fb651cc73fcffc024fc547104583cf;06580967960;0,00;cabify_recarga_normal_2018_07_04_input.csv;True;5017488;{"debitId":17283839,"creditId":17283840};04/07/2018 17:27:12
br_curitiba;f57eaddd92f1ec6b38302ddd6378ef62;05334784802;79,08;cabify_recarga_normal_2018_07_04_input.csv;True;4791218;{"debitId":17283916,"creditId":17283919};04/07/2018 17:27:12
br_curitiba;21bcdda4b7cf9c9c2c002abe9d05059f;08100057869;24,37;cabify_recarga_normal_2018_07_04_input.csv;True;5017683;{"debitId":17284003,"creditId":17284004};04/07/2018 17:27:12
br_curitiba;ab849226bc0f90e82f220ab8868a98f6;96001470863;60,85;cabify_recarga_normal_2018_07_04_input.csv;True;4791133;{"debitId":17283907,"creditId":17283908};04/07/2018 17:27:12
br_curitiba;ab849226bc0f90e82f220ab8868a20c4;05122788650;21,93;cabify_recarga_normal_2018_07_04_input.csv;True;4791129;{"debitId":17283885,"creditId":17283886};04/07/2018 17:27:12
br_curitiba;68fb651cc73fcffc024fc547104526cb;07643013900;18,81;cabify_recarga_normal_2018_07_04_input.csv;True;5017478;{"debitId":17283973,"creditId":17283975};04/07/2018 17:27:12
br_curitiba;ff14d704e900969fc94cadb7ff12d057;08170845920;0,00;cabify_recarga_normal_2018_07_04_input.csv;False;;Cartao nao encontrado;04/07/2018 17:27:12
br_curitiba;cfc6380324277bf7268f0f2e8f3fb6e5;05028039917;40,74;cabify_recarga_normal_2018_07_04_input.csv;True;5017521;{"debitId":17283925,"creditId":17283928};04/07/2018 17:27:12
br_curitiba;98cf25d4e6cddba26ced4c38bbc8e099;93487797968;15,98;cabify_recarga_normal_2018_07_04_input.csv;True;4791148;{"debitId":17283937,"creditId":17283938};04/07/2018 17:27:12
br_curitiba;1fbb9b31e029437feb46193a52ff393e;09079673960;17,43;cabify_recarga_normal_2018_07_04_input.csv;True;5017500;{"debitId":17284116,"creditId":17284118};04/07/2018 17:27:12
br_curitiba;47e22bf4e97295e9bb96cd927b75ab2d;04409232983;74,91;cabify_recarga_normal_2018_07_04_input.csv;True;5017452;{"debitId":17284094,"creditId":17284095};04/07/2018 17:27:12
br_curitiba;157b42f3a1a488aec4798fcddabba0d1;01856795950;12,32;cabify_recarga_normal_2018_07_04_input.csv;True;5017669;{"debitId":17283883,"creditId":17283884};04/07/2018 17:27:12
br_curitiba;d5e7298451503f17896cb896a15f9c29;03382017938;17,01;cabify_recarga_normal_2018_07_04_input.csv;True;5017538;{"debitId":17284109,"creditId":17284110};04/07/2018 17:27:12
br_curitiba;55ba90367e2ce84359582e5f5918562e;01031908137;5,46;cabify_recarga_normal_2018_07_04_input.csv;True;5017715;{"debitId":17283881,"creditId":17283882};04/07/2018 17:27:12
br_curitiba;3487c6f2752e75dad7ba57febabfa88a;02567304908;20,39;cabify_recarga_normal_2018_07_04_input.csv;True;4791143;{"debitId":17283806,"creditId":17283807};04/07/2018 17:27:12
br_curitiba;d5e7298451503f17896cb896a160435f;02582701955;11,20;cabify_recarga_normal_2018_07_04_input.csv;True;5017537;{"debitId":17284086,"creditId":17284087};04/07/2018 17:27:12
br_curitiba;752844faffa4a6d899f82c3a29c3197f;06420504902;9,68;cabify_recarga_normal_2018_07_04_input.csv;True;4791241;{"debitId":17283751,"creditId":17283755};04/07/2018 17:27:12
br_curitiba;84d6ef3bce9a5c31516cacbfe270c269;01640349944;10,77;cabify_recarga_normal_2018_07_04_input.csv;True;5017481;{"debitId":17284055,"creditId":17284056};04/07/2018 17:27:12
br_curitiba;6417bb411e17f7879df09d0e0295c7cd;09367714459;68,71;cabify_recarga_normal_2018_07_04_input.csv;True;4791214;{"debitId":17284074,"creditId":17284075};04/07/2018 17:27:12
br_curitiba;47e22bf4e97295e9bb96cd927b7fca15;03075189650;47,38;cabify_recarga_normal_2018_07_04_input.csv;True;5017412;{"debitId":17284051,"creditId":17284054};04/07/2018 17:27:12
br_curitiba;9c44238e231a5358eb2f22b1080bf12b;04172556914;31,78;cabify_recarga_normal_2018_07_04_input.csv;True;5017487;{"debitId":17284103,"creditId":17284104};04/07/2018 17:27:12
br_curitiba;9d402f97712ea702d8f4d61188e1d0c9;05361579955;0,00;cabify_recarga_normal_2018_07_04_input.csv;True;5017617;{"debitId":17283892,"creditId":17283893};04/07/2018 17:27:12
br_curitiba;6a5e670bff4573ea42a23f52995cc99f;03084494959;6,92;cabify_recarga_normal_2018_07_04_input.csv;True;5017567;{"debitId":17283832,"creditId":17283835};04/07/2018 17:27:12
br_curitiba;be16f29316434c859267a5ea19d4c80c;87160978900;20,51;cabify_recarga_normal_2018_07_04_input.csv;True;5017702;{"debitId":17284140,"creditId":17284141};04/07/2018 17:27:12
