RegionId;CompanyId;Cpf;VlRecarga;NomeArquivo;Recharge;CardId;DescricaoProcessamento;DataRecarga
;;65356144920;356,16;cabify_recarga_normal_2018-07-18_input.csv;True;4791276;{"debitId":18891682,"creditId":18891683};18/07/2018 14:34:44
;;16853392809;6,14;cabify_recarga_normal_2018-07-18_input.csv;True;4791304;{"debitId":18891604,"creditId":18891606};18/07/2018 14:34:44
;;87662329968;4,50;cabify_recarga_normal_2018-07-18_input.csv;True;4791158;{"debitId":18891648,"creditId":18891650};18/07/2018 14:34:44
;;08972247952;17,09;cabify_recarga_normal_2018-07-18_input.csv;True;4791290;{"debitId":18891576,"creditId":18891580};18/07/2018 14:34:44
;;32543729801;42,30;cabify_recarga_normal_2018-07-18_input.csv;True;4815789;{"debitId":18891738,"creditId":18891740};18/07/2018 14:34:44
;;09569572930;32,42;cabify_recarga_normal_2018-07-18_input.csv;True;5017684;{"debitId":18891764,"creditId":18891765};18/07/2018 14:34:44
;;03852855900;5,38;cabify_recarga_normal_2018-07-18_input.csv;True;5017587;{"debitId":18891766,"creditId":18891767};18/07/2018 14:34:44
;;02387942965;14,06;cabify_recarga_normal_2018-07-18_input.csv;True;4791188;{"debitId":18891556,"creditId":18891560};18/07/2018 14:34:44
;;29571484806;9,22;cabify_recarga_normal_2018-07-18_input.csv;True;4791308;{"debitId":18891634,"creditId":18891635};18/07/2018 14:34:44
;;05122788650;30,89;cabify_recarga_normal_2018-07-18_input.csv;True;4791129;{"debitId":18891391,"creditId":18891393};18/07/2018 14:34:44
;;05043510609;58,49;cabify_recarga_normal_2018-07-18_input.csv;True;4791200;{"debitId":18891421,"creditId":18891422};18/07/2018 14:34:44
;;06487182982;29,76;cabify_recarga_normal_2018-07-18_input.csv;True;4791283;{"debitId":18891732,"creditId":18891736};18/07/2018 14:34:44
;;04465980973;65,61;cabify_recarga_normal_2018-07-18_input.csv;True;5017698;{"debitId":18891819,"creditId":18891820};18/07/2018 14:34:44
;;62454692953;4,50;cabify_recarga_normal_2018-07-18_input.csv;True;4791212;{"debitId":18891654,"creditId":18891656};18/07/2018 14:34:44
;;75835150920;5,90;cabify_recarga_normal_2018-07-18_input.csv;True;5017594;{"debitId":18891583,"creditId":18891584};18/07/2018 14:34:44
;;01008313971;11,21;cabify_recarga_normal_2018-07-18_input.csv;True;5017436;{"debitId":18891774,"creditId":18891775};18/07/2018 14:34:44
;;06355274995;53,48;cabify_recarga_normal_2018-07-18_input.csv;True;5017633;{"debitId":18891781,"creditId":18891785};18/07/2018 14:34:44
;;07251121905;4,50;cabify_recarga_normal_2018-07-18_input.csv;True;5420747;{"debitId":18891592,"creditId":18891594};18/07/2018 14:34:44
;;59956720968;57,21;cabify_recarga_normal_2018-07-18_input.csv;True;4791258;{"debitId":18891643,"creditId":18891647};18/07/2018 14:34:44
;;06696773967;4,50;cabify_recarga_normal_2018-07-18_input.csv;True;5017498;{"debitId":18891815,"creditId":18891818};18/07/2018 14:34:44
;;04692434902;27,53;cabify_recarga_normal_2018-07-18_input.csv;True;5017631;{"debitId":18891776,"creditId":18891777};18/07/2018 14:34:44
;;56564716915;14,21;cabify_recarga_normal_2018-07-18_input.csv;True;5017517;{"debitId":18891638,"creditId":18891639};18/07/2018 14:34:44
;;67220592949;48,49;cabify_recarga_normal_2018-07-18_input.csv;True;5017513;{"debitId":18891621,"creditId":18891622};18/07/2018 14:34:44
;;40522377904;45,38;cabify_recarga_normal_2018-07-18_input.csv;True;5017590;{"debitId":18891769,"creditId":18891771};18/07/2018 14:34:44
;;03053018969;30,00;cabify_recarga_normal_2018-07-18_input.csv;True;4791257;{"debitId":18891631,"creditId":18891633};18/07/2018 14:34:44
;;09367714459;50,37;cabify_recarga_normal_2018-07-18_input.csv;True;4791214;{"debitId":18891464,"creditId":18891465};18/07/2018 14:34:44
;;04252116902;204,39;cabify_recarga_normal_2018-07-18_input.csv;True;4791324;{"debitId":18891673,"creditId":18891674};18/07/2018 14:34:44
;;05334784802;147,68;cabify_recarga_normal_2018-07-18_input.csv;True;4791218;{"debitId":18891536,"creditId":18891537};18/07/2018 14:34:44
;;37429051987;15,00;cabify_recarga_normal_2018-07-18_input.csv;True;4791281;{"debitId":18891727,"creditId":18891730};18/07/2018 14:34:44
;;06458386915;15,11;cabify_recarga_normal_2018-07-18_input.csv;True;5017666;{"debitId":18891565,"creditId":18891566};18/07/2018 14:34:44
;;04172556914;29,14;cabify_recarga_normal_2018-07-18_input.csv;True;5017487;{"debitId":18891796,"creditId":18891797};18/07/2018 14:34:44
;;01426766084;13,18;cabify_recarga_normal_2018-07-18_input.csv;True;5017548;{"debitId":18891846,"creditId":18891847};18/07/2018 14:34:44
;;03382017938;30,19;cabify_recarga_normal_2018-07-18_input.csv;True;5017538;{"debitId":18891798,"creditId":18891799};18/07/2018 14:34:44
;;96001470863;84,49;cabify_recarga_normal_2018-07-18_input.csv;True;4791133;{"debitId":18891554,"creditId":18891555};18/07/2018 14:34:44
;;63217686934;23,32;cabify_recarga_normal_2018-07-18_input.csv;True;4791255;{"debitId":18891628,"creditId":18891629};18/07/2018 14:34:44
;;76047598900;6,20;cabify_recarga_normal_2018-07-18_input.csv;True;4791179;{"debitId":18891699,"creditId":18891700};18/07/2018 14:34:44
;;01856795950;27,90;cabify_recarga_normal_2018-07-18_input.csv;True;5017669;{"debitId":18891587,"creditId":18891588};18/07/2018 14:34:44
;;10320390780;14,67;cabify_recarga_normal_2018-07-18_input.csv;True;4791326;{"debitId":18891686,"creditId":18891687};18/07/2018 14:34:44
;;08787799901;20,43;cabify_recarga_normal_2018-07-18_input.csv;True;4791186;{"debitId":18891403,"creditId":18891404};18/07/2018 14:34:44
;;03733546903;68,21;cabify_recarga_normal_2018-07-18_input.csv;True;5420472;{"debitId":18891569,"creditId":18891570};18/07/2018 14:34:44
;;87246104968;33,23;cabify_recarga_normal_2018-07-18_input.csv;True;5017651;{"debitId":18891813,"creditId":18891814};18/07/2018 14:34:44
;;05028039917;54,40;cabify_recarga_normal_2018-07-18_input.csv;True;5017521;{"debitId":18891677,"creditId":18891678};18/07/2018 14:34:44
;;00364556951;14,54;cabify_recarga_normal_2018-07-18_input.csv;True;5017444;{"debitId":18891636,"creditId":18891637};18/07/2018 14:34:44
;;92138020991;37,38;cabify_recarga_normal_2018-07-18_input.csv;True;5017709;{"debitId":18891850,"creditId":18891853};18/07/2018 14:34:44
;;02954977930;123,94;cabify_recarga_normal_2018-07-18_input.csv;True;5017522;{"debitId":18891691,"creditId":18891692};18/07/2018 14:34:44
;;07743434940;15,00;cabify_recarga_normal_2018-07-18_input.csv;True;4791182;{"debitId":18891702,"creditId":18891705};18/07/2018 14:34:44
;;01593962983;16,20;cabify_recarga_normal_2018-07-18_input.csv;True;5017467;{"debitId":18891742,"creditId":18891743};18/07/2018 14:34:44
;;06011878903;21,84;cabify_recarga_normal_2018-07-18_input.csv;True;5017611;{"debitId":18891689,"creditId":18891690};18/07/2018 14:34:44
;;95549722968;47,19;cabify_recarga_normal_2018-07-18_input.csv;True;5017597;{"debitId":18891614,"creditId":18891616};18/07/2018 14:34:44
;;92480128091;13,69;cabify_recarga_normal_2018-07-18_input.csv;True;5017603;{"debitId":18891657,"creditId":18891658};18/07/2018 14:34:44
;;09001908926;26,32;cabify_recarga_normal_2018-07-18_input.csv;True;5017506;{"debitId":18891542,"creditId":18891545};18/07/2018 14:34:44
;;18592520959;33,48;cabify_recarga_normal_2018-07-18_input.csv;True;5017658;{"debitId":18891821,"creditId":18891822};18/07/2018 14:34:44
;;06253080938;109,25;cabify_recarga_normal_2018-07-18_input.csv;True;4791266;{"debitId":18891459,"creditId":18891460};18/07/2018 14:34:44
;;46863974991;28,56;cabify_recarga_normal_2018-07-18_input.csv;True;4791167;{"debitId":18891517,"creditId":18891519};18/07/2018 14:34:44
;;04449933982;9,17;cabify_recarga_normal_2018-07-18_input.csv;True;5017560;{"debitId":18891552,"creditId":18891553};18/07/2018 14:34:44
;;31879250144;103,18;cabify_recarga_normal_2018-07-18_input.csv;True;4791303;{"debitId":18891436,"creditId":18891440};18/07/2018 14:34:44
;;73917443953;75,95;cabify_recarga_normal_2018-07-18_input.csv;True;4791173;{"debitId":18891680,"creditId":18891681};18/07/2018 14:34:44
;;03084494959;16,31;cabify_recarga_normal_2018-07-18_input.csv;True;5017567;{"debitId":18891748,"creditId":18891749};18/07/2018 14:34:44
;;02236983930;38,65;cabify_recarga_normal_2018-07-18_input.csv;True;5017576;{"debitId":18891756,"creditId":18891758};18/07/2018 14:34:44
;;03013893907;97,09;cabify_recarga_normal_2018-07-18_input.csv;True;5017483;{"debitId":18891791,"creditId":18891794};18/07/2018 14:34:44
;;01177261685;11,24;cabify_recarga_normal_2018-07-18_input.csv;True;4791134;{"debitId":18891407,"creditId":18891408};18/07/2018 14:34:44
;;03806557993;41,00;cabify_recarga_normal_2018-07-18_input.csv;True;5017613;{"debitId":18891714,"creditId":18891718};18/07/2018 14:34:44
;;03990058975;13,13;cabify_recarga_normal_2018-07-18_input.csv;True;5017520;{"debitId":18891662,"creditId":18891663};18/07/2018 14:34:44
;;42102171825;5,18;cabify_recarga_normal_2018-07-18_input.csv;True;4791267;{"debitId":18891471,"creditId":18891472};18/07/2018 14:34:44
;;06200623988;24,15;cabify_recarga_normal_2018-07-18_input.csv;True;5017610;{"debitId":18891675,"creditId":18891676};18/07/2018 14:34:44
;;03536761950;137,48;cabify_recarga_normal_2018-07-18_input.csv;True;5017540;{"debitId":18891825,"creditId":18891826};18/07/2018 14:34:44
;;05550605864;27,86;cabify_recarga_normal_2018-07-18_input.csv;True;4791242;{"debitId":18891429,"creditId":18891430};18/07/2018 14:34:44
;;04996081945;35,14;cabify_recarga_normal_2018-07-18_input.csv;True;5017645;{"debitId":18891809,"creditId":18891811};18/07/2018 14:34:44
;;04751056999;25,36;cabify_recarga_normal_2018-07-18_input.csv;True;5017527;{"debitId":18891744,"creditId":18891745};18/07/2018 14:34:44
;;04394791936;81,57;cabify_recarga_normal_2018-07-18_input.csv;True;4791329;{"debitId":18891711,"creditId":18891712};18/07/2018 14:34:44
;;10725966955;6,63;cabify_recarga_normal_2018-07-18_input.csv;True;5017525;{"debitId":18891725,"creditId":18891726};18/07/2018 14:34:44
;;02439554995;20,35;cabify_recarga_normal_2018-07-18_input.csv;True;4791252;{"debitId":18891596,"creditId":18891599};18/07/2018 14:34:44
;;18555837987;393,63;cabify_recarga_normal_2018-07-18_input.csv;True;4791168;{"debitId":18891664,"creditId":18891665};18/07/2018 14:34:44
;;55295452972;27,35;cabify_recarga_normal_2018-07-18_input.csv;True;4791144;{"debitId":18891571,"creditId":18891572};18/07/2018 14:34:44
;;72481668987;34,61;cabify_recarga_normal_2018-07-18_input.csv;True;5017542;{"debitId":18891833,"creditId":18891839};18/07/2018 14:34:44
;;79506941904;24,81;cabify_recarga_normal_2018-07-18_input.csv;True;5017635;{"debitId":18891789,"creditId":18891790};18/07/2018 14:34:44
;;03070708919;14,99;cabify_recarga_normal_2018-07-18_input.csv;True;5017416;{"debitId":18891750,"creditId":18891752};18/07/2018 14:34:44
;;25346172904;112,03;cabify_recarga_normal_2018-07-18_input.csv;True;5017489;{"debitId":18891800,"creditId":18891802};18/07/2018 14:34:44
;;05761308428;26,06;cabify_recarga_normal_2018-07-18_input.csv;True;5017716;{"debitId":18891858,"creditId":18891859};18/07/2018 14:34:44
;;05620524965;25,47;cabify_recarga_normal_2018-07-18_input.csv;True;5017664;{"debitId":18891546,"creditId":18891547};18/07/2018 14:34:44
;;04100599943;19,21;cabify_recarga_normal_2018-07-18_input.csv;True;5017439;{"debitId":18891561,"creditId":18891562};18/07/2018 14:34:44
;;28450906920;5,20;cabify_recarga_normal_2018-07-18_input.csv;True;5017528;{"debitId":18891778,"creditId":18891779};18/07/2018 14:34:44
;;20510564801;18,58;cabify_recarga_normal_2018-07-18_input.csv;True;5017545;{"debitId":18891844,"creditId":18891845};18/07/2018 14:34:44
;;92196187968;8,08;cabify_recarga_normal_2018-07-18_input.csv;True;4791217;{"debitId":18891509,"creditId":18891511};18/07/2018 14:34:44
;;81308574991;131,27;cabify_recarga_normal_2018-07-18_input.csv;True;5017438;{"debitId":18891550,"creditId":18891551};18/07/2018 14:34:44
;;20095384987;46,61;cabify_recarga_normal_2018-07-18_input.csv;True;4791161;{"debitId":18891445,"creditId":18891446};18/07/2018 14:34:44
;;02145786902;13,53;cabify_recarga_normal_2018-07-18_input.csv;True;5017543;{"debitId":18891840,"creditId":18891841};18/07/2018 14:34:44
;;05197158611;29,11;cabify_recarga_normal_2018-07-18_input.csv;True;5017471;{"debitId":18891762,"creditId":18891763};18/07/2018 14:34:44
;;01487987994;33,05;cabify_recarga_normal_2018-07-18_input.csv;True;4791313;{"debitId":18891453,"creditId":18891454};18/07/2018 14:34:44
;;98048600900;8,24;cabify_recarga_normal_2018-07-18_input.csv;True;5017700;{"debitId":18891827,"creditId":18891828};18/07/2018 14:34:44
;;01162133961;26,91;cabify_recarga_normal_2018-07-18_input.csv;True;4791269;{"debitId":18891667,"creditId":18891669};18/07/2018 14:34:44
