Region ID;Company ID;Driver National Id Num;Cost Local
br_curitiba;47e22bf4e97295e9bb96cd927b7e99f9;10725966955;25,51
br_curitiba;cfc6380324277bf7268f0f2e8f3d759e;08247993996;32,35
br_curitiba;6417bb411e17f7879df09d0e0295c7cd;09367714459;68,71
br_curitiba;f57eaddd92f1ec6b38302ddd6378ef62;05334784802;79,08
br_curitiba;fd9fc72e5801d579449bd9b12d59b294;08406870958;41,86
br_curitiba;2bfe5fe24da51ce2b32598a9a445a77d;72481668987;10,45
br_curitiba;68fb651cc73fcffc024fc54710470c6d;45658897904;0
br_curitiba;0a0377a438eacec36b2268896fc52b5c;06355274995;75,08
br_curitiba;9c44238e231a5358eb2f22b1080bf12b;04172556914;31,78
br_curitiba;47e22bf4e97295e9bb96cd927b75ab2d;04409232983;74,91
br_curitiba;9d402f97712ea702d8f4d61188e1d0c9;05361579955;0
br_curitiba;98817f59c5db894c9e7b16aac041b1f6;05800574960;8,66
br_curitiba;be16f29316434c859267a5ea19d4c80c;87160978900;20,51
br_curitiba;a94ebedee3b45c4297d121e8c30eb713;46863974991;37,25
br_curitiba;84d6ef3bce9a5c31516cacbfe270c269;01640349944;10,77
br_curitiba;d5e7298451503f17896cb896a160435f;02582701955;11,2
br_curitiba;68fb651cc73fcffc024fc547104526cb;07643013900;18,81
br_curitiba;3487c6f2752e75dad7ba57febac253cf;62845616953;7,46
br_curitiba;cedc359fc092b03aaf937e7bf499c5ed;04252116902;71,47
br_curitiba;620f03528cbb5f061f15d5d1f4426a81;65356144920;154,42
br_curitiba;84d6ef3bce9a5c31516cacbfe2705633;25346172904;323,05
br_curitiba;1fbb9b31e029437feb46193a52ffa212;54507014972;374,03
br_curitiba;8972bf524524ed897c87e28a0fead5b6;04771245932;8,87
br_curitiba;9c44238e231a5358eb2f22b108099f78;03013893907;159,5
br_curitiba;3487c6f2752e75dad7ba57febac99ef8;02259792928;0
br_curitiba;3487c6f2752e75dad7ba57febacd7af1;10320390780;34,41
br_curitiba;ff14d704e900969fc94cadb7ff12d057;08170845920;0
br_curitiba;ff14d704e900969fc94cadb7ff12d057;08170845920;0
br_curitiba;47e22bf4e97295e9bb96cd927b7fca15;03075189650;47,38
br_curitiba;21bcdda4b7cf9c9c2c002abe9d05059f;08100057869;24,37
br_curitiba;cfc6380324277bf7268f0f2e8f3fb6e5;05028039917;40,74
br_curitiba;7344c1db5770b2aae296b442033476c8;20095384987;25,85
br_curitiba;35fd1d6de4280ed53ea93ddb078870ab;05026053912;55,31
br_curitiba;ff14d704e900969fc94cadb7ff12d057;08170845920;0
br_curitiba;68fb651cc73fcffc024fc5471044d8cd;09001908926;12,03
br_curitiba;1fbb9b31e029437feb46193a52ff393e;09079673960;17,43
br_curitiba;7344c1db5770b2aae296b4420333a07b;10093861907;6,56
br_curitiba;6a5e670bff4573ea42a23f52995e3f0f;02236983930;27,4
br_curitiba;32addf2922229e9c62341796bc9bdcbf;01819661580;191,77
br_curitiba;cfc6380324277bf7268f0f2e8f3c9b00;04751056999;27,67
br_curitiba;98cf25d4e6cddba26ced4c38bbc8e099;93487797968;15,98
br_curitiba;ca02e22be856d4ef5890c8054c44e715;03878461909;6,08
br_curitiba;47e22bf4e97295e9bb96cd927b75debe;05761308428;37,73
br_curitiba;47e22bf4e97295e9bb96cd927b7ca450;08359378606;47,17
br_curitiba;2bfe5fe24da51ce2b32598a9a443c84a;09173333905;42,28
br_curitiba;98cf25d4e6cddba26ced4c38bbd568ab;01751959945;20,98
br_curitiba;76e5edff417c5870d713d499a8db5940;87246104968;14,37
br_curitiba;fd9fc72e5801d579449bd9b12d58d513;31879250144;68,21
br_curitiba;55ba90367e2ce84359582e5f5918562e;01031908137;5,46
br_curitiba;47ab26f394675157542bd72422512514;05043510609;76,7
br_curitiba;3487c6f2752e75dad7ba57febabfa88a;02567304908;20,39
br_curitiba;68fb651cc73fcffc024fc5471044c996;01980534950;8,5
br_curitiba;cbff527cfc639055cbf59ab3e6ffe85a;05561978950;17,06
br_curitiba;d5e7298451503f17896cb896a15fb397;03536761950;21,38
br_curitiba;2aeeeed5c8e0e9eacb195bffbb951032;06011878903;24,02
br_curitiba;6f439d1b532014c8bfa34833ccfcfbfb;04461467732;0
br_curitiba;47e22bf4e97295e9bb96cd927b7fe620;06408448984;81,1
br_curitiba;c44b7e0b70ebe7ebe9e108cf6100a9d9;81349998915;20,44
br_curitiba;68fb651cc73fcffc024fc547104583cf;06580967960;0
br_curitiba;ab849226bc0f90e82f220ab8868a98f6;96001470863;60,85
br_curitiba;ff14d704e900969fc94cadb7ff12d057;08170845920;0
br_curitiba;21bcdda4b7cf9c9c2c002abe9d099ca3;02954977930;74,24
br_curitiba;84d6ef3bce9a5c31516cacbfe2efbda1;03006810970;194,28
br_curitiba;3487c6f2752e75dad7ba57febac32a2f;03701126879;35,48
br_curitiba;84d6ef3bce9a5c31516cacbfe27115f2;72487445904;5,98
br_curitiba;266d20595b5c6cec09abb8f97004cd26;18555837987;113,54
br_curitiba;ab849226bc0f90e82f220ab8868a20c4;05122788650;21,93
br_curitiba;6a5e670bff4573ea42a23f52995cae3f;03788811919;17,12
br_curitiba;fd9fc72e5801d579449bd9b12d60b62f;04465980973;62,44
br_curitiba;752844faffa4a6d899f82c3a29c3197f;06420504902;9,68
br_curitiba;593b161f70cb1e9e6990e9cacc5a5761;02387942965;12,87
br_curitiba;21bcdda4b7cf9c9c2c002abe9d0784ef;02552123996;16,73
br_curitiba;cfc6380324277bf7268f0f2e8f3d00f9;70172013020;35,37
br_curitiba;157b42f3a1a488aec4798fcddabba0d1;01856795950;12,32
br_curitiba;03f3c16bf9536e012fe05a81b5efc812;08787799901;34,56
br_curitiba;d5e7298451503f17896cb896a15f9c29;03382017938;17,01
br_curitiba;6a5e670bff4573ea42a23f52995cc99f;03084494959;6,92
br_santos;33072f67030ec131117b07586cdbe4f7;39261578870;15,04
br_santos;d0144a467eaa30a5bd8505ac42258f8f;32543729801;53,38
