RegionID;CompanyID;DriverNationalIdNum;CostLocal
br_curitiba;47e22bf4e97295e9bb96cd927b7e99f9;10725966955;5,56
br_curitiba;a04a257a84d488c56fa7ea030816ef75;76387020425;13,39
br_curitiba;cfc6380324277bf7268f0f2e8f3d759e;8247993996;10,82
br_curitiba;752844faffa4a6d899f82c3a29b81bf0;8972247952;34,96
br_curitiba;6417bb411e17f7879df09d0e0295c7cd;9367714459;99,66
br_curitiba;f57eaddd92f1ec6b38302ddd6378ef62;5334784802;32,74
br_curitiba;55ba90367e2ce84359582e5f592616c0;196595207;111,67
br_curitiba;752844faffa4a6d899f82c3a29aa99e4;2470282900;29,67
br_curitiba;fd9fc72e5801d579449bd9b12d59b294;8406870958;14,72
br_curitiba;2bfe5fe24da51ce2b32598a9a445a77d;72481668987;57,55
br_curitiba;76e5edff417c5870d713d499a819bc72;44773773987;19,22
br_curitiba;f57eaddd92f1ec6b38302ddd63825a9f;92196187968;58,46
br_curitiba;916fca93e77945b29cef8bdd02bc22ef;40522377904;124,87
br_curitiba;0c64e3d0dceec9ed5ff4869d17814444;28341937034;15,27
br_curitiba;0a0377a438eacec36b2268896fc52b5c;6355274995;96,92
br_curitiba;9c44238e231a5358eb2f22b1080bf12b;4172556914;13,3
br_curitiba;47e22bf4e97295e9bb96cd927b75ab2d;4409232983;4,5
br_curitiba;d4956cc8e637dffbc124033f058d1c4c;3990058975;16,28
br_curitiba;3487c6f2752e75dad7ba57febabf9566;4394791936;6,07
br_curitiba;2358ead189555a1e5907e36507031a99;9994091824;29,3
br_curitiba;98817f59c5db894c9e7b16aac041b1f6;5800574960;29,46
br_curitiba;0c64e3d0dceec9ed5ff4869d1780ec6d;9530824904;115,19
br_curitiba;32addf2922229e9c62341796bc99e306;1162133961;18,26
br_curitiba;3487c6f2752e75dad7ba57febac3e0e7;55295452972;42,32
br_curitiba;a04a257a84d488c56fa7ea03081677c0;5501212935;15,02
br_curitiba;2323ebca8cd71a15f4018cd3c5b03878;9093018914;14,7
br_curitiba;2bfe5fe24da51ce2b32598a9a44512ac;42684884803;19,64
br_curitiba;752844faffa4a6d899f82c3a29b04d45;42102171825;45,19
br_curitiba;84d6ef3bce9a5c31516cacbfe270c269;1640349944;7,08
br_curitiba;d5e7298451503f17896cb896a160435f;2582701955;52,91
br_curitiba;6f439d1b532014c8bfa34833ccfc603a;2607452945;108,16
br_curitiba;68fb651cc73fcffc024fc547104526cb;7643013900;21,81
br_curitiba;cedc359fc092b03aaf937e7bf493d4f5;585625913;67,35
br_curitiba;cedc359fc092b03aaf937e7bf499c5ed;4252116902;128,49
br_curitiba;752844faffa4a6d899f82c3a29b846de;2431214907;5,52
br_curitiba;620f03528cbb5f061f15d5d1f4426a81;65356144920;215,18
br_curitiba;03f3c16bf9536e012fe05a81b5ef0a55;51929589972;5,63
br_curitiba;1fbb9b31e029437feb46193a52ff6cc9;67220592949;76,29
br_curitiba;7410c775d21dd8e7ff65345754d7bfb0;6696773967;73,05
br_curitiba;84d6ef3bce9a5c31516cacbfe2705633;25346172904;177,91
br_curitiba;0c64e3d0dceec9ed5ff4869d177c6903;6194564938;7,39
br_curitiba;7410c775d21dd8e7ff65345754d7a904;56000308949;50,48
br_curitiba;6a0cab23de08a28d1cab12480582eafb;3852855900;82,86
br_curitiba;c55f0380554ba572d2041e26903d0868;2651054984;13,11
br_curitiba;c55f0380554ba572d2041e26903d1b93;336766904;56,46
br_curitiba;9c44238e231a5358eb2f22b108099f78;3013893907;129,66
br_curitiba;3487c6f2752e75dad7ba57febac99ef8;2259792928;27,24
br_curitiba;9973249e31bfce6ba08d66246b5073ce;5620524965;4,64
br_curitiba;84d6ef3bce9a5c31516cacbfe270dbf6;3139502966;10,68
br_curitiba;ce75b3dc427d07bc13fafe671c2322ae;7098403903;13,78
br_curitiba;476c55c99e1c52e20705ac9069529452;1426766084;28,76
br_curitiba;c55f0380554ba572d2041e26903e290d;5855135977;9,26
br_curitiba;752844faffa4a6d899f82c3a29ac22de;8654904739;58,45
br_curitiba;21bcdda4b7cf9c9c2c002abe9d05059f;8100057869;35,43
br_curitiba;cfc6380324277bf7268f0f2e8f3fb6e5;5028039917;44,93
br_curitiba;fd9fc72e5801d579449bd9b12d5b34fd;4692434902;38,39
br_curitiba;7344c1db5770b2aae296b442033476c8;20095384987;58,91
br_curitiba;84d6ef3bce9a5c31516cacbfe26eda14;4325097988;26,38
br_curitiba;affe1b500ebb76ad2f2188a46b6d31d4;56564716915;19
br_curitiba;be16f29316434c859267a5ea19d92555;3457092923;21
br_curitiba;6a0cab23de08a28d1cab12480583280f;9199222957;28,86
br_curitiba;98cf25d4e6cddba26ced4c38bbce08bd;1177261685;60,59
br_curitiba;68fb651cc73fcffc024fc5471044d8cd;9001908926;21,24
br_curitiba;1fbb9b31e029437feb46193a52feebb9;30819275875;34,26
br_curitiba;7344c1db5770b2aae296b4420333a07b;10093861907;49,62
br_curitiba;af22938f4d8fcac7590cdbd0022637ef;63931052915;19,22
br_curitiba;cedc359fc092b03aaf937e7bf48dd423;16338366739;15,23
br_curitiba;32addf2922229e9c62341796bc9bdcbf;1819661580;49,15
br_curitiba;21bcdda4b7cf9c9c2c002abe9d07fb5b;7866691959;9,38
br_curitiba;cfc6380324277bf7268f0f2e8f3c9b00;4751056999;14,36
br_curitiba;0a0377a438eacec36b2268896fc56486;18462469899;112,31
br_curitiba;476c55c99e1c52e20705ac90695096bc;2757194992;42,15
br_curitiba;98cf25d4e6cddba26ced4c38bbc8e099;93487797968;23,59
br_curitiba;47e22bf4e97295e9bb96cd927b7d9bb4;61122610904;15,78
br_curitiba;affe1b500ebb76ad2f2188a46b6c2a44;11800701942;17,81
br_curitiba;47e22bf4e97295e9bb96cd927b75debe;5761308428;29,31
br_curitiba;76e5edff417c5870d713d499a81e7379;6458386915;112,48
br_curitiba;6417bb411e17f7879df09d0e02998da5;2989308970;60,4
br_curitiba;a33524db6ef6770f37da9eacbf28d799;6436236988;13,08
br_curitiba;c55f0380554ba572d2041e26903ccf6a;32291263862;10,18
br_curitiba;8225b11ef148606cb26f12ad6e6fbc8e;63217686934;6,37
br_curitiba;fd9fc72e5801d579449bd9b12d58d513;31879250144;66,78
br_curitiba;55ba90367e2ce84359582e5f5918562e;6253080938;61,45
br_curitiba;55ba90367e2ce84359582e5f591d5f20;64039412915;12,82
br_curitiba;ac8a61e33ee831f1cf08dc777a938fdf;1008313971;21,18
br_curitiba;47ab26f394675157542bd72422512514;5043510609;73,2
br_curitiba;3487c6f2752e75dad7ba57febabfa88a;2567304908;18,33
br_curitiba;84d6ef3bce9a5c31516cacbfe2ef6918;1593962983;25,74
br_curitiba;68fb651cc73fcffc024fc5471044c996;1980534950;6,23
br_curitiba;c55f0380554ba572d2041e26903cb2c8;81308574991;117,91
br_curitiba;7344c1db5770b2aae296b442032e76e5;45609217920;11,2
br_curitiba;21bcdda4b7cf9c9c2c002abe9d0722cc;4654701907;4,5
br_curitiba;47e22bf4e97295e9bb96cd927b782c96;98048600900;14,74
br_curitiba;862431a70bd8b58be0e4599ca133a663;32860690867;12,35
br_curitiba;6417bb411e17f7879df09d0e029d04d3;73917443953;96,75
br_curitiba;a41d8afe439b0c733cec59893f0735fc;3523854997;19,32
br_curitiba;c55f0380554ba572d2041e26903dbf43;364556951;10,57
br_curitiba;2aeeeed5c8e0e9eacb195bffbb951032;6011878903;32,41
br_curitiba;55ba90367e2ce84359582e5f590c56b9;6140681936;7,94
br_curitiba;6f439d1b532014c8bfa34833ccfcfbfb;4461467732;62,19
br_curitiba;98cf25d4e6cddba26ced4c38bbc902a1;38566311949;101,66
br_curitiba;b50051705e21b7109b6d3fdab7a385ae;5550605864;14,59
br_curitiba;ca02e22be856d4ef5890c8054c41a294;87246880968;63,64
br_curitiba;ca02e22be856d4ef5890c8054c409a35;8129341484;82,11
br_curitiba;ab849226bc0f90e82f220ab8868a98f6;96001470863;48,13
br_curitiba;2323ebca8cd71a15f4018cd3c5b0130f;75835150920;43,91
br_curitiba;1fbb9b31e029437feb46193a52ff2f72;2045342913;16,32
br_curitiba;21bcdda4b7cf9c9c2c002abe9d099ca3;2954977930;136,59
br_curitiba;21bcdda4b7cf9c9c2c002abe9d082820;1623286050;5,9
br_curitiba;2bfe5fe24da51ce2b32598a9a4458933;20510564801;25,14
br_curitiba;84d6ef3bce9a5c31516cacbfe27115f2;72487445904;26,14
br_curitiba;157b42f3a1a488aec4798fcddabb657f;18592520959;100,96
br_curitiba;266d20595b5c6cec09abb8f97004cd26;18555837987;394,95
br_curitiba;21bcdda4b7cf9c9c2c002abe9d03d332;4100599943;38,75
br_curitiba;ab849226bc0f90e82f220ab8868a20c4;5122788650;53,43
br_curitiba;6a5e670bff4573ea42a23f52995cae3f;3788811919;8,1
br_curitiba;869d5a0a58eaeed107d002b9302d163f;87662329968;18,4
br_curitiba;7410c775d21dd8e7ff65345754d61f91;6840323927;4,5
br_curitiba;2323ebca8cd71a15f4018cd3c5afa839;7856919957;10,49
br_curitiba;affe1b500ebb76ad2f2188a46b6f537d;3733546903;27,46
br_curitiba;cedc359fc092b03aaf937e7bf48e32d3;3053018969;75,64
br_curitiba;2323ebca8cd71a15f4018cd3c5b0261c;4245477911;23,52
br_curitiba;157b42f3a1a488aec4798fcddabba0d1;1856795950;30,79
br_curitiba;be16f29316434c859267a5ea19dd01d6;37429051987;97,67
br_curitiba;752844faffa4a6d899f82c3a29b960b5;16264311839;72,69
br_curitiba;03f3c16bf9536e012fe05a81b5efc812;8787799901;118,68
br_curitiba;6417bb411e17f7879df09d0e0297559b;62454692953;141,77
br_curitiba;47e22bf4e97295e9bb96cd927b7f6c93;5186898910;13,74
br_curitiba;476c55c99e1c52e20705ac906953ae63;8458034921;23,3
br_curitiba;6417bb411e17f7879df09d0e029c5dc7;76047598900;19,2
br_curitiba;76e5edff417c5870d713d499a820fcb8;51906953953;8,34
br_curitiba;c55f0380554ba572d2041e26903dbb4c;22058010906;4,5
br_curitiba;752844faffa4a6d899f82c3a29b5b4f7;59956720968;29,71
br_santos;d0144a467eaa30a5bd8505ac42258f8f;32543729801;110,59
