RegionId;CompanyId;Cpf;VlRecarga;NomeArquivo;Recharge;CardId;DescricaoProcessamento;DataRecarga
br_curitiba;752844faffa4a6d899f82c3a29ac22de;08654904739;35,79;cabify_recarga_second_2018_07_06_input.csv;True;5017695;{"debitId":18196682,"creditId":18196684};13/07/2018 10:47:15
br_curitiba;98817f59c5db894c9e7b16aac041b1f6;05800574960;6,04;cabify_recarga_second_2018_07_06_input.csv;True;4791160;{"debitId":18196775,"creditId":18196777};13/07/2018 10:47:15
br_curitiba;fd9fc72e5801d579449bd9b12d60b62f;04465980973;38,94;cabify_recarga_second_2018_07_06_input.csv;True;5017698;{"debitId":18196763,"creditId":18196769};13/07/2018 10:47:15
br_curitiba;55ba90367e2ce84359582e5f590c56b9;06140681936;7,60;cabify_recarga_second_2018_07_06_input.csv;True;5017705;{"debitId":18197020,"creditId":18197023};13/07/2018 10:47:15
br_curitiba;3487c6f2752e75dad7ba57febac32a2f;03701126879;54,14;cabify_recarga_second_2018_07_06_input.csv;True;4791322;{"debitId":18195956,"creditId":18195960};13/07/2018 10:47:15
br_curitiba;0c64e3d0dceec9ed5ff4869d178af332;02871242909;21,06;cabify_recarga_second_2018_07_06_input.csv;True;5017419;{"debitId":18196974,"creditId":18196978};13/07/2018 10:47:15
br_curitiba;cfc6380324277bf7268f0f2e8f3e9fe9;87227975991;15,32;cabify_recarga_second_2018_07_06_input.csv;True;5017414;{"debitId":18196471,"creditId":18196476};13/07/2018 10:47:15
br_curitiba;752844faffa4a6d899f82c3a29c2b6a9;08528379922;35,85;cabify_recarga_second_2018_07_06_input.csv;True;4791247;{"debitId":18196516,"creditId":18196519};13/07/2018 10:47:15
br_curitiba;47e22bf4e97295e9bb96cd927b782c96;98048600900;7,84;cabify_recarga_second_2018_07_06_input.csv;True;5017700;{"debitId":18196838,"creditId":18196842};13/07/2018 10:47:15
br_curitiba;d5e7298451503f17896cb896a160435f;02582701955;55,47;cabify_recarga_second_2018_07_06_input.csv;True;5017537;{"debitId":18196646,"creditId":18196648};13/07/2018 10:47:15
br_curitiba;6a5e670bff4573ea42a23f52995cbc49;05034459914;86,05;cabify_recarga_second_2018_07_06_input.csv;True;5017572;{"debitId":18196950,"creditId":18196951};13/07/2018 10:47:15
br_santos;d0144a467eaa30a5bd8505ac42258f8f;32543729801;42,54;cabify_recarga_second_2018_07_06_input.csv;True;4815789;{"debitId":18196662,"creditId":18196664};13/07/2018 10:47:15
br_curitiba;be16f29316434c859267a5ea19e0a013;05494933954;13,61;cabify_recarga_second_2018_07_06_input.csv;True;4791253;{"debitId":18196086,"creditId":18196093};13/07/2018 10:47:15
br_curitiba;a94ebedee3b45c4297d121e8c30eb713;46863974991;20,79;cabify_recarga_second_2018_07_06_input.csv;True;4791167;{"debitId":18196461,"creditId":18196464};13/07/2018 10:47:15
br_curitiba;752844faffa4a6d899f82c3a29b04d45;42102171825;47,77;cabify_recarga_second_2018_07_06_input.csv;True;4791267;{"debitId":18196444,"creditId":18196447};13/07/2018 10:47:15
br_curitiba;7344c1db5770b2aae296b442033476c8;20095384987;87,15;cabify_recarga_second_2018_07_06_input.csv;True;4791161;{"debitId":18196813,"creditId":18196816};13/07/2018 10:47:15
br_curitiba;21bcdda4b7cf9c9c2c002abe9d08872d;01003758983;25,19;cabify_recarga_second_2018_07_06_input.csv;True;5017713;{"debitId":18197268,"creditId":18197270};13/07/2018 10:47:15
br_curitiba;cfc6380324277bf7268f0f2e8f3cb388;79506941904;4,50;cabify_recarga_second_2018_07_06_input.csv;True;5017635;{"debitId":18196956,"creditId":18196958};13/07/2018 10:47:15
br_curitiba;47e22bf4e97295e9bb96cd927b7fb1cd;03137834970;12,69;cabify_recarga_second_2018_07_06_input.csv;True;5017453;{"debitId":18197166,"creditId":18197174};13/07/2018 10:47:15
br_curitiba;3487c6f2752e75dad7ba57febacd7af1;10320390780;28,69;cabify_recarga_second_2018_07_06_input.csv;True;4791326;{"debitId":18196592,"creditId":18196594};13/07/2018 10:47:15
br_curitiba;6a5e670bff4573ea42a23f52995cc99f;03084494959;20,66;cabify_recarga_second_2018_07_06_input.csv;True;5017567;{"debitId":18196451,"creditId":18196456};13/07/2018 10:47:15
br_curitiba;47e22bf4e97295e9bb96cd927b7ca450;08359378606;19,09;cabify_recarga_second_2018_07_06_input.csv;True;5017526;{"debitId":18197314,"creditId":18197316};13/07/2018 10:47:15
br_curitiba;68fb651cc73fcffc024fc5471044d8cd;09001908926;63,55;cabify_recarga_second_2018_07_06_input.csv;True;5017506;{"debitId":18197220,"creditId":18197222};13/07/2018 10:47:15
br_curitiba;d5e7298451503f17896cb896a15fb397;03536761950;148,46;cabify_recarga_second_2018_07_06_input.csv;True;5017540;{"debitId":18196805,"creditId":18196806};13/07/2018 10:47:15
br_curitiba;0c64e3d0dceec9ed5ff4869d1780ec6d;09530824904;68,26;cabify_recarga_second_2018_07_06_input.csv;True;5017691;{"debitId":18196610,"creditId":18196612};13/07/2018 10:47:15
br_curitiba;47e22bf4e97295e9bb96cd927b7f0bb4;04959343990;6,08;cabify_recarga_second_2018_07_06_input.csv;True;5017410;{"debitId":18196747,"creditId":18196753};13/07/2018 10:47:15
br_curitiba;47e22bf4e97295e9bb96cd927b7e99f9;10725966955;15,80;cabify_recarga_second_2018_07_06_input.csv;True;5017525;{"debitId":18197307,"creditId":18197309};13/07/2018 10:47:15
br_curitiba;c44b7e0b70ebe7ebe9e108cf6100a9d9;81349998915;7,90;cabify_recarga_second_2018_07_06_input.csv;True;5017565;{"debitId":18196780,"creditId":18196788};13/07/2018 10:47:15
br_curitiba;c22b81c1bb42ede214d9dd1520d4a599;03650261901;5,68;cabify_recarga_second_2018_07_06_input.csv;True;5017706;{"debitId":18197053,"creditId":18197055};13/07/2018 10:47:15
br_curitiba;3487c6f2752e75dad7ba57febac99ef8;02259792928;54,95;cabify_recarga_second_2018_07_06_input.csv;True;4791318;{"debitId":18197157,"creditId":18197161};13/07/2018 10:47:15
br_curitiba;47e22bf4e97295e9bb96cd927b7fca15;03075189650;23,36;cabify_recarga_second_2018_07_06_input.csv;True;5017412;{"debitId":18196822,"creditId":18196824};13/07/2018 10:47:15
br_curitiba;84d6ef3bce9a5c31516cacbfe2705633;25346172904;296,55;cabify_recarga_second_2018_07_06_input.csv;True;5017489;{"debitId":18197039,"creditId":18197041};13/07/2018 10:47:15
br_curitiba;9c44238e231a5358eb2f22b108099f78;03013893907;224,09;cabify_recarga_second_2018_07_06_input.csv;True;5017483;{"debitId":18196981,"creditId":18196983};13/07/2018 10:47:15
br_curitiba;32addf2922229e9c62341796bc9bdcbf;01819661580;89,35;cabify_recarga_second_2018_07_06_input.csv;True;5017619;{"debitId":18196601,"creditId":18196605};13/07/2018 10:47:15
br_curitiba;cbff527cfc639055cbf59ab3e6ffe85a;05561978950;35,01;cabify_recarga_second_2018_07_06_input.csv;True;5017558;{"debitId":18197374,"creditId":18197376};13/07/2018 10:47:15
br_curitiba;47e22bf4e97295e9bb96cd927b7a46ac;01031908137;66,72;cabify_recarga_second_2018_07_06_input.csv;True;5017715;{"debitId":18197341,"creditId":18197343};13/07/2018 10:47:15
br_curitiba;6417bb411e17f7879df09d0e0295c7cd;09367714459;96,07;cabify_recarga_second_2018_07_06_input.csv;True;4791214;{"debitId":18197118,"creditId":18197121};13/07/2018 10:47:15
br_curitiba;84d6ef3bce9a5c31516cacbfe270dbf6;01031908137;59,58;cabify_recarga_second_2018_07_06_input.csv;True;5017715;{"debitId":18197351,"creditId":18197357};13/07/2018 10:47:15
br_curitiba;98cf25d4e6cddba26ced4c38bbc8e099;93487797968;83,74;cabify_recarga_second_2018_07_06_input.csv;True;4791148;{"debitId":18195981,"creditId":18195988};13/07/2018 10:47:15
br_curitiba;68fb651cc73fcffc024fc54710468e1c;02890331601;9,14;cabify_recarga_second_2018_07_06_input.csv;True;5017473;{"debitId":18196756,"creditId":18196758};13/07/2018 10:47:15
br_curitiba;be16f29316434c859267a5ea19d92555;03457092923;10,53;cabify_recarga_second_2018_07_06_input.csv;True;5017704;{"debitId":18196988,"creditId":18196990};13/07/2018 10:47:15
br_curitiba;cedc359fc092b03aaf937e7bf499c5ed;04252116902;134,31;cabify_recarga_second_2018_07_06_input.csv;True;4791324;{"debitId":18196560,"creditId":18196562};13/07/2018 10:47:15
br_curitiba;8225b11ef148606cb26f12ad6e6ef5ee;05312504823;6,14;cabify_recarga_second_2018_07_06_input.csv;True;4791254;{"debitId":18196585,"creditId":18196588};13/07/2018 10:47:15
br_curitiba;be16f29316434c859267a5ea19dd01d6;37429051987;118,57;cabify_recarga_second_2018_07_06_input.csv;True;4791281;{"debitId":18196943,"creditId":18196945};13/07/2018 10:47:15
br_curitiba;3487c6f2752e75dad7ba57febabfa88a;02567304908;28,41;cabify_recarga_second_2018_07_06_input.csv;True;4791143;{"debitId":18195943,"creditId":18195945};13/07/2018 10:47:15
br_curitiba;7344c1db5770b2aae296b442032e76e5;45609217920;6,80;cabify_recarga_second_2018_07_06_input.csv;True;4791153;{"debitId":18196691,"creditId":18196694};13/07/2018 10:47:15
br_curitiba;d5e7298451503f17896cb896a15f9c29;03382017938;37,22;cabify_recarga_second_2018_07_06_input.csv;True;5017538;{"debitId":18196723,"creditId":18196728};13/07/2018 10:47:15
br_curitiba;6f439d1b532014c8bfa34833ccfcfbfb;04461467732;6,49;cabify_recarga_second_2018_07_06_input.csv;True;5017509;{"debitId":18197258,"creditId":18197261};13/07/2018 10:47:15
br_curitiba;03f3c16bf9536e012fe05a81b5ef0a55;51929589972;26,17;cabify_recarga_second_2018_07_06_input.csv;True;4791225;{"debitId":18196009,"creditId":18196012};13/07/2018 10:47:15
br_curitiba;98817f59c5db894c9e7b16aac043742f;95181342000;6,20;cabify_recarga_second_2018_07_06_input.csv;True;5017550;{"debitId":18197151,"creditId":18197153};13/07/2018 10:47:15
br_curitiba;e9b1c75764c1ea0138e5d68e5b26c492;02875230980;9,07;cabify_recarga_second_2018_07_06_input.csv;True;4791198;{"debitId":18196994,"creditId":18196997};13/07/2018 10:47:15
br_curitiba;21bcdda4b7cf9c9c2c002abe9d07fb5b;07866691959;25,21;cabify_recarga_second_2018_07_06_input.csv;True;5017714;{"debitId":18197330,"creditId":18197336};13/07/2018 10:47:15
br_curitiba;3487c6f2752e75dad7ba57febacad8b3;03075936146;19,54;cabify_recarga_second_2018_07_06_input.csv;True;4791319;{"debitId":18197198,"creditId":18197200};13/07/2018 10:47:15
br_curitiba;21bcdda4b7cf9c9c2c002abe9d0784ef;02552123996;30,85;cabify_recarga_second_2018_07_06_input.csv;True;5017409;{"debitId":18196702,"creditId":18196704};13/07/2018 10:47:15
br_curitiba;cfc6380324277bf7268f0f2e8f3d00f9;70172013020;12,46;cabify_recarga_second_2018_07_06_input.csv;True;5017686;{"debitId":18196507,"creditId":18196509};13/07/2018 10:47:15
br_curitiba;6a5e670bff4573ea42a23f52995cae3f;03788811919;32,32;cabify_recarga_second_2018_07_06_input.csv;True;5017568;{"debitId":18196488,"creditId":18196494};13/07/2018 10:47:15
br_curitiba;32addf2922229e9c62341796bc999564;45693951987;6,32;cabify_recarga_second_2018_07_06_input.csv;True;5017609;{"debitId":18197246,"creditId":18197248};13/07/2018 10:47:15
br_curitiba;55ba90367e2ce84359582e5f5918562e;06253080938;96,45;cabify_recarga_second_2018_07_06_input.csv;True;4791266;{"debitId":18196184,"creditId":18196190};13/07/2018 10:47:15
br_curitiba;76e5edff417c5870d713d499a8db5940;87246104968;66,55;cabify_recarga_second_2018_07_06_input.csv;True;5017651;{"debitId":18197142,"creditId":18197144};13/07/2018 10:47:15
br_curitiba;68fb651cc73fcffc024fc54710455aa1;62522000934;9,68;cabify_recarga_second_2018_07_06_input.csv;True;5017475;{"debitId":18196797,"creditId":18196799};13/07/2018 10:47:15
br_curitiba;8225b11ef148606cb26f12ad6e6fbc8e;63217686934;46,66;cabify_recarga_second_2018_07_06_input.csv;True;4791255;{"debitId":18196654,"creditId":18196656};13/07/2018 10:47:15
br_curitiba;a41d8afe439b0c733cec59893f0735fc;03523854997;35,77;cabify_recarga_second_2018_07_06_input.csv;True;4791152;{"debitId":18196618,"creditId":18196620};13/07/2018 10:47:15
br_curitiba;1c28bdc0c88c69ff36c17d6efc71ad72;05048430603;6,37;cabify_recarga_second_2018_07_06_input.csv;True;4791268;{"debitId":18196499,"creditId":18196501};13/07/2018 10:47:15
br_curitiba;181d5f4f84e37fcd3e35bbbd70acfcb9;98790889134;0,00;cabify_recarga_second_2018_07_06_input.csv;False;;Cartao nao encontrado;13/07/2018 10:47:15
br_curitiba;f57eaddd92f1ec6b38302ddd6378ef62;05334784802;5,44;cabify_recarga_second_2018_07_06_input.csv;True;4791218;{"debitId":18197235,"creditId":18197240};13/07/2018 10:47:15
br_curitiba;47e22bf4e97295e9bb96cd927b7d9bb4;61122610904;5,36;cabify_recarga_second_2018_07_06_input.csv;True;5017533;{"debitId":18196574,"creditId":18196577};13/07/2018 10:47:15
br_curitiba;c22b81c1bb42ede214d9dd1520d2cf99;06833271941;26,76;cabify_recarga_second_2018_07_06_input.csv;True;5017708;{"debitId":18197110,"creditId":18197112};13/07/2018 10:47:15
br_curitiba;ca02e22be856d4ef5890c8054c486d99;07743434940;298,68;cabify_recarga_second_2018_07_06_input.csv;True;4791182;{"debitId":18196896,"creditId":18196900};13/07/2018 10:47:15
br_curitiba;35fd1d6de4280ed53ea93ddb078870ab;05026053912;35,32;cabify_recarga_second_2018_07_06_input.csv;True;5017421;{"debitId":18197003,"creditId":18197007};13/07/2018 10:47:15
br_santos;33072f67030ec131117b07586cdbe4f7;39261578870;45,17;cabify_recarga_second_2018_07_06_input.csv;True;4815791;{"debitId":18196626,"creditId":18196627};13/07/2018 10:47:15
br_curitiba;d5f04aeafc4aaa5f0e50c83e89a25938;07680514950;16,86;cabify_recarga_second_2018_07_06_input.csv;True;5017518;{"debitId":18197285,"creditId":18197289};13/07/2018 10:47:15
br_curitiba;21bcdda4b7cf9c9c2c002abe9d082820;01623286050;30,15;cabify_recarga_second_2018_07_06_input.csv;True;5017454;{"debitId":18197209,"creditId":18197212};13/07/2018 10:47:15
br_curitiba;47e22bf4e97295e9bb96cd927b7f6c93;05186898910;47,42;cabify_recarga_second_2018_07_06_input.csv;True;5017413;{"debitId":18196210,"creditId":18196212};13/07/2018 10:47:15
br_curitiba;21bcdda4b7cf9c9c2c002abe9d05059f;08100057869;15,13;cabify_recarga_second_2018_07_06_input.csv;True;5017683;{"debitId":18197321,"creditId":18197324};13/07/2018 10:47:15
br_curitiba;47e22bf4e97295e9bb96cd927b75ab2d;04409232983;54,00;cabify_recarga_second_2018_07_06_input.csv;True;5017452;{"debitId":18197133,"creditId":18197135};13/07/2018 10:47:15
br_curitiba;76e5edff417c5870d713d499a816f1c8;00955919908;34,31;cabify_recarga_second_2018_07_06_input.csv;True;5017674;{"debitId":18197274,"creditId":18197281};13/07/2018 10:47:15
br_curitiba;3487c6f2752e75dad7ba57febabf9566;04394791936;45,80;cabify_recarga_second_2018_07_06_input.csv;True;4791329;{"debitId":18196123,"creditId":18196126};13/07/2018 10:47:15
br_curitiba;68fb651cc73fcffc024fc5471044c996;01980534950;68,60;cabify_recarga_second_2018_07_06_input.csv;True;5017465;{"debitId":18196567,"creditId":18196569};13/07/2018 10:47:15
br_curitiba;21bcdda4b7cf9c9c2c002abe9d099ca3;02954977930;319,64;cabify_recarga_second_2018_07_06_input.csv;True;5017522;{"debitId":18197296,"creditId":18197298};13/07/2018 10:47:15
br_curitiba;2bfe5fe24da51ce2b32598a9a445a77d;72481668987;23,92;cabify_recarga_second_2018_07_06_input.csv;True;5017542;{"debitId":18196937,"creditId":18196939};13/07/2018 10:47:15
br_curitiba;3487c6f2752e75dad7ba57febac3e0e7;55295452972;39,73;cabify_recarga_second_2018_07_06_input.csv;True;4791144;{"debitId":18196552,"creditId":18196554};13/07/2018 10:47:15
br_curitiba;266d20595b5c6cec09abb8f97004cd26;18555837987;390,22;cabify_recarga_second_2018_07_06_input.csv;True;4791168;{"debitId":18196854,"creditId":18196859};13/07/2018 10:47:15
br_curitiba;a33524db6ef6770f37da9eacbf26c440;84188464968;30,49;cabify_recarga_second_2018_07_06_input.csv;True;5017555;{"debitId":18197302,"creditId":18197304};13/07/2018 10:47:15
br_curitiba;84d6ef3bce9a5c31516cacbfe2ef6918;01593962983;51,81;cabify_recarga_second_2018_07_06_input.csv;True;5017467;{"debitId":18196633,"creditId":18196635};13/07/2018 10:47:15
br_curitiba;2bfe5fe24da51ce2b32598a9a4458933;20510564801;36,61;cabify_recarga_second_2018_07_06_input.csv;True;5017545;{"debitId":18196963,"creditId":18196964};13/07/2018 10:47:15
br_curitiba;752844faffa4a6d899f82c3a29abdc46;03103947917;27,09;cabify_recarga_second_2018_07_06_input.csv;True;5017423;{"debitId":18197076,"creditId":18197078};13/07/2018 10:47:15
br_curitiba;9d402f97712ea702d8f4d61188e1d0c9;05361579955;38,35;cabify_recarga_second_2018_07_06_input.csv;True;5017617;{"debitId":18196537,"creditId":18196541};13/07/2018 10:47:15
br_curitiba;9c44238e231a5358eb2f22b10809e353;07546566916;7,95;cabify_recarga_second_2018_07_06_input.csv;True;5017486;{"debitId":18197014,"creditId":18197016};13/07/2018 10:47:15
br_curitiba;a33524db6ef6770f37da9eacbf28d799;06436236988;101,22;cabify_recarga_second_2018_07_06_input.csv;True;5017541;{"debitId":18196885,"creditId":18196888};13/07/2018 10:47:15
br_curitiba;68fb651cc73fcffc024fc547104526cb;07643013900;65,75;cabify_recarga_second_2018_07_06_input.csv;True;5017478;{"debitId":18196831,"creditId":18196833};13/07/2018 10:47:15
br_curitiba;0c64e3d0dceec9ed5ff4869d17814444;28341937034;12,08;cabify_recarga_second_2018_07_06_input.csv;True;5017422;{"debitId":18197033,"creditId":18197035};13/07/2018 10:47:15
br_curitiba;1fbb9b31e029437feb46193a52ffa212;54507014972;385,55;cabify_recarga_second_2018_07_06_input.csv;True;5017492;{"debitId":18197103,"creditId":18197105};13/07/2018 10:47:15
br_curitiba;cedc359fc092b03aaf937e7bf48e32d3;03053018969;166,48;cabify_recarga_second_2018_07_06_input.csv;True;4791257;{"debitId":18196731,"creditId":18196735};13/07/2018 10:47:15
br_curitiba;6417bb411e17f7879df09d0e0297559b;62454692953;111,72;cabify_recarga_second_2018_07_06_input.csv;True;4791212;{"debitId":18197028,"creditId":18197029};13/07/2018 10:47:15
br_curitiba;55ba90367e2ce84359582e5f591d5f20;64039412915;22,13;cabify_recarga_second_2018_07_06_input.csv;True;4791323;{"debitId":18196527,"creditId":18196529};13/07/2018 10:47:15
br_curitiba;84d6ef3bce9a5c31516cacbfe2709cad;06839838900;92,02;cabify_recarga_second_2018_07_06_input.csv;True;5017472;{"debitId":18196710,"creditId":18196713};13/07/2018 10:47:15
br_curitiba;84d6ef3bce9a5c31516cacbfe27115f2;72487445904;4,78;cabify_recarga_second_2018_07_06_input.csv;True;5017480;{"debitId":18196919,"creditId":18196922};13/07/2018 10:47:15
br_curitiba;0a0377a438eacec36b2268896fc52b5c;06355274995;27,05;cabify_recarga_second_2018_07_06_input.csv;True;5017633;{"debitId":18196877,"creditId":18196880};13/07/2018 10:47:15
br_curitiba;c44b7e0b70ebe7ebe9e108cf61010e7c;35833645972;6,92;cabify_recarga_second_2018_07_06_input.csv;True;5017552;{"debitId":18197227,"creditId":18197229};13/07/2018 10:47:15
br_curitiba;2aeeeed5c8e0e9eacb195bffbb951032;06011878903;52,46;cabify_recarga_second_2018_07_06_input.csv;True;5017611;{"debitId":18196482,"creditId":18196484};13/07/2018 10:47:15
br_curitiba;a33524db6ef6770f37da9eacbf25e467;08061515792;43,76;cabify_recarga_second_2018_07_06_input.csv;True;5017569;{"debitId":18196908,"creditId":18196910};13/07/2018 10:47:15
br_curitiba;47e22bf4e97295e9bb96cd927b75debe;05761308428;148,61;cabify_recarga_second_2018_07_06_input.csv;True;5017716;{"debitId":18197363,"creditId":18197365};13/07/2018 10:47:15
br_curitiba;c22b81c1bb42ede214d9dd1520d3b9b0;92138020991;8,69;cabify_recarga_second_2018_07_06_input.csv;True;5017709;{"debitId":18197190,"creditId":18197192};13/07/2018 10:47:15
br_curitiba;6a5e670bff4573ea42a23f52995c90a4;94018014953;24,59;cabify_recarga_second_2018_07_06_input.csv;True;5017566;{"debitId":18196867,"creditId":18196872};13/07/2018 10:47:15
br_curitiba;ca02e22be856d4ef5890c8054c409a35;08129341484;48,31;cabify_recarga_second_2018_07_06_input.csv;True;4791213;{"debitId":18197068,"creditId":18197070};13/07/2018 10:47:15
br_curitiba;9c44238e231a5358eb2f22b10809cc56;05197158611;45,55;cabify_recarga_second_2018_07_06_input.csv;True;5017471;{"debitId":18196669,"creditId":18196672};13/07/2018 10:47:15
br_curitiba;84d6ef3bce9a5c31516cacbfe2efbda1;03006810970;75,19;cabify_recarga_second_2018_07_06_input.csv;True;5017505;{"debitId":18197178,"creditId":18197182};13/07/2018 10:47:15
br_curitiba;21bcdda4b7cf9c9c2c002abe9d070f82;00489932983;19,87;cabify_recarga_second_2018_07_06_input.csv;True;5017532;{"debitId":18196545,"creditId":18196547};13/07/2018 10:47:15
br_curitiba;03f3c16bf9536e012fe05a81b5efc812;08787799901;156,88;cabify_recarga_second_2018_07_06_input.csv;True;4791186;{"debitId":18196967,"creditId":18196969};13/07/2018 10:47:15
