IdCliente;NomeArquivo;CardId;Cpf;DescricaoProcessamento;Recharge;VlRecarga;DataRecarga
1;cabify_recarga_normal_2018-05-28_input.csv;4791144;55295452972;{"debitId":13137813,"creditId":13137814};True;71,04;28/05/2018 18:16:04
1;cabify_recarga_normal_2018-05-28_input.csv;4791205;63931052915;{"debitId":13137905,"creditId":13137906};True;60,48;28/05/2018 18:16:04
1;cabify_recarga_normal_2018-05-28_input.csv;4791152;03523854997;{"debitId":13137913,"creditId":13137916};True;9,41;28/05/2018 18:16:04
1;cabify_recarga_normal_2018-05-28_input.csv;4791262;09994091824;{"debitId":13137920,"creditId":13137921};True;44,74;28/05/2018 18:16:04
1;cabify_recarga_normal_2018-05-28_input.csv;4791186;08787799901;{"debitId":13137932,"creditId":13137935};True;82,17;28/05/2018 18:16:04
1;cabify_recarga_normal_2018-05-28_input.csv;4791168;18555837987;{"debitId":13137885,"creditId":13137886};True;284,31;28/05/2018 18:16:04
1;cabify_recarga_normal_2018-05-28_input.csv;4791268;05048430603;{"debitId":13137890,"creditId":13137891};True;21,47;28/05/2018 18:16:04
1;cabify_recarga_normal_2018-05-28_input.csv;4791129;05122788650;{"debitId":13137940,"creditId":13137941};True;33,62;28/05/2018 18:16:04
1;cabify_recarga_normal_2018-05-28_input.csv;4791204;63868814949;{"debitId":13137961,"creditId":13137962};True;221,03;28/05/2018 18:16:04
1;cabify_recarga_normal_2018-05-28_input.csv;4791182;07743434940;{"debitId":13137963,"creditId":13137964};True;201,63;28/05/2018 18:16:04
1;cabify_recarga_normal_2018-05-28_input.csv;4791281;37429051987;{"debitId":13137798,"creditId":13137800};True;92,89;28/05/2018 18:16:04
1;cabify_recarga_normal_2018-05-28_input.csv;4791133;96001470863;{"debitId":13137907,"creditId":13137908};True;49,73;28/05/2018 18:16:04
1;cabify_recarga_normal_2018-05-28_input.csv;4791217;92196187968;{"debitId":13137924,"creditId":13137927};True;42,04;28/05/2018 18:16:04
1;cabify_recarga_normal_2018-05-28_input.csv;;03075936145;Cartao nao encontrado.;False;22,08;28/05/2018 18:16:04
1;cabify_recarga_normal_2018-05-28_input.csv;4791139;37966162087;{"debitId":13137877,"creditId":13137879};True;11,42;28/05/2018 18:16:04
1;cabify_recarga_normal_2018-05-28_input.csv;4791307;99924773187;{"debitId":13137887,"creditId":13137888};True;32,50;28/05/2018 18:16:04
1;cabify_recarga_normal_2018-05-28_input.csv;4791212;62454692953;{"debitId":13137942,"creditId":13137943};True;24,84;28/05/2018 18:16:04
1;cabify_recarga_normal_2018-05-28_input.csv;4791228;87246880968;{"debitId":13137965,"creditId":13137966};True;68,26;28/05/2018 18:16:04
1;cabify_recarga_normal_2018-05-28_input.csv;4791128;62845616953;{"debitId":13137974,"creditId":13137977};True;47,33;28/05/2018 18:16:04
1;cabify_recarga_normal_2018-05-28_input.csv;4791207;02989308970;{"debitId":13137978,"creditId":13137981};True;53,37;28/05/2018 18:16:04
1;cabify_recarga_normal_2018-05-28_input.csv;4791157;06422724926;{"debitId":13137982,"creditId":13137983};True;23,76;28/05/2018 18:16:04
1;cabify_recarga_normal_2018-05-28_input.csv;4791135;00585625913;{"debitId":13137893,"creditId":13137896};True;61,01;28/05/2018 18:16:04
1;cabify_recarga_normal_2018-05-28_input.csv;4815791;39261578870;{"debitId":13137909,"creditId":13137910};True;17,65;28/05/2018 18:16:04
1;cabify_recarga_normal_2018-05-28_input.csv;4791287;99547368915;{"debitId":13137928,"creditId":13137929};True;44,85;28/05/2018 18:16:04
1;cabify_recarga_normal_2018-05-28_input.csv;4791173;73917443953;{"debitId":13137947,"creditId":13137950};True;7,46;28/05/2018 18:16:04
1;cabify_recarga_normal_2018-05-28_input.csv;4791142;02132891990;{"debitId":13137968,"creditId":13137969};True;104,74;28/05/2018 18:16:04
1;cabify_recarga_normal_2018-05-28_input.csv;4791167;46863974991;{"debitId":13137986,"creditId":13137988};True;314,60;28/05/2018 18:16:04
1;cabify_recarga_normal_2018-05-28_input.csv;;00107400710;Cartao nao encontrado.;False;284,36;28/05/2018 18:16:04
1;cabify_recarga_normal_2018-05-28_input.csv;4791134;01177261685;{"debitId":13137993,"creditId":13137994};True;49,85;28/05/2018 18:16:04
1;cabify_recarga_normal_2018-05-28_input.csv;4791322;03701126879;{"debitId":13137997,"creditId":13137998};True;107,94;28/05/2018 18:16:04
1;cabify_recarga_normal_2018-05-28_input.csv;5017590;40522377904;{"debitId":13137999,"creditId":13138000};True;132,92;28/05/2018 18:16:04
1;cabify_recarga_normal_2018-05-28_input.csv;4791294;03526584958;{"debitId":13138003,"creditId":13138006};True;52,40;28/05/2018 18:16:04
1;cabify_recarga_normal_2018-05-28_input.csv;4791190;32058900944;{"debitId":13137897,"creditId":13137898};True;16,85;28/05/2018 18:16:04
1;cabify_recarga_normal_2018-05-28_input.csv;4791166;76387020425;{"debitId":13137911,"creditId":13137912};True;36,17;28/05/2018 18:16:04
1;cabify_recarga_normal_2018-05-28_input.csv;4791292;00196595207;{"debitId":13137930,"creditId":13137931};True;20,69;28/05/2018 18:16:04
1;cabify_recarga_normal_2018-05-28_input.csv;4791176;38566311949;{"debitId":13137955,"creditId":13137959};True;19,53;28/05/2018 18:16:04
1;cabify_recarga_normal_2018-05-28_input.csv;;00011790690;Cartao nao encontrado.;False;4,88;28/05/2018 18:16:04
1;cabify_recarga_normal_2018-05-28_input.csv;4791214;09367714459;{"debitId":13137971,"creditId":13137973};True;126,87;28/05/2018 18:16:04
1;cabify_recarga_normal_2018-05-28_input.csv;4791257;03053018969;{"debitId":13137991,"creditId":13137992};True;428,26;28/05/2018 18:16:04
1;cabify_recarga_normal_2018-05-28_input.csv;4791220;00752175971;{"debitId":13138007,"creditId":13138009};True;114,37;28/05/2018 18:16:04
1;cabify_recarga_normal_2018-05-28_input.csv;4791213;08129341484;{"debitId":13138016,"creditId":13138017};True;18,98;28/05/2018 18:16:04
1;cabify_recarga_normal_2018-05-28_input.csv;4791252;02439554995;{"debitId":13138019,"creditId":13138024};True;16,80;28/05/2018 18:16:04
1;cabify_recarga_normal_2018-05-28_input.csv;4791240;85869562953;{"debitId":13138025,"creditId":13138026};True;18,67;28/05/2018 18:16:04
1;cabify_recarga_normal_2018-05-28_input.csv;4791303;31879250144;{"debitId":13137902,"creditId":13137904};True;53,08;28/05/2018 18:16:04
