RegionId;CompanyId;Cpf;VlRecarga;NomeArquivo;Recharge;CardId;DescricaoProcessamento;DataRecarga
br_curitiba;916fca93e77945b29cef8bdd02bc22ef;40522377904;94,16;cabify_recarga_pendencias_2018-06-14_input.csv;True;5017590;{"debitId":15239432,"creditId":15239434};15/06/2018 17:45:18
br_curitiba;98cf25d4e6cddba26ced4c38bbc90d28;03810442976;15,85;cabify_recarga_pendencias_2018-06-14_input.csv;False;;Cartao nao encontrado;15/06/2018 17:45:18
br_curitiba;f57eaddd92f1ec6b38302ddd6378ef62;05334784802;343,25;cabify_recarga_pendencias_2018-06-14_input.csv;True;4791218;{"debitId":15239428,"creditId":15239430};15/06/2018 17:45:18
br_curitiba;cedc359fc092b03aaf937e7bf4905600;03420909926;5,34;cabify_recarga_pendencias_2018-06-14_input.csv;False;;Cartao nao encontrado;15/06/2018 17:45:18
br_curitiba;32addf2922229e9c62341796bc9aa934;92480128091;12,05;cabify_recarga_pendencias_2018-06-14_input.csv;False;;Cartao nao encontrado;15/06/2018 17:45:18
br_curitiba;98817f59c5db894c9e7b16aac043742f;95181342000;125,18;cabify_recarga_pendencias_2018-06-14_input.csv;False;;Cartao nao encontrado;15/06/2018 17:45:18
br_curitiba;98cf25d4e6cddba26ced4c38bbc8e099;93487797968;4,88;cabify_recarga_pendencias_2018-06-14_input.csv;True;4791148;{"debitId":15239416,"creditId":15239421};15/06/2018 17:45:18
br_curitiba;14a6c0e789c5ef0ee410e49bed16db55;00885528964;152,10;cabify_recarga_pendencias_2018-06-14_input.csv;True;4791273;{"debitId":15239397,"creditId":15239412};15/06/2018 17:45:18
br_curitiba;0cb88b3b9304fe9a1530f13fcb31205f;04187609938;90,44;cabify_recarga_pendencias_2018-06-14_input.csv;True;5017634;{"debitId":15239436,"creditId":15239439};15/06/2018 17:45:18
br_curitiba;0dfa2c0ab490e3df35c81b6086b67e78;25642393820;137,92;cabify_recarga_pendencias_2018-06-14_input.csv;False;;Cartao nao encontrado;15/06/2018 17:45:18
br_curitiba;f57eaddd92f1ec6b38302ddd637b5867;00916274942;9,76;cabify_recarga_pendencias_2018-06-14_input.csv;False;;Cartao nao encontrado;15/06/2018 17:45:18
br_curitiba;55ba90367e2ce84359582e5f591c4a12;82527849920;9,02;cabify_recarga_pendencias_2018-06-14_input.csv;True;4791279;{"debitId":15239367,"creditId":15239377};15/06/2018 17:45:18
br_curitiba;2b40c3e8ccc85443a2470fc31d2baef5;06487182982;30,44;cabify_recarga_pendencias_2018-06-14_input.csv;False;;Cartao nao encontrado;15/06/2018 17:45:18
