RegionId;CompanyId;Cpf;VlRecarga;NomeArquivo;Recharge;CardId;DescricaoProcessamento;DataRecarga
br_curitiba;76e5edff417c5870d713d499a820fcb8;51906953953;9,88;cabify_recarga_normal_2018-06-13_input.csv;True;5017671;{"debitId":15072940,"creditId":15072941};14/06/2018 11:37:56
br_curitiba;fef9eafedd4d7077865fa38ad2c13e14;63868814949;99,41;cabify_recarga_normal_2018-06-13_input.csv;True;4791204;{"debitId":15072653,"creditId":15072654};14/06/2018 11:37:56
br_curitiba;7344c1db5770b2aae296b4420331589e;03526584958;42,67;cabify_recarga_normal_2018-06-13_input.csv;True;4791294;{"debitId":15072871,"creditId":15072874};14/06/2018 11:37:56
br_curitiba;be16f29316434c859267a5ea19e0a013;05494933954;54,41;cabify_recarga_normal_2018-06-13_input.csv;True;4791253;{"debitId":15072776,"creditId":15072777};14/06/2018 11:37:56
br_curitiba;2aeeeed5c8e0e9eacb195bffbb951032;06011878903;230,32;cabify_recarga_normal_2018-06-13_input.csv;True;5017611;{"debitId":15072682,"creditId":15072683};14/06/2018 11:37:56
br_curitiba;0c64e3d0dceec9ed5ff4869d177c22fb;02896669965;20,57;cabify_recarga_normal_2018-06-13_input.csv;True;4791244;{"debitId":15072742,"creditId":15072743};14/06/2018 11:37:56
br_curitiba;181d5f4f84e37fcd3e35bbbd70b3b89e;68678029900;35,31;cabify_recarga_normal_2018-06-13_input.csv;True;5017665;{"debitId":15072881,"creditId":15072883};14/06/2018 11:37:56
br_curitiba;fd9fc72e5801d579449bd9b12d60b62f;04465980973;27,40;cabify_recarga_normal_2018-06-13_input.csv;True;5017698;{"debitId":15072674,"creditId":15072677};14/06/2018 11:37:56
br_curitiba;c22b81c1bb42ede214d9dd1520d3b9b0;92138020991;4,88;cabify_recarga_normal_2018-06-13_input.csv;True;5017709;{"debitId":15072716,"creditId":15072717};14/06/2018 11:37:56
br_curitiba;14a6c0e789c5ef0ee410e49bed1715ca;05503600932;16,73;cabify_recarga_normal_2018-06-13_input.csv;True;4791238;{"debitId":15072719,"creditId":15072720};14/06/2018 11:37:56
br_curitiba;76e5edff417c5870d713d499a81fc5de;02299958967;5,08;cabify_recarga_normal_2018-06-13_input.csv;True;5017673;{"debitId":15072947,"creditId":15072952};14/06/2018 11:37:56
br_curitiba;f57eaddd92f1ec6b38302ddd6378ef62;05334784802;108,32;cabify_recarga_normal_2018-06-13_input.csv;True;4791218;{"debitId":15072789,"creditId":15072791};14/06/2018 11:37:56
br_curitiba;32addf2922229e9c62341796bc99e306;01162133961;69,53;cabify_recarga_normal_2018-06-13_input.csv;True;4791269;{"debitId":15072592,"creditId":15072598};14/06/2018 11:37:56
br_curitiba;6417bb411e17f7879df09d0e02998da5;02989308970;15,00;cabify_recarga_normal_2018-06-13_input.csv;True;4791207;{"debitId":15072672,"creditId":15072673};14/06/2018 11:37:56
br_curitiba;266d20595b5c6cec09abb8f97004cd26;18555837987;380,04;cabify_recarga_normal_2018-06-13_input.csv;True;4791168;{"debitId":15072721,"creditId":15072724};14/06/2018 11:37:56
br_curitiba;0c64e3d0dceec9ed5ff4869d1780ec6d;09530824904;25,69;cabify_recarga_normal_2018-06-13_input.csv;True;5017691;{"debitId":15072657,"creditId":15072658};14/06/2018 11:37:56
br_curitiba;ca02e22be856d4ef5890c8054c409a35;08129341484;15,00;cabify_recarga_normal_2018-06-13_input.csv;True;4791213;{"debitId":15072747,"creditId":15072749};14/06/2018 11:37:56
br_curitiba;752844faffa4a6d899f82c3a29b04d45;42102171825;106,88;cabify_recarga_normal_2018-06-13_input.csv;True;4791267;{"debitId":15072865,"creditId":15072866};14/06/2018 11:37:56
br_curitiba;61ddff4845adcba9473a0894b47eab40;79248098991;20,44;cabify_recarga_normal_2018-06-13_input.csv;True;5017693;{"debitId":15072663,"creditId":15072666};14/06/2018 11:37:56
br_curitiba;094e8a16bb30f99a57098905f84ec51c;58070486953;13,46;cabify_recarga_normal_2018-06-13_input.csv;True;4791250;{"debitId":15072765,"creditId":15072766};14/06/2018 11:37:56
br_curitiba;14a6c0e789c5ef0ee410e49bed198876;06662076902;36,01;cabify_recarga_normal_2018-06-13_input.csv;True;5017600;{"debitId":15072908,"creditId":15072909};14/06/2018 11:37:56
br_curitiba;593b161f70cb1e9e6990e9cacc5a5761;02387942965;20,69;cabify_recarga_normal_2018-06-13_input.csv;True;4791188;{"debitId":15072852,"creditId":15072853};14/06/2018 11:37:56
br_curitiba;cedc359fc092b03aaf937e7bf4928178;44409770900;8,74;cabify_recarga_normal_2018-06-13_input.csv;True;4791131;{"debitId":15072542,"creditId":15072547};14/06/2018 11:37:56
br_curitiba;ca02e22be856d4ef5890c8054c44e715;03878461909;7,63;cabify_recarga_normal_2018-06-13_input.csv;True;4791208;{"debitId":15072704,"creditId":15072705};14/06/2018 11:37:56
br_curitiba;7344c1db5770b2aae296b442033476c8;20095384987;20,35;cabify_recarga_normal_2018-06-13_input.csv;True;4791161;{"debitId":15072846,"creditId":15072847};14/06/2018 11:37:56
br_curitiba;2358ead189555a1e5907e36507047ab0;99547368915;68,71;cabify_recarga_normal_2018-06-13_input.csv;True;4791287;{"debitId":15072815,"creditId":15072819};14/06/2018 11:37:56
br_curitiba;3487c6f2752e75dad7ba57febacd7af1;10320390780;71,93;cabify_recarga_normal_2018-06-13_input.csv;True;4791326;{"debitId":15072854,"creditId":15072855};14/06/2018 11:37:56
br_curitiba;0dfa2c0ab490e3df35c81b6086af4bae;07568201970;9,62;cabify_recarga_normal_2018-06-13_input.csv;True;5017620;{"debitId":15072750,"creditId":15072751};14/06/2018 11:37:56
br_curitiba;76e5edff417c5870d713d499a81e7379;06458386915;111,24;cabify_recarga_normal_2018-06-13_input.csv;True;5017666;{"debitId":15072900,"creditId":15072901};14/06/2018 11:37:56
br_curitiba;76e5edff417c5870d713d499a8db5940;87246104968;15,45;cabify_recarga_normal_2018-06-13_input.csv;True;5017651;{"debitId":15072792,"creditId":15072793};14/06/2018 11:37:56
br_curitiba;9d402f97712ea702d8f4d61188e1d0c9;05361579955;55,37;cabify_recarga_normal_2018-06-13_input.csv;True;5017617;{"debitId":15072710,"creditId":15072714};14/06/2018 11:37:56
br_curitiba;7c46f6ab874adb2c9628c733a1c04836;02439554995;49,14;cabify_recarga_normal_2018-06-13_input.csv;True;4791252;{"debitId":15072767,"creditId":15072768};14/06/2018 11:37:56
br_curitiba;7a6ad84fef9b6882dbf11bf0c22b4233;04692434902;54,21;cabify_recarga_normal_2018-06-13_input.csv;True;5017631;{"debitId":15072763,"creditId":15072764};14/06/2018 11:37:56
br_curitiba;a94ebedee3b45c4297d121e8c30eb713;46863974991;12,74;cabify_recarga_normal_2018-06-13_input.csv;True;4791167;{"debitId":15072535,"creditId":15072536};14/06/2018 11:37:56
br_curitiba;55ba90367e2ce84359582e5f5918562e;06253080938;57,16;cabify_recarga_normal_2018-06-13_input.csv;True;4791266;{"debitId":15072850,"creditId":15072851};14/06/2018 11:37:56
br_curitiba;3487c6f2752e75dad7ba57febac3e0e7;55295452972;17,84;cabify_recarga_normal_2018-06-13_input.csv;True;4791144;{"debitId":15072754,"creditId":15072755};14/06/2018 11:37:56
br_curitiba;be16f29316434c859267a5ea19dd01d6;37429051987;208,41;cabify_recarga_normal_2018-06-13_input.csv;True;4791281;{"debitId":15072784,"creditId":15072785};14/06/2018 11:37:56
br_curitiba;3487c6f2752e75dad7ba57febac32a2f;03701126879;92,47;cabify_recarga_normal_2018-06-13_input.csv;True;4791322;{"debitId":15072824,"creditId":15072827};14/06/2018 11:37:56
br_curitiba;1c28bdc0c88c69ff36c17d6efc71ad72;05048430603;19,68;cabify_recarga_normal_2018-06-13_input.csv;True;4791268;{"debitId":15072698,"creditId":15072701};14/06/2018 11:37:56
br_curitiba;8225b11ef148606cb26f12ad6e6ef5ee;05312504823;51,22;cabify_recarga_normal_2018-06-13_input.csv;True;4791254;{"debitId":15072778,"creditId":15072781};14/06/2018 11:37:56
br_curitiba;9368f2714f841805526699ae02ad4174;09456279987;15,05;cabify_recarga_normal_2018-06-13_input.csv;True;5017608;{"debitId":15072918,"creditId":15072921};14/06/2018 11:37:56
br_curitiba;752844faffa4a6d899f82c3a29ac22de;08654904739;14,90;cabify_recarga_normal_2018-06-13_input.csv;True;5017695;{"debitId":15072670,"creditId":15072671};14/06/2018 11:37:56
br_curitiba;029f56a65279f3ac6fdaf35914c4b7ab;06200623988;58,39;cabify_recarga_normal_2018-06-13_input.csv;True;5017610;{"debitId":15072924,"creditId":15072929};14/06/2018 11:37:56
br_curitiba;1c28bdc0c88c69ff36c17d6efc7bf55d;99924773187;44,51;cabify_recarga_normal_2018-06-13_input.csv;True;4791307;{"debitId":15072680,"creditId":15072681};14/06/2018 11:37:56
br_curitiba;ede35a5fe779f74676b4e95ef757f0ee;16853392809;16,11;cabify_recarga_normal_2018-06-13_input.csv;True;4791304;{"debitId":15072661,"creditId":15072662};14/06/2018 11:37:56
br_curitiba;2da841c387c59e98a7e66d8131f7e6ec;87212455920;178,61;cabify_recarga_normal_2018-06-13_input.csv;True;5017607;{"debitId":15072916,"creditId":15072917};14/06/2018 11:37:56
br_curitiba;1c28bdc0c88c69ff36c17d6efc6e1f40;31879250144;249,63;cabify_recarga_normal_2018-06-13_input.csv;True;4791303;{"debitId":15072891,"creditId":15072892};14/06/2018 11:37:56
br_curitiba;47ab26f394675157542bd72422512514;05043510609;33,88;cabify_recarga_normal_2018-06-13_input.csv;True;4791200;{"debitId":15072885,"creditId":15072886};14/06/2018 11:37:56
br_curitiba;3487c6f2752e75dad7ba57febacad8b3;03075936146;4,88;cabify_recarga_normal_2018-06-13_input.csv;True;4791319;{"debitId":15072771,"creditId":15072772};14/06/2018 11:37:56
br_curitiba;157b42f3a1a488aec4798fcddabba0d1;01856795950;69,41;cabify_recarga_normal_2018-06-13_input.csv;True;5017669;{"debitId":15072933,"creditId":15072936};14/06/2018 11:37:56
br_curitiba;32addf2922229e9c62341796bc9bdcbf;01819661580;66,77;cabify_recarga_normal_2018-06-13_input.csv;True;5017619;{"debitId":15072732,"creditId":15072736};14/06/2018 11:37:56
br_santos;d0144a467eaa30a5bd8505ac42258f8f;32543729801;24,48;cabify_recarga_normal_2018-06-13_input.csv;True;4815789;{"debitId":15072895,"creditId":15072896};14/06/2018 11:37:56
br_curitiba;0a0377a438eacec36b2268896fc56486;18462469899;45,26;cabify_recarga_normal_2018-06-13_input.csv;True;5017667;{"debitId":15072912,"creditId":15072913};14/06/2018 11:37:56
br_curitiba;620f03528cbb5f061f15d5d1f4426a81;65356144920;1095,24;cabify_recarga_normal_2018-06-13_input.csv;True;4791276;{"debitId":15072744,"creditId":15072746};14/06/2018 11:37:56
br_curitiba;be16f29316434c859267a5ea19da7d02;00954432908;31,67;cabify_recarga_normal_2018-06-13_input.csv;True;5017602;{"debitId":15072914,"creditId":15072915};14/06/2018 11:37:56
br_curitiba;7344c1db5770b2aae296b442032cc5d4;85869562953;16,51;cabify_recarga_normal_2018-06-13_input.csv;True;4791240;{"debitId":15072737,"creditId":15072740};14/06/2018 11:37:56
br_curitiba;a04a257a84d488c56fa7ea030816ef75;76387020425;46,11;cabify_recarga_normal_2018-06-13_input.csv;True;4791166;{"debitId":15072862,"creditId":15072864};14/06/2018 11:37:56
br_curitiba;7344c1db5770b2aae296b4420333a07b;10093861907;614,49;cabify_recarga_normal_2018-06-13_input.csv;True;4791299;{"debitId":15072887,"creditId":15072888};14/06/2018 11:37:56
br_curitiba;0a0377a438eacec36b2268896fc52b5c;06355274995;179,23;cabify_recarga_normal_2018-06-13_input.csv;True;5017633;{"debitId":15072774,"creditId":15072775};14/06/2018 11:37:56
br_curitiba;752844faffa4a6d899f82c3a29b960b5;16264311839;57,92;cabify_recarga_normal_2018-06-13_input.csv;True;4791230;{"debitId":15072525,"creditId":15072526};14/06/2018 11:37:56
br_curitiba;8972bf524524ed897c87e28a0fead5b6;04771245932;28,26;cabify_recarga_normal_2018-06-13_input.csv;True;5017654;{"debitId":15072833,"creditId":15072841};14/06/2018 11:37:56
br_curitiba;af22938f4d8fcac7590cdbd0022637ef;63931052915;12,18;cabify_recarga_normal_2018-06-13_input.csv;True;4791205;{"debitId":15072668,"creditId":15072669};14/06/2018 11:37:56
br_curitiba;3487c6f2752e75dad7ba57febac99ef8;02259792928;68,70;cabify_recarga_normal_2018-06-13_input.csv;True;4791318;{"debitId":15072758,"creditId":15072759};14/06/2018 11:37:56
br_curitiba;916fca93e77945b29cef8bdd02bc22ef;40522377904;558,03;cabify_recarga_normal_2018-06-13_input.csv;True;5017590;{"debitId":15072906,"creditId":15072907};14/06/2018 11:37:56
br_curitiba;98cf25d4e6cddba26ced4c38bbce08bd;01177261685;9,66;cabify_recarga_normal_2018-06-13_input.csv;True;4791134;{"debitId":15072599,"creditId":15072604};14/06/2018 11:37:56
br_curitiba;3487c6f2752e75dad7ba57febabf9566;04394791936;128,64;cabify_recarga_normal_2018-06-13_input.csv;True;4791329;{"debitId":15072877,"creditId":15072880};14/06/2018 11:37:56
br_curitiba;2b40c3e8ccc85443a2470fc31d2baef5;06487182982;20,49;cabify_recarga_normal_2018-06-13_input.csv;False;;Cartao nao encontrado;14/06/2018 11:37:56
br_curitiba;35fd1d6de4280ed53ea93ddb078870ab;05026053912;83,40;cabify_recarga_normal_2018-06-13_input.csv;True;5017421;{"debitId":15072902,"creditId":15072903};14/06/2018 11:37:56
br_curitiba;752844faffa4a6d899f82c3a29c2b6a9;08528379922;17,06;cabify_recarga_normal_2018-06-13_input.csv;True;4791247;{"debitId":15072752,"creditId":15072753};14/06/2018 11:37:56
br_curitiba;32addf2922229e9c62341796bc9aa934;92480128091;12,05;cabify_recarga_normal_2018-06-13_input.csv;False;;Cartao nao encontrado;14/06/2018 11:37:56
br_curitiba;55ba90367e2ce84359582e5f591c4a12;82527849920;49,67;cabify_recarga_normal_2018-06-13_input.csv;True;4791279;{"debitId":15072756,"creditId":15072757};14/06/2018 11:37:56
br_curitiba;6b59627fccefb7105789913a2b00977b;99377055920;78,22;cabify_recarga_normal_2018-06-13_input.csv;True;5017433;{"debitId":15072904,"creditId":15072905};14/06/2018 11:37:56
br_curitiba;55ba90367e2ce84359582e5f590c56b9;06140681936;5,52;cabify_recarga_normal_2018-06-13_input.csv;True;5017705;{"debitId":15072685,"creditId":15072687};14/06/2018 11:37:56
br_curitiba;7344c1db5770b2aae296b442032e76e5;45609217920;20,81;cabify_recarga_normal_2018-06-13_input.csv;True;4791153;{"debitId":15072809,"creditId":15072813};14/06/2018 11:37:56
br_curitiba;a41d8afe439b0c733cec59893f0998e2;29571484806;56,65;cabify_recarga_normal_2018-06-13_input.csv;True;4791308;{"debitId":15072727,"creditId":15072728};14/06/2018 11:37:56
br_curitiba;ca02e22be856d4ef5890c8054c486d99;07743434940;454,82;cabify_recarga_normal_2018-06-13_input.csv;True;4791182;{"debitId":15072769,"creditId":15072770};14/06/2018 11:37:56
br_curitiba;6417bb411e17f7879df09d0e029d04d3;73917443953;29,56;cabify_recarga_normal_2018-06-13_input.csv;True;4791173;{"debitId":15072645,"creditId":15072646};14/06/2018 11:37:56
br_curitiba;157b42f3a1a488aec4798fcddabb657f;18592520959;34,59;cabify_recarga_normal_2018-06-13_input.csv;True;5017658;{"debitId":15072858,"creditId":15072859};14/06/2018 11:37:56
br_curitiba;8225b11ef148606cb26f12ad6e6fbc8e;63217686934;145,27;cabify_recarga_normal_2018-06-13_input.csv;True;4791255;{"debitId":15072797,"creditId":15072806};14/06/2018 11:37:56
br_curitiba;ab849226bc0f90e82f220ab8868a20c4;05122788650;39,28;cabify_recarga_normal_2018-06-13_input.csv;True;4791129;{"debitId":15072691,"creditId":15072694};14/06/2018 11:37:56
