Region ID;Company ID;Driver National Id Num;Cost Local
br_curitiba;0a0377a438eacec36b2268896fc52b5c;06355274995;15,82
br_curitiba;752844faffa4a6d899f82c3a29b846de;02431214907;10,47
br_curitiba;32addf2922229e9c62341796bc9bdcbf;01819661580;26,31
br_curitiba;752844faffa4a6d899f82c3a29abdc46;03103947917;8,56
br_curitiba;fd9fc72e5801d579449bd9b12d60b62f;04465980973;10,69
br_curitiba;a94ebedee3b45c4297d121e8c30eb713;46863974991;15,41
br_curitiba;f57eaddd92f1ec6b38302ddd637712ff;01312270683;59,1
br_curitiba;98cf25d4e6cddba26ced4c38bbce08bd;01177261685;24,71
br_curitiba;3487c6f2752e75dad7ba57febac253cf;62845616953;38,45
br_curitiba;f57eaddd92f1ec6b38302ddd6378ef62;05334784802;25,31
br_curitiba;ab849226bc0f90e82f220ab8868a20c4;05122788650;27
br_curitiba;6417bb411e17f7879df09d0e0295c7cd;09367714459;46,52
br_curitiba;916fca93e77945b29cef8bdd02bc22ef;40522377904;110,99
br_curitiba;3487c6f2752e75dad7ba57febac32a2f;03701126879;9,39
br_curitiba;cedc359fc092b03aaf937e7bf499c5ed;04252116902;35,5
br_curitiba;ca02e22be856d4ef5890c8054c486d99;07743434940;2,78
br_curitiba;3487c6f2752e75dad7ba57febabfa88a;02567304908;26,15
br_curitiba;752844faffa4a6d899f82c3a29c2b6a9;08528379922;14,95
br_curitiba;8225b11ef148606cb26f12ad6e6fbc8e;63217686934;14,49
br_santos;33072f67030ec131117b07586cdbe4f7;39261578870;41,76
br_curitiba;7344c1db5770b2aae296b4420333a07b;10093861907;88,68
br_curitiba;84d6ef3bce9a5c31516cacbfe270c269;01640349944;6,27
