RegionId;CompanyId;Cpf;VlRecarga;NomeArquivo;Recharge;CardId;DescricaoProcessamento;DataRecarga
br_curitiba;476c55c99e1c52e20705ac90695100cf;03934498906;110,62;cabify_recarga_correcao_2018-07-16_input.csv;True;5017441;{"debitId":18659006,"creditId":18659007};16/07/2018 18:08:07
br_curitiba;181d5f4f84e37fcd3e35bbbd70acfcb9;98790889134;115,65;cabify_recarga_correcao_2018-07-16_input.csv;False;;Cartao nao encontrado;16/07/2018 18:08:07
br_curitiba;f57eaddd92f1ec6b38302ddd637b5867;00916274942;9,76;cabify_recarga_correcao_2018-07-16_input.csv;False;;Cartao nao encontrado;16/07/2018 18:08:07
br_curitiba;cedc359fc092b03aaf937e7bf4905600;03420909926;5,34;cabify_recarga_correcao_2018-07-16_input.csv;False;;Cartao nao encontrado;16/07/2018 18:08:07
br_curitiba;98cf25d4e6cddba26ced4c38bbc90d28;03810442976;15,85;cabify_recarga_correcao_2018-07-16_input.csv;False;;Cartao nao encontrado;16/07/2018 18:08:07
br_curitiba;55ba90367e2ce84359582e5f5918562e;06253080938;5,46;cabify_recarga_correcao_2018-07-16_input.csv;True;4791266;{"debitId":18658988,"creditId":18658989};16/07/2018 18:08:07
br_curitiba;ce5a6752e46d8035c28535a063993815;06200623988;101,22;cabify_recarga_correcao_2018-07-16_input.csv;True;5017610;{"debitId":18658998,"creditId":18659001};16/07/2018 18:08:07
br_curitiba;ca02e22be856d4ef5890c8054c47e65b;03585860900;37,24;cabify_recarga_correcao_2018-07-16_input.csv;False;;Cartao nao encontrado;16/07/2018 18:08:07
br_curitiba;6417bb411e17f7879df09d0e029c5dc7;76047598900;56,54;cabify_recarga_correcao_2018-07-16_input.csv;True;4791179;{"debitId":18658995,"creditId":18658997};16/07/2018 18:08:07
