RegionID;CompanyID;DriverNationalIdNum;CostLocal
br_curitiba;a04a257a84d488c56fa7ea030816ef75;76387020425;6,27
br_curitiba;752844faffa4a6d899f82c3a29b81bf0;08972247952;28,16
br_curitiba;6417bb411e17f7879df09d0e0295c7cd;09367714459;171,88
br_curitiba;9c44238e231a5358eb2f22b10809cc56;05197158611;38,27
br_curitiba;f57eaddd92f1ec6b38302ddd6378ef62;05334784802;205,3
br_curitiba;55ba90367e2ce84359582e5f592616c0;00196595207;38,4
br_curitiba;47e22bf4e97295e9bb96cd927b794bee;28450906920;5,31
br_curitiba;be16f29316434c859267a5ea19e0a013;05494933954;5,56
br_curitiba;2bfe5fe24da51ce2b32598a9a445a77d;72481668987;87,17
br_curitiba;f57eaddd92f1ec6b38302ddd637712ff;01312270683;38,28
br_curitiba;f57eaddd92f1ec6b38302ddd63825a9f;92196187968;38,3
br_curitiba;0a0377a438eacec36b2268896fc52b5c;06355274995;13,84
br_curitiba;47e22bf4e97295e9bb96cd927b75ab2d;04409232983;26,47
br_curitiba;d4956cc8e637dffbc124033f058d1c4c;03990058975;17,37
br_curitiba;3487c6f2752e75dad7ba57febabf9566;04394791936;49,87
br_curitiba;9d402f97712ea702d8f4d61188e1d0c9;05361579955;9,08
br_curitiba;32addf2922229e9c62341796bc999564;45693951987;141,92
br_curitiba;98817f59c5db894c9e7b16aac041b1f6;05800574960;17,38
br_curitiba;0c64e3d0dceec9ed5ff4869d1780ec6d;09530824904;57,31
br_curitiba;32addf2922229e9c62341796bc99e306;01162133961;31,08
br_curitiba;3487c6f2752e75dad7ba57febac3e0e7;55295452972;12,39
br_curitiba;a04a257a84d488c56fa7ea03081677c0;05501212935;7,36
br_curitiba;d5e7298451503f17896cb896a15fc95b;02145786902;14,51
br_curitiba;a94ebedee3b45c4297d121e8c30eb713;46863974991;51,52
br_curitiba;752844faffa4a6d899f82c3a29b04d45;42102171825;10,76
br_curitiba;d5e7298451503f17896cb896a160435f;02582701955;50,2
br_curitiba;6f439d1b532014c8bfa34833ccfc603a;02607452945;65,62
br_curitiba;68fb651cc73fcffc024fc547104526cb;07643013900;32,57
br_curitiba;3487c6f2752e75dad7ba57febac253cf;62845616953;33,99
br_curitiba;cedc359fc092b03aaf937e7bf493d4f5;00585625913;11,32
br_curitiba;0c64e3d0dceec9ed5ff4869d177c22fb;02896669965;18,13
br_curitiba;cedc359fc092b03aaf937e7bf499c5ed;04252116902;192,32
br_curitiba;752844faffa4a6d899f82c3a29b846de;02431214907;27,85
br_curitiba;620f03528cbb5f061f15d5d1f4426a81;65356144920;295,97
br_curitiba;03f3c16bf9536e012fe05a81b5ef0a55;51929589972;84,43
br_curitiba;1fbb9b31e029437feb46193a52ff6cc9;67220592949;21,87
br_curitiba;21bcdda4b7cf9c9c2c002abe9d070f82;00489932983;40,26
br_curitiba;84d6ef3bce9a5c31516cacbfe2705633;25346172904;151,02
br_curitiba;1fbb9b31e029437feb46193a52ffa212;54507014972;268,94
br_curitiba;8972bf524524ed897c87e28a0fead5b6;04771245932;63,32
br_curitiba;9c44238e231a5358eb2f22b108099f78;03013893907;67,8
br_curitiba;3487c6f2752e75dad7ba57febac99ef8;02259792928;11,38
br_curitiba;3487c6f2752e75dad7ba57febacd7af1;10320390780;7,56
br_curitiba;84d6ef3bce9a5c31516cacbfe270dbf6;03139502966;16,71
br_curitiba;752844faffa4a6d899f82c3a29abdc46;03103947917;5,25
br_curitiba;752844faffa4a6d899f82c3a29c2b6a9;08528379922;15,65
br_curitiba;cbff527cfc639055cbf59ab3e6fd16c0;44236042134;8,53
br_curitiba;ab849226bc0f90e82f220ab8868655a6;35517581900;0
br_curitiba;d5f04aeafc4aaa5f0e50c83e89a25938;07680514950;48,55
br_curitiba;752844faffa4a6d899f82c3a29ac22de;08654904739;56,11
br_curitiba;cedc359fc092b03aaf937e7bf4928178;44409770900;23,4
br_curitiba;21bcdda4b7cf9c9c2c002abe9d05059f;08100057869;21,17
br_curitiba;47e22bf4e97295e9bb96cd927b7a46ac;01031908137;52,52
br_curitiba;7344c1db5770b2aae296b442033476c8;20095384987;46,33
br_curitiba;35fd1d6de4280ed53ea93ddb078870ab;05026053912;26,05
br_curitiba;be16f29316434c859267a5ea19d92555;03457092923;27,14
br_curitiba;a33524db6ef6770f37da9eacbf26c440;84188464968;27,83
br_curitiba;98cf25d4e6cddba26ced4c38bbce08bd;01177261685;78,49
br_curitiba;ca02e22be856d4ef5890c8054c486d99;07743434940;455,04
br_curitiba;68fb651cc73fcffc024fc5471044d8cd;09001908926;34,15
br_curitiba;21bcdda4b7cf9c9c2c002abe9d08872d;01003758983;8,83
br_curitiba;7344c1db5770b2aae296b4420333a07b;10093861907;10,63
br_curitiba;af22938f4d8fcac7590cdbd0022637ef;63931052915;12,73
br_curitiba;32addf2922229e9c62341796bc9bdcbf;01819661580;77,77
br_curitiba;21bcdda4b7cf9c9c2c002abe9d07fb5b;07866691959;9,8
br_curitiba;cfc6380324277bf7268f0f2e8f3c9b00;04751056999;6,89
br_curitiba;0a0377a438eacec36b2268896fc56486;18462469899;58,15
br_curitiba;98cf25d4e6cddba26ced4c38bbc8e099;93487797968;43,57
br_curitiba;84d6ef3bce9a5c31516cacbfe2709cad;06839838900;17,85
br_curitiba;47e22bf4e97295e9bb96cd927b75debe;05761308428;60,55
br_curitiba;cfc6380324277bf7268f0f2e8f3cb388;79506941904;49,67
br_curitiba;8225b11ef148606cb26f12ad6e6ef5ee;05312504823;5,02
br_curitiba;c55f0380554ba572d2041e26903d2ba6;04996081945;61,4
br_curitiba;47e22bf4e97295e9bb96cd927b7ca450;08359378606;0
br_curitiba;a33524db6ef6770f37da9eacbf28d799;06436236988;20,21
br_curitiba;8225b11ef148606cb26f12ad6e6fbc8e;63217686934;5,25
br_curitiba;76e5edff417c5870d713d499a8db5940;87246104968;15,25
br_curitiba;fd9fc72e5801d579449bd9b12d58d513;31879250144;103,34
br_curitiba;55ba90367e2ce84359582e5f5918562e;06253080938;25,64
br_curitiba;55ba90367e2ce84359582e5f591d5f20;64039412915;7,84
br_curitiba;3487c6f2752e75dad7ba57febabfa88a;02567304908;41,44
br_curitiba;84d6ef3bce9a5c31516cacbfe2ef6918;01593962983;9,26
br_curitiba;68fb651cc73fcffc024fc5471044c996;01980534950;34,27
br_curitiba;c22b81c1bb42ede214d9dd1520d3b9b0;92138020991;50,5
br_curitiba;ef8ef8604470bc9070249a96315c076b;04146355907;0
br_curitiba;7344c1db5770b2aae296b442032e76e5;45609217920;13,94
br_curitiba;21bcdda4b7cf9c9c2c002abe9d0722cc;04654701907;14,18
br_curitiba;ce5a6752e46d8035c28535a0639814e0;05337483994;19,64
br_curitiba;76e5edff417c5870d713d499a816f1c8;00955919908;34,39
br_curitiba;a41d8afe439b0c733cec59893f0735fc;03523854997;43,68
br_curitiba;181d5f4f84e37fcd3e35bbbd70b3b89e;68678029900;30,32
br_curitiba;d5e7298451503f17896cb896a15fb397;03536761950;210,83
br_curitiba;2aeeeed5c8e0e9eacb195bffbb951032;06011878903;18,09
br_curitiba;6f439d1b532014c8bfa34833ccfcfbfb;04461467732;33,22
br_curitiba;98cf25d4e6cddba26ced4c38bbc902a1;38566311949;54,18
br_curitiba;47e22bf4e97295e9bb96cd927b7fe620;06408448984;40,96
br_curitiba;55ba90367e2ce84359582e5f59122691;09730148902;22,03
br_curitiba;ca02e22be856d4ef5890c8054c41a294;87246880968;20,28
br_curitiba;181d5f4f84e37fcd3e35bbbd70acfcb9;98790889134;38,55
br_curitiba;ab849226bc0f90e82f220ab8868a98f6;96001470863;39,99
br_curitiba;1fbb9b31e029437feb46193a52ff2f72;02045342913;20,56
br_curitiba;21bcdda4b7cf9c9c2c002abe9d099ca3;02954977930;288,23
br_curitiba;84d6ef3bce9a5c31516cacbfe2efbda1;03006810970;44,98
br_curitiba;21bcdda4b7cf9c9c2c002abe9d082820;01623286050;32,28
br_curitiba;2bfe5fe24da51ce2b32598a9a4458933;20510564801;62,29
br_curitiba;157b42f3a1a488aec4798fcddabb657f;18592520959;65,63
br_curitiba;266d20595b5c6cec09abb8f97004cd26;18555837987;404,83
br_curitiba;ab849226bc0f90e82f220ab8868a20c4;05122788650;38,5
br_curitiba;ca02e22be856d4ef5890c8054c47e65b;03595860900;56,22
br_curitiba;6a5e670bff4573ea42a23f52995cae3f;03788811919;0
br_curitiba;fd9fc72e5801d579449bd9b12d60b62f;04465980973;59,77
br_curitiba;cedc359fc092b03aaf937e7bf48e32d3;03053018969;199,56
br_curitiba;21bcdda4b7cf9c9c2c002abe9d0784ef;02552123996;87,67
br_curitiba;157b42f3a1a488aec4798fcddabba0d1;01856795950;30,37
br_curitiba;be16f29316434c859267a5ea19dd01d6;37429051987;95,14
br_curitiba;752844faffa4a6d899f82c3a29b960b5;16264311839;32,96
br_curitiba;03f3c16bf9536e012fe05a81b5efc812;08787799901;144,33
br_curitiba;d5e7298451503f17896cb896a15f9c29;03382017938;11,91
br_curitiba;6417bb411e17f7879df09d0e0297559b;62454692953;22,24
br_curitiba;47e22bf4e97295e9bb96cd927b7f6c93;05186898910;48,52
br_curitiba;476c55c99e1c52e20705ac906953ae63;08458034921;23,41
br_curitiba;6a5e670bff4573ea42a23f52995cc99f;03084494959;44,22
br_curitiba;76e5edff417c5870d713d499a820fcb8;51906953953;14,58
br_curitiba;123c345bb27f1fe9bd31873940e0e1fe;92598137949;7,32
br_santos;33072f67030ec131117b07586cdbe4f7;39261578870;10,15
