RegionId;CompanyId;Cpf;VlRecarga;NomeArquivo;Recharge;CardId;DescricaoProcessamento;DataRecarga
br_curitiba;21bcdda4b7cf9c9c2c002abe9d05059f;08100057869;15,13;cabify_recarga_normal_2018_07_06_input.csv;False;5017683;{"_embedded":{"errors":[{"logref":"INSUFFICIENT_FUNDS","message":"DEBIT","path":null}]}};06/07/2018 12:34:42
br_curitiba;e9b1c75764c1ea0138e5d68e5b26c492;02875230980;9,07;cabify_recarga_normal_2018_07_06_input.csv;False;4791198;{"_embedded":{"errors":[{"logref":"INSUFFICIENT_FUNDS","message":"DEBIT","path":null}]}};06/07/2018 12:34:42
br_curitiba;8225b11ef148606cb26f12ad6e6fbc8e;63217686934;46,66;cabify_recarga_normal_2018_07_06_input.csv;False;4791255;{"_embedded":{"errors":[{"logref":"INSUFFICIENT_FUNDS","message":"DEBIT","path":null}]}};06/07/2018 12:34:42
br_curitiba;32addf2922229e9c62341796bc999564;45693951987;6,32;cabify_recarga_normal_2018_07_06_input.csv;False;5017609;{"_embedded":{"errors":[{"logref":"INSUFFICIENT_FUNDS","message":"DEBIT","path":null}]}};06/07/2018 12:34:42
br_curitiba;9c44238e231a5358eb2f22b10809cc56;05197158611;45,55;cabify_recarga_normal_2018_07_06_input.csv;False;5017471;{"_embedded":{"errors":[{"logref":"INSUFFICIENT_FUNDS","message":"DEBIT","path":null}]}};06/07/2018 12:34:42
br_curitiba;84d6ef3bce9a5c31516cacbfe2ef6918;01593962983;51,81;cabify_recarga_normal_2018_07_06_input.csv;False;5017467;{"_embedded":{"errors":[{"logref":"INSUFFICIENT_FUNDS","message":"DEBIT","path":null}]}};06/07/2018 12:34:42
br_curitiba;3487c6f2752e75dad7ba57febac253cf;62845616953;7,88;cabify_recarga_normal_2018_07_06_input.csv;True;4791128;{"debitId":17464167,"creditId":17464180};06/07/2018 12:34:42
br_curitiba;47e22bf4e97295e9bb96cd927b7e99f9;10725966955;15,80;cabify_recarga_normal_2018_07_06_input.csv;False;5017525;{"_embedded":{"errors":[{"logref":"INSUFFICIENT_FUNDS","message":"DEBIT","path":null}]}};06/07/2018 12:34:42
br_curitiba;76e5edff417c5870d713d499a816f1c8;00955919908;34,31;cabify_recarga_normal_2018_07_06_input.csv;False;5017674;{"_embedded":{"errors":[{"logref":"INSUFFICIENT_FUNDS","message":"DEBIT","path":null}]}};06/07/2018 12:34:42
br_curitiba;68fb651cc73fcffc024fc547104526cb;07643013900;65,75;cabify_recarga_normal_2018_07_06_input.csv;False;5017478;{"_embedded":{"errors":[{"logref":"INSUFFICIENT_FUNDS","message":"DEBIT","path":null}]}};06/07/2018 12:34:42
br_curitiba;752844faffa4a6d899f82c3a29c3197f;06420504902;29,12;cabify_recarga_normal_2018_07_06_input.csv;True;4791241;{"debitId":17464238,"creditId":17464239};06/07/2018 12:34:42
br_curitiba;68fb651cc73fcffc024fc54710468e1c;02890331601;9,14;cabify_recarga_normal_2018_07_06_input.csv;False;5017473;{"_embedded":{"errors":[{"logref":"INSUFFICIENT_FUNDS","message":"DEBIT","path":null}]}};06/07/2018 12:34:42
br_curitiba;0c64e3d0dceec9ed5ff4869d17814444;28341937034;12,08;cabify_recarga_normal_2018_07_06_input.csv;False;5017422;{"_embedded":{"errors":[{"logref":"INSUFFICIENT_FUNDS","message":"DEBIT","path":null}]}};06/07/2018 12:34:42
br_curitiba;ab849226bc0f90e82f220ab8868a20c4;05122788650;28,78;cabify_recarga_normal_2018_07_06_input.csv;True;4791129;{"debitId":17464204,"creditId":17464205};06/07/2018 12:34:42
br_curitiba;6417bb411e17f7879df09d0e0295c7cd;09367714459;96,07;cabify_recarga_normal_2018_07_06_input.csv;False;4791214;{"_embedded":{"errors":[{"logref":"INSUFFICIENT_FUNDS","message":"DEBIT","path":null}]}};06/07/2018 12:34:42
br_curitiba;ca02e22be856d4ef5890c8054c486d99;07743434940;298,68;cabify_recarga_normal_2018_07_06_input.csv;False;4791182;{"_embedded":{"errors":[{"logref":"INSUFFICIENT_FUNDS","message":"DEBIT","path":null}]}};06/07/2018 12:34:42
br_curitiba;32addf2922229e9c62341796bc9bdcbf;01819661580;89,35;cabify_recarga_normal_2018_07_06_input.csv;False;5017619;{"_embedded":{"errors":[{"logref":"INSUFFICIENT_FUNDS","message":"DEBIT","path":null}]}};06/07/2018 12:34:42
br_curitiba;0c64e3d0dceec9ed5ff4869d177c22fb;02896669965;8,82;cabify_recarga_normal_2018_07_06_input.csv;True;4791244;{"debitId":17464260,"creditId":17464261};06/07/2018 12:34:42
br_curitiba;55ba90367e2ce84359582e5f5918562e;06253080938;96,45;cabify_recarga_normal_2018_07_06_input.csv;False;4791266;{"_embedded":{"errors":[{"logref":"INSUFFICIENT_FUNDS","message":"DEBIT","path":null}]}};06/07/2018 12:34:42
br_curitiba;752844faffa4a6d899f82c3a29abdc46;03103947917;27,09;cabify_recarga_normal_2018_07_06_input.csv;False;5017423;{"_embedded":{"errors":[{"logref":"INSUFFICIENT_FUNDS","message":"DEBIT","path":null}]}};06/07/2018 12:34:42
br_curitiba;c22b81c1bb42ede214d9dd1520d3b9b0;92138020991;8,69;cabify_recarga_normal_2018_07_06_input.csv;False;5017709;{"_embedded":{"errors":[{"logref":"INSUFFICIENT_FUNDS","message":"DEBIT","path":null}]}};06/07/2018 12:34:42
br_curitiba;be16f29316434c859267a5ea19dd01d6;37429051987;118,57;cabify_recarga_normal_2018_07_06_input.csv;False;4791281;{"_embedded":{"errors":[{"logref":"INSUFFICIENT_FUNDS","message":"DEBIT","path":null}]}};06/07/2018 12:34:42
br_curitiba;7344c1db5770b2aae296b442033476c8;20095384987;87,15;cabify_recarga_normal_2018_07_06_input.csv;False;4791161;{"_embedded":{"errors":[{"logref":"INSUFFICIENT_FUNDS","message":"DEBIT","path":null}]}};06/07/2018 12:34:42
br_curitiba;47e22bf4e97295e9bb96cd927b782c96;98048600900;7,84;cabify_recarga_normal_2018_07_06_input.csv;False;5017700;{"_embedded":{"errors":[{"logref":"INSUFFICIENT_FUNDS","message":"DEBIT","path":null}]}};06/07/2018 12:34:42
br_curitiba;47e22bf4e97295e9bb96cd927b7f6c93;05186898910;47,42;cabify_recarga_normal_2018_07_06_input.csv;False;5017413;{"_embedded":{"errors":[{"logref":"INSUFFICIENT_FUNDS","message":"DEBIT","path":null}]}};06/07/2018 12:34:42
br_curitiba;9c44238e231a5358eb2f22b10809e353;07546566916;7,95;cabify_recarga_normal_2018_07_06_input.csv;False;5017486;{"_embedded":{"errors":[{"logref":"INSUFFICIENT_FUNDS","message":"DEBIT","path":null}]}};06/07/2018 12:34:42
br_curitiba;8225b11ef148606cb26f12ad6e75be2a;82218285720;0,33;cabify_recarga_normal_2018_07_06_input.csv;True;4791141;{"debitId":17464244,"creditId":17464245};06/07/2018 12:34:42
br_curitiba;a94ebedee3b45c4297d121e8c30eb713;46863974991;20,79;cabify_recarga_normal_2018_07_06_input.csv;False;4791167;{"_embedded":{"errors":[{"logref":"INSUFFICIENT_FUNDS","message":"DEBIT","path":null}]}};06/07/2018 12:34:42
br_curitiba;cfc6380324277bf7268f0f2e8f3d759e;08247993996;14,35;cabify_recarga_normal_2018_07_06_input.csv;True;5017437;{"debitId":17464147,"creditId":17464150};06/07/2018 12:34:42
br_curitiba;47e22bf4e97295e9bb96cd927b7ca450;08359378606;19,09;cabify_recarga_normal_2018_07_06_input.csv;False;5017526;{"_embedded":{"errors":[{"logref":"INSUFFICIENT_FUNDS","message":"DEBIT","path":null}]}};06/07/2018 12:34:42
br_curitiba;21bcdda4b7cf9c9c2c002abe9d070f82;00489932983;19,87;cabify_recarga_normal_2018_07_06_input.csv;False;5017532;{"_embedded":{"errors":[{"logref":"INSUFFICIENT_FUNDS","message":"DEBIT","path":null}]}};06/07/2018 12:34:42
br_curitiba;cbff527cfc639055cbf59ab3e6ffe85a;05561978950;35,01;cabify_recarga_normal_2018_07_06_input.csv;False;5017558;{"_embedded":{"errors":[{"logref":"INSUFFICIENT_FUNDS","message":"DEBIT","path":null}]}};06/07/2018 12:34:42
br_curitiba;84d6ef3bce9a5c31516cacbfe2efbda1;03006810970;75,19;cabify_recarga_normal_2018_07_06_input.csv;False;5017505;{"_embedded":{"errors":[{"logref":"INSUFFICIENT_FUNDS","message":"DEBIT","path":null}]}};06/07/2018 12:34:42
br_curitiba;af22938f4d8fcac7590cdbd0022637ef;63931052915;16,97;cabify_recarga_normal_2018_07_06_input.csv;True;4791205;{"debitId":17464249,"creditId":17464250};06/07/2018 12:34:42
br_curitiba;ca02e22be856d4ef5890c8054c47e65b;03595860900;11,68;cabify_recarga_normal_2018_07_06_input.csv;True;4791232;{"debitId":17463882,"creditId":17463883};06/07/2018 12:34:42
br_curitiba;6a5e670bff4573ea42a23f52995cbc49;05034459914;86,05;cabify_recarga_normal_2018_07_06_input.csv;False;5017572;{"_embedded":{"errors":[{"logref":"INSUFFICIENT_FUNDS","message":"DEBIT","path":null}]}};06/07/2018 12:34:42
br_curitiba;f57eaddd92f1ec6b38302ddd6378ef62;05334784802;5,44;cabify_recarga_normal_2018_07_06_input.csv;False;4791218;{"_embedded":{"errors":[{"logref":"INSUFFICIENT_FUNDS","message":"DEBIT","path":null}]}};06/07/2018 12:34:42
br_curitiba;7344c1db5770b2aae296b442032e76e5;45609217920;6,80;cabify_recarga_normal_2018_07_06_input.csv;False;4791153;{"_embedded":{"errors":[{"logref":"INSUFFICIENT_FUNDS","message":"DEBIT","path":null}]}};06/07/2018 12:34:42
br_curitiba;3487c6f2752e75dad7ba57febac3e0e7;55295452972;39,73;cabify_recarga_normal_2018_07_06_input.csv;False;4791144;{"_embedded":{"errors":[{"logref":"INSUFFICIENT_FUNDS","message":"DEBIT","path":null}]}};06/07/2018 12:34:42
br_curitiba;d5e7298451503f17896cb896a15fb397;03536761950;148,46;cabify_recarga_normal_2018_07_06_input.csv;False;5017540;{"_embedded":{"errors":[{"logref":"INSUFFICIENT_FUNDS","message":"DEBIT","path":null}]}};06/07/2018 12:34:42
br_curitiba;6f439d1b532014c8bfa34833ccfc603a;02607452945;72,78;cabify_recarga_normal_2018_07_06_input.csv;True;5017502;{"debitId":17464142,"creditId":17464143};06/07/2018 12:34:42
br_curitiba;8972bf524524ed897c87e28a0fead5b6;04771245932;19,83;cabify_recarga_normal_2018_07_06_input.csv;True;5017654;{"debitId":17464120,"creditId":17464121};06/07/2018 12:34:42
br_curitiba;6a5e670bff4573ea42a23f52995c90a4;94018014953;24,59;cabify_recarga_normal_2018_07_06_input.csv;False;5017566;{"_embedded":{"errors":[{"logref":"INSUFFICIENT_FUNDS","message":"DEBIT","path":null}]}};06/07/2018 12:34:42
br_curitiba;a33524db6ef6770f37da9eacbf28d799;06436236988;101,22;cabify_recarga_normal_2018_07_06_input.csv;False;5017541;{"_embedded":{"errors":[{"logref":"INSUFFICIENT_FUNDS","message":"DEBIT","path":null}]}};06/07/2018 12:34:42
br_curitiba;752844faffa4a6d899f82c3a29c2b6a9;08528379922;35,85;cabify_recarga_normal_2018_07_06_input.csv;False;4791247;{"_embedded":{"errors":[{"logref":"INSUFFICIENT_FUNDS","message":"DEBIT","path":null}]}};06/07/2018 12:34:42
br_curitiba;c22b81c1bb42ede214d9dd1520d2cf99;06833271941;26,76;cabify_recarga_normal_2018_07_06_input.csv;False;5017708;{"_embedded":{"errors":[{"logref":"INSUFFICIENT_FUNDS","message":"DEBIT","path":null}]}};06/07/2018 12:34:42
br_curitiba;21bcdda4b7cf9c9c2c002abe9d0784ef;02552123996;30,85;cabify_recarga_normal_2018_07_06_input.csv;False;5017409;{"_embedded":{"errors":[{"logref":"INSUFFICIENT_FUNDS","message":"DEBIT","path":null}]}};06/07/2018 12:34:42
br_curitiba;1fbb9b31e029437feb46193a52feebb9;30819275875;44,42;cabify_recarga_normal_2018_07_06_input.csv;True;5017501;{"debitId":17464130,"creditId":17464131};06/07/2018 12:34:42
br_curitiba;d5e7298451503f17896cb896a15f9c29;03382017938;37,22;cabify_recarga_normal_2018_07_06_input.csv;False;5017538;{"_embedded":{"errors":[{"logref":"INSUFFICIENT_FUNDS","message":"DEBIT","path":null}]}};06/07/2018 12:34:42
br_curitiba;32addf2922229e9c62341796bc99e306;01162133961;17,19;cabify_recarga_normal_2018_07_06_input.csv;True;4791269;{"debitId":17464082,"creditId":17464084};06/07/2018 12:34:42
br_curitiba;76e5edff417c5870d713d499a8db5940;87246104968;66,55;cabify_recarga_normal_2018_07_06_input.csv;False;5017651;{"_embedded":{"errors":[{"logref":"INSUFFICIENT_FUNDS","message":"DEBIT","path":null}]}};06/07/2018 12:34:42
br_curitiba;7344c1db5770b2aae296b442033f1eef;00367535998;0,00;cabify_recarga_normal_2018_07_06_input.csv;True;4791302;{"debitId":17464210,"creditId":17464211};06/07/2018 12:34:42
br_curitiba;752844faffa4a6d899f82c3a29a80253;05844335902;30,03;cabify_recarga_normal_2018_07_06_input.csv;True;5017426;{"debitId":17464189,"creditId":17464190};06/07/2018 12:34:42
br_curitiba;03f3c16bf9536e012fe05a81b5efc812;08787799901;156,88;cabify_recarga_normal_2018_07_06_input.csv;False;4791186;{"_embedded":{"errors":[{"logref":"INSUFFICIENT_FUNDS","message":"DEBIT","path":null}]}};06/07/2018 12:34:42
br_curitiba;d5f04aeafc4aaa5f0e50c83e89a25938;07680514950;16,86;cabify_recarga_normal_2018_07_06_input.csv;False;5017518;{"_embedded":{"errors":[{"logref":"INSUFFICIENT_FUNDS","message":"DEBIT","path":null}]}};06/07/2018 12:34:42
br_curitiba;752844faffa4a6d899f82c3a29ac22de;08654904739;35,79;cabify_recarga_normal_2018_07_06_input.csv;False;5017695;{"_embedded":{"errors":[{"logref":"INSUFFICIENT_FUNDS","message":"DEBIT","path":null}]}};06/07/2018 12:34:42
br_curitiba;2bfe5fe24da51ce2b32598a9a445a77d;72481668987;23,92;cabify_recarga_normal_2018_07_06_input.csv;False;5017542;{"_embedded":{"errors":[{"logref":"INSUFFICIENT_FUNDS","message":"DEBIT","path":null}]}};06/07/2018 12:34:42
br_curitiba;a41d8afe439b0c733cec59893f0735fc;03523854997;35,77;cabify_recarga_normal_2018_07_06_input.csv;False;4791152;{"_embedded":{"errors":[{"logref":"INSUFFICIENT_FUNDS","message":"DEBIT","path":null}]}};06/07/2018 12:34:42
br_curitiba;c22b81c1bb42ede214d9dd1520d4a599;03650261901;5,68;cabify_recarga_normal_2018_07_06_input.csv;False;5017706;{"_embedded":{"errors":[{"logref":"INSUFFICIENT_FUNDS","message":"DEBIT","path":null}]}};06/07/2018 12:34:42
br_curitiba;157b42f3a1a488aec4798fcddabba0d1;01856795950;8,96;cabify_recarga_normal_2018_07_06_input.csv;True;5017669;{"debitId":17464193,"creditId":17464194};06/07/2018 12:34:42
br_curitiba;21bcdda4b7cf9c9c2c002abe9d07fb5b;07866691959;25,21;cabify_recarga_normal_2018_07_06_input.csv;False;5017714;{"_embedded":{"errors":[{"logref":"INSUFFICIENT_FUNDS","message":"DEBIT","path":null}]}};06/07/2018 12:34:42
br_curitiba;21bcdda4b7cf9c9c2c002abe9d078555;49362100053;0,00;cabify_recarga_normal_2018_07_06_input.csv;True;5017718;{"debitId":17464157,"creditId":17464158};06/07/2018 12:34:42
br_curitiba;412e5e8f318a974f9624431485507dde;05503600932;14,92;cabify_recarga_normal_2018_07_06_input.csv;True;4791238;{"debitId":17464224,"creditId":17464225};06/07/2018 12:34:42
br_curitiba;412e5e8f318a974f962443148550f320;06662076902;39,76;cabify_recarga_normal_2018_07_06_input.csv;True;5017600;{"debitId":17464232,"creditId":17464233};06/07/2018 12:34:42
br_curitiba;03f3c16bf9536e012fe05a81b5ef0a55;51929589972;26,17;cabify_recarga_normal_2018_07_06_input.csv;False;4791225;{"_embedded":{"errors":[{"logref":"INSUFFICIENT_FUNDS","message":"DEBIT","path":null}]}};06/07/2018 12:34:42
br_curitiba;752844faffa4a6d899f82c3a29b846de;02431214907;38,27;cabify_recarga_normal_2018_07_06_input.csv;True;5017601;{"debitId":17464253,"creditId":17464254};06/07/2018 12:34:42
br_curitiba;d5e7298451503f17896cb896a160435f;02582701955;55,47;cabify_recarga_normal_2018_07_06_input.csv;False;5017537;{"_embedded":{"errors":[{"logref":"INSUFFICIENT_FUNDS","message":"DEBIT","path":null}]}};06/07/2018 12:34:42
br_curitiba;fd9fc72e5801d579449bd9b12d58d513;31879250144;132,61;cabify_recarga_normal_2018_07_06_input.csv;True;4791303;{"debitId":17464226,"creditId":17464229};06/07/2018 12:34:42
br_curitiba;6417bb411e17f7879df09d0e02998da5;02989308970;7,47;cabify_recarga_normal_2018_07_06_input.csv;True;4791207;{"debitId":17464268,"creditId":17464269};06/07/2018 12:34:42
br_curitiba;21bcdda4b7cf9c9c2c002abe9d08872d;01003758983;25,19;cabify_recarga_normal_2018_07_06_input.csv;False;5017713;{"_embedded":{"errors":[{"logref":"INSUFFICIENT_FUNDS","message":"DEBIT","path":null}]}};06/07/2018 12:34:42
br_curitiba;98cf25d4e6cddba26ced4c38bbd568ab;01751959945;75,82;cabify_recarga_normal_2018_07_06_input.csv;True;4791316;{"debitId":17463941,"creditId":17463942};06/07/2018 12:34:42
br_santos;33072f67030ec131117b07586cdbe4f7;39261578870;45,17;cabify_recarga_normal_2018_07_06_input.csv;False;4815791;{"_embedded":{"errors":[{"logref":"INSUFFICIENT_FUNDS","message":"DEBIT","path":null}]}};06/07/2018 12:34:42
br_curitiba;1c28bdc0c88c69ff36c17d6efc71ad72;05048430603;6,37;cabify_recarga_normal_2018_07_06_input.csv;False;4791268;{"_embedded":{"errors":[{"logref":"INSUFFICIENT_FUNDS","message":"DEBIT","path":null}]}};06/07/2018 12:34:42
br_curitiba;a33524db6ef6770f37da9eacbf26c440;84188464968;30,49;cabify_recarga_normal_2018_07_06_input.csv;False;5017555;{"_embedded":{"errors":[{"logref":"INSUFFICIENT_FUNDS","message":"DEBIT","path":null}]}};06/07/2018 12:34:42
br_curitiba;3487c6f2752e75dad7ba57febac99ef8;02259792928;54,95;cabify_recarga_normal_2018_07_06_input.csv;False;4791318;{"_embedded":{"errors":[{"logref":"INSUFFICIENT_FUNDS","message":"DEBIT","path":null}]}};06/07/2018 12:34:42
br_curitiba;0c64e3d0dceec9ed5ff4869d178af332;02871242909;21,06;cabify_recarga_normal_2018_07_06_input.csv;False;5017419;{"_embedded":{"errors":[{"logref":"INSUFFICIENT_FUNDS","message":"DEBIT","path":null}]}};06/07/2018 12:34:42
br_curitiba;cfc6380324277bf7268f0f2e8f3e9fe9;87227975991;15,32;cabify_recarga_normal_2018_07_06_input.csv;False;5017414;{"_embedded":{"errors":[{"logref":"INSUFFICIENT_FUNDS","message":"DEBIT","path":null}]}};06/07/2018 12:34:42
br_curitiba;21bcdda4b7cf9c9c2c002abe9d01647a;04379514994;0,00;cabify_recarga_normal_2018_07_06_input.csv;True;5017449;{"debitId":17464272,"creditId":17464273};06/07/2018 12:34:42
br_curitiba;98817f59c5db894c9e7b16aac041b1f6;05800574960;6,04;cabify_recarga_normal_2018_07_06_input.csv;False;4791160;{"_embedded":{"errors":[{"logref":"INSUFFICIENT_FUNDS","message":"DEBIT","path":null}]}};06/07/2018 12:34:42
br_curitiba;76e5edff417c5870d713d499a820fcb8;51906953953;23,37;cabify_recarga_normal_2018_07_06_input.csv;True;5017671;{"debitId":17464235,"creditId":17464237};06/07/2018 12:34:42
br_curitiba;ab849226bc0f90e82f220ab8868a98f6;96001470863;96,23;cabify_recarga_normal_2018_07_06_input.csv;True;4791133;{"debitId":17463949,"creditId":17463950};06/07/2018 12:34:42
br_curitiba;6f439d1b532014c8bfa34833ccfcfbfb;04461467732;6,49;cabify_recarga_normal_2018_07_06_input.csv;False;5017509;{"_embedded":{"errors":[{"logref":"INSUFFICIENT_FUNDS","message":"DEBIT","path":null}]}};06/07/2018 12:34:42
br_curitiba;6a5e670bff4573ea42a23f52995cc99f;03084494959;20,66;cabify_recarga_normal_2018_07_06_input.csv;False;5017567;{"_embedded":{"errors":[{"logref":"INSUFFICIENT_FUNDS","message":"DEBIT","path":null}]}};06/07/2018 12:34:42
br_curitiba;266d20595b5c6cec09abb8f97004cd26;18555837987;390,22;cabify_recarga_normal_2018_07_06_input.csv;False;4791168;{"_embedded":{"errors":[{"logref":"INSUFFICIENT_FUNDS","message":"DEBIT","path":null}]}};06/07/2018 12:34:42
br_curitiba;c44b7e0b70ebe7ebe9e108cf61010e7c;35833645972;6,92;cabify_recarga_normal_2018_07_06_input.csv;False;5017552;{"_embedded":{"errors":[{"logref":"INSUFFICIENT_FUNDS","message":"DEBIT","path":null}]}};06/07/2018 12:34:42
br_curitiba;47e22bf4e97295e9bb96cd927b75debe;05761308428;148,61;cabify_recarga_normal_2018_07_06_input.csv;False;5017716;{"_embedded":{"errors":[{"logref":"INSUFFICIENT_FUNDS","message":"DEBIT","path":null}]}};06/07/2018 12:34:42
br_curitiba;ef8ef8604470bc9070249a96315c076b;04146355907;36,49;cabify_recarga_normal_2018_07_06_input.csv;True;5017427;{"debitId":17464134,"creditId":17464136};06/07/2018 12:34:42
br_curitiba;f57eaddd92f1ec6b38302ddd637712ff;01312270683;91,94;cabify_recarga_normal_2018_07_06_input.csv;True;4791215;{"debitId":17464073,"creditId":17464074};06/07/2018 12:34:42
br_curitiba;0c64e3d0dceec9ed5ff4869d1780ec6d;09530824904;68,26;cabify_recarga_normal_2018_07_06_input.csv;False;5017691;{"_embedded":{"errors":[{"logref":"INSUFFICIENT_FUNDS","message":"DEBIT","path":null}]}};06/07/2018 12:34:42
br_curitiba;21bcdda4b7cf9c9c2c002abe9d03d332;04100599943;13,02;cabify_recarga_normal_2018_07_06_input.csv;True;5017439;{"debitId":17464214,"creditId":17464215};06/07/2018 12:34:42
br_curitiba;2bfe5fe24da51ce2b32598a9a4458933;20510564801;36,61;cabify_recarga_normal_2018_07_06_input.csv;False;5017545;{"_embedded":{"errors":[{"logref":"INSUFFICIENT_FUNDS","message":"DEBIT","path":null}]}};06/07/2018 12:34:42
br_curitiba;3487c6f2752e75dad7ba57febacad8b3;03075936146;19,54;cabify_recarga_normal_2018_07_06_input.csv;False;4791319;{"_embedded":{"errors":[{"logref":"INSUFFICIENT_FUNDS","message":"DEBIT","path":null}]}};06/07/2018 12:34:42
br_curitiba;0a0377a438eacec36b2268896fc52b5c;06355274995;27,05;cabify_recarga_normal_2018_07_06_input.csv;False;5017633;{"_embedded":{"errors":[{"logref":"INSUFFICIENT_FUNDS","message":"DEBIT","path":null}]}};06/07/2018 12:34:42
br_curitiba;68fb651cc73fcffc024fc5471044c996;01980534950;68,60;cabify_recarga_normal_2018_07_06_input.csv;False;5017465;{"_embedded":{"errors":[{"logref":"INSUFFICIENT_FUNDS","message":"DEBIT","path":null}]}};06/07/2018 12:34:42
br_curitiba;47e22bf4e97295e9bb96cd927b7fb1cd;03137834970;12,69;cabify_recarga_normal_2018_07_06_input.csv;False;5017453;{"_embedded":{"errors":[{"logref":"INSUFFICIENT_FUNDS","message":"DEBIT","path":null}]}};06/07/2018 12:34:42
br_curitiba;9d402f97712ea702d8f4d61188e1d0c9;05361579955;38,35;cabify_recarga_normal_2018_07_06_input.csv;False;5017617;{"_embedded":{"errors":[{"logref":"INSUFFICIENT_FUNDS","message":"DEBIT","path":null}]}};06/07/2018 12:34:42
br_curitiba;fd9fc72e5801d579449bd9b12d60b62f;04465980973;38,94;cabify_recarga_normal_2018_07_06_input.csv;False;5017698;{"_embedded":{"errors":[{"logref":"INSUFFICIENT_FUNDS","message":"DEBIT","path":null}]}};06/07/2018 12:34:42
br_curitiba;68fb651cc73fcffc024fc54710455aa1;62522000934;9,68;cabify_recarga_normal_2018_07_06_input.csv;False;5017475;{"_embedded":{"errors":[{"logref":"INSUFFICIENT_FUNDS","message":"DEBIT","path":null}]}};06/07/2018 12:34:42
br_curitiba;a33524db6ef6770f37da9eacbf250d62;04149339902;33,83;cabify_recarga_normal_2018_07_06_input.csv;True;5017577;{"debitId":17463779,"creditId":17463780};06/07/2018 12:34:42
br_curitiba;620f03528cbb5f061f15d5d1f4426a81;65356144920;346,53;cabify_recarga_normal_2018_07_06_input.csv;True;4791276;{"debitId":17464138,"creditId":17464139};06/07/2018 12:34:42
br_curitiba;84d6ef3bce9a5c31516cacbfe270dbf6;01031908137;59,58;cabify_recarga_normal_2018_07_06_input.csv;False;5017715;{"_embedded":{"errors":[{"logref":"INSUFFICIENT_FUNDS","message":"DEBIT","path":null}]}};06/07/2018 12:34:42
br_curitiba;84d6ef3bce9a5c31516cacbfe2705633;25346172904;296,55;cabify_recarga_normal_2018_07_06_input.csv;False;5017489;{"_embedded":{"errors":[{"logref":"INSUFFICIENT_FUNDS","message":"DEBIT","path":null}]}};06/07/2018 12:34:42
br_curitiba;157b42f3a1a488aec4798fcddabb657f;18592520959;91,13;cabify_recarga_normal_2018_07_06_input.csv;True;5017658;{"debitId":17464153,"creditId":17464154};06/07/2018 12:34:42
br_curitiba;3487c6f2752e75dad7ba57febabf9566;04394791936;45,80;cabify_recarga_normal_2018_07_06_input.csv;False;4791329;{"_embedded":{"errors":[{"logref":"INSUFFICIENT_FUNDS","message":"DEBIT","path":null}]}};06/07/2018 12:34:42
br_curitiba;cedc359fc092b03aaf937e7bf499c5ed;04252116902;134,31;cabify_recarga_normal_2018_07_06_input.csv;False;4791324;{"_embedded":{"errors":[{"logref":"INSUFFICIENT_FUNDS","message":"DEBIT","path":null}]}};06/07/2018 12:34:42
br_curitiba;cfc6380324277bf7268f0f2e8f3cb388;79506941904;4,50;cabify_recarga_normal_2018_07_06_input.csv;False;5017635;{"_embedded":{"errors":[{"logref":"INSUFFICIENT_FUNDS","message":"DEBIT","path":null}]}};06/07/2018 12:34:42
br_curitiba;84d6ef3bce9a5c31516cacbfe2709cad;06839838900;92,02;cabify_recarga_normal_2018_07_06_input.csv;False;5017472;{"_embedded":{"errors":[{"logref":"INSUFFICIENT_FUNDS","message":"DEBIT","path":null}]}};06/07/2018 12:34:42
br_curitiba;3487c6f2752e75dad7ba57febac32a2f;03701126879;54,14;cabify_recarga_normal_2018_07_06_input.csv;False;4791322;{"_embedded":{"errors":[{"logref":"INSUFFICIENT_FUNDS","message":"DEBIT","path":null}]}};06/07/2018 12:34:42
br_curitiba;ca02e22be856d4ef5890c8054c41a294;87246880968;13,36;cabify_recarga_normal_2018_07_06_input.csv;True;4791228;{"debitId":17463788,"creditId":17463789};06/07/2018 12:34:42
br_curitiba;be16f29316434c859267a5ea19d92555;03457092923;10,53;cabify_recarga_normal_2018_07_06_input.csv;False;5017704;{"_embedded":{"errors":[{"logref":"INSUFFICIENT_FUNDS","message":"DEBIT","path":null}]}};06/07/2018 12:34:42
br_curitiba;98cf25d4e6cddba26ced4c38bbc8e099;93487797968;83,74;cabify_recarga_normal_2018_07_06_input.csv;False;4791148;{"_embedded":{"errors":[{"logref":"INSUFFICIENT_FUNDS","message":"DEBIT","path":null}]}};06/07/2018 12:34:42
br_curitiba;1fbb9b31e029437feb46193a52ffa212;54507014972;385,55;cabify_recarga_normal_2018_07_06_input.csv;False;5017492;{"_embedded":{"errors":[{"logref":"INSUFFICIENT_FUNDS","message":"DEBIT","path":null}]}};06/07/2018 12:34:42
br_curitiba;21bcdda4b7cf9c9c2c002abe9d099ca3;02954977930;319,64;cabify_recarga_normal_2018_07_06_input.csv;False;5017522;{"_embedded":{"errors":[{"logref":"INSUFFICIENT_FUNDS","message":"DEBIT","path":null}]}};06/07/2018 12:34:42
br_santos;d0144a467eaa30a5bd8505ac42258f8f;32543729801;42,54;cabify_recarga_normal_2018_07_06_input.csv;False;4815789;{"_embedded":{"errors":[{"logref":"INSUFFICIENT_FUNDS","message":"DEBIT","path":null}]}};06/07/2018 12:34:42
br_curitiba;55ba90367e2ce84359582e5f591d5f20;64039412915;22,13;cabify_recarga_normal_2018_07_06_input.csv;False;4791323;{"_embedded":{"errors":[{"logref":"INSUFFICIENT_FUNDS","message":"DEBIT","path":null}]}};06/07/2018 12:34:42
br_curitiba;752844faffa4a6d899f82c3a29b04d45;42102171825;47,77;cabify_recarga_normal_2018_07_06_input.csv;False;4791267;{"_embedded":{"errors":[{"logref":"INSUFFICIENT_FUNDS","message":"DEBIT","path":null}]}};06/07/2018 12:34:42
br_curitiba;752844faffa4a6d899f82c3a29b960b5;16264311839;22,88;cabify_recarga_normal_2018_07_06_input.csv;True;4791230;{"debitId":17464198,"creditId":17464199};06/07/2018 12:34:42
br_curitiba;3487c6f2752e75dad7ba57febacd7af1;10320390780;28,69;cabify_recarga_normal_2018_07_06_input.csv;False;4791326;{"_embedded":{"errors":[{"logref":"INSUFFICIENT_FUNDS","message":"DEBIT","path":null}]}};06/07/2018 12:34:42
br_curitiba;47e22bf4e97295e9bb96cd927b7a46ac;01031908137;66,72;cabify_recarga_normal_2018_07_06_input.csv;False;5017715;{"_embedded":{"errors":[{"logref":"INSUFFICIENT_FUNDS","message":"DEBIT","path":null}]}};06/07/2018 12:34:42
br_curitiba;21bcdda4b7cf9c9c2c002abe9d082820;01623286050;30,15;cabify_recarga_normal_2018_07_06_input.csv;False;5017454;{"_embedded":{"errors":[{"logref":"INSUFFICIENT_FUNDS","message":"DEBIT","path":null}]}};06/07/2018 12:34:42
br_curitiba;3487c6f2752e75dad7ba57febabfa88a;02567304908;28,41;cabify_recarga_normal_2018_07_06_input.csv;False;4791143;{"_embedded":{"errors":[{"logref":"INSUFFICIENT_FUNDS","message":"DEBIT","path":null}]}};06/07/2018 12:34:42
br_curitiba;752844faffa4a6d899f82c3a29b81bf0;08972247952;0,00;cabify_recarga_normal_2018_07_06_input.csv;True;4791290;{"debitId":17464365,"creditId":17464366};06/07/2018 12:34:42
br_curitiba;47e22bf4e97295e9bb96cd927b75ab2d;04409232983;54,00;cabify_recarga_normal_2018_07_06_input.csv;False;5017452;{"_embedded":{"errors":[{"logref":"INSUFFICIENT_FUNDS","message":"DEBIT","path":null}]}};06/07/2018 12:34:42
br_curitiba;47e22bf4e97295e9bb96cd927b7fca15;03075189650;23,36;cabify_recarga_normal_2018_07_06_input.csv;False;5017412;{"_embedded":{"errors":[{"logref":"INSUFFICIENT_FUNDS","message":"DEBIT","path":null}]}};06/07/2018 12:34:42
br_curitiba;55ba90367e2ce84359582e5f590c56b9;06140681936;7,60;cabify_recarga_normal_2018_07_06_input.csv;False;5017705;{"_embedded":{"errors":[{"logref":"INSUFFICIENT_FUNDS","message":"DEBIT","path":null}]}};06/07/2018 12:34:42
br_curitiba;cedc359fc092b03aaf937e7bf493d4f5;00585625913;32,46;cabify_recarga_normal_2018_07_06_input.csv;True;4791135;{"debitId":17464222,"creditId":17464223};06/07/2018 12:34:42
br_curitiba;cfc6380324277bf7268f0f2e8f3d00f9;70172013020;12,46;cabify_recarga_normal_2018_07_06_input.csv;False;5017686;{"_embedded":{"errors":[{"logref":"INSUFFICIENT_FUNDS","message":"DEBIT","path":null}]}};06/07/2018 12:34:42
br_curitiba;98cf25d4e6cddba26ced4c38bbc902a1;38566311949;44,11;cabify_recarga_normal_2018_07_06_input.csv;True;4791176;{"debitId":17464132,"creditId":17464133};06/07/2018 12:34:42
br_curitiba;68fb651cc73fcffc024fc5471044d8cd;09001908926;63,55;cabify_recarga_normal_2018_07_06_input.csv;False;5017506;{"_embedded":{"errors":[{"logref":"INSUFFICIENT_FUNDS","message":"DEBIT","path":null}]}};06/07/2018 12:34:42
br_curitiba;c44b7e0b70ebe7ebe9e108cf6100a9d9;81349998915;7,90;cabify_recarga_normal_2018_07_06_input.csv;False;5017565;{"_embedded":{"errors":[{"logref":"INSUFFICIENT_FUNDS","message":"DEBIT","path":null}]}};06/07/2018 12:34:42
br_curitiba;ca02e22be856d4ef5890c8054c409a35;08129341484;48,31;cabify_recarga_normal_2018_07_06_input.csv;False;4791213;{"_embedded":{"errors":[{"logref":"INSUFFICIENT_FUNDS","message":"DEBIT","path":null}]}};06/07/2018 12:34:42
br_curitiba;a33524db6ef6770f37da9eacbf25e467;08061515792;43,76;cabify_recarga_normal_2018_07_06_input.csv;False;5017569;{"_embedded":{"errors":[{"logref":"INSUFFICIENT_FUNDS","message":"DEBIT","path":null}]}};06/07/2018 12:34:42
br_curitiba;ce5a6752e46d8035c28535a0639814e0;05337483994;0,00;cabify_recarga_normal_2018_07_06_input.csv;True;4791175;{"debitId":17464126,"creditId":17464127};06/07/2018 12:34:42
br_curitiba;47e22bf4e97295e9bb96cd927b7f0bb4;04959343990;6,08;cabify_recarga_normal_2018_07_06_input.csv;False;5017410;{"_embedded":{"errors":[{"logref":"INSUFFICIENT_FUNDS","message":"DEBIT","path":null}]}};06/07/2018 12:34:42
br_curitiba;47e22bf4e97295e9bb96cd927b7d9bb4;61122610904;5,36;cabify_recarga_normal_2018_07_06_input.csv;False;5017533;{"_embedded":{"errors":[{"logref":"INSUFFICIENT_FUNDS","message":"DEBIT","path":null}]}};06/07/2018 12:34:42
br_curitiba;be16f29316434c859267a5ea19e0a013;05494933954;13,61;cabify_recarga_normal_2018_07_06_input.csv;False;4791253;{"_embedded":{"errors":[{"logref":"INSUFFICIENT_FUNDS","message":"DEBIT","path":null}]}};06/07/2018 12:34:42
br_curitiba;98817f59c5db894c9e7b16aac043742f;95181342000;6,20;cabify_recarga_normal_2018_07_06_input.csv;False;5017550;{"_embedded":{"errors":[{"logref":"INSUFFICIENT_FUNDS","message":"DEBIT","path":null}]}};06/07/2018 12:34:42
br_curitiba;2aeeeed5c8e0e9eacb195bffbb951032;06011878903;52,46;cabify_recarga_normal_2018_07_06_input.csv;False;5017611;{"_embedded":{"errors":[{"logref":"INSUFFICIENT_FUNDS","message":"DEBIT","path":null}]}};06/07/2018 12:34:42
br_curitiba;0a0377a438eacec36b2268896fc56486;18462469899;25,47;cabify_recarga_normal_2018_07_06_input.csv;True;5017667;{"debitId":17464161,"creditId":17464162};06/07/2018 12:34:42
br_curitiba;35fd1d6de4280ed53ea93ddb078870ab;05026053912;35,32;cabify_recarga_normal_2018_07_06_input.csv;False;5017421;{"_embedded":{"errors":[{"logref":"INSUFFICIENT_FUNDS","message":"DEBIT","path":null}]}};06/07/2018 12:34:42
br_curitiba;8225b11ef148606cb26f12ad6e6ef5ee;05312504823;6,14;cabify_recarga_normal_2018_07_06_input.csv;False;4791254;{"_embedded":{"errors":[{"logref":"INSUFFICIENT_FUNDS","message":"DEBIT","path":null}]}};06/07/2018 12:34:42
br_curitiba;181d5f4f84e37fcd3e35bbbd70acfcb9;98790889134;0,00;cabify_recarga_normal_2018_07_06_input.csv;False;;Situacao do cartao nao permitida. Recarga nao realizada.;06/07/2018 12:34:42
br_curitiba;9c44238e231a5358eb2f22b108099f78;03013893907;224,09;cabify_recarga_normal_2018_07_06_input.csv;False;5017483;{"_embedded":{"errors":[{"logref":"INSUFFICIENT_FUNDS","message":"DEBIT","path":null}]}};06/07/2018 12:34:42
br_curitiba;cedc359fc092b03aaf937e7bf48e32d3;03053018969;166,48;cabify_recarga_normal_2018_07_06_input.csv;False;4791257;{"_embedded":{"errors":[{"logref":"INSUFFICIENT_FUNDS","message":"DEBIT","path":null}]}};06/07/2018 12:34:42
br_curitiba;84d6ef3bce9a5c31516cacbfe27115f2;72487445904;4,78;cabify_recarga_normal_2018_07_06_input.csv;False;5017480;{"_embedded":{"errors":[{"logref":"INSUFFICIENT_FUNDS","message":"DEBIT","path":null}]}};06/07/2018 12:34:42
br_curitiba;7344c1db5770b2aae296b4420333a07b;10093861907;16,90;cabify_recarga_normal_2018_07_06_input.csv;True;4791299;{"debitId":17464186,"creditId":17464187};06/07/2018 12:34:42
br_curitiba;6a5e670bff4573ea42a23f52995cae3f;03788811919;32,32;cabify_recarga_normal_2018_07_06_input.csv;False;5017568;{"_embedded":{"errors":[{"logref":"INSUFFICIENT_FUNDS","message":"DEBIT","path":null}]}};06/07/2018 12:34:42
br_curitiba;47ab26f394675157542bd72422512514;05043510609;4,50;cabify_recarga_normal_2018_07_06_input.csv;True;4791200;{"debitId":17463876,"creditId":17463877};06/07/2018 12:34:42
br_curitiba;1fbb9b31e029437feb46193a52ff6cc9;67220592949;61,17;cabify_recarga_normal_2018_07_06_input.csv;True;5017513;{"debitId":17464218,"creditId":17464221};06/07/2018 12:34:42
br_curitiba;6417bb411e17f7879df09d0e0297559b;62454692953;111,72;cabify_recarga_normal_2018_07_06_input.csv;False;4791212;{"_embedded":{"errors":[{"logref":"INSUFFICIENT_FUNDS","message":"DEBIT","path":null}]}};06/07/2018 12:34:42
