RegionID;CompanyID;DriverNationalIdNum;CostLocal
br_curitiba;a04a257a84d488c56fa7ea030816ef75;03852855900;8,15
br_curitiba;cfc6380324277bf7268f0f2e8f3d759e;09199222957;6,98
br_curitiba;752844faffa4a6d899f82c3a29b81bf0;01487987994;74,5
br_curitiba;32addf2922229e9c62341796bc9bd260;02622138938;34,7
br_curitiba;6417bb411e17f7879df09d0e0295c7cd;09367714459;164,67
br_curitiba;9c44238e231a5358eb2f22b10809cc56;05197158611;96,53
br_curitiba;f57eaddd92f1ec6b38302ddd6378ef62;05334784802;14,46
br_curitiba;fd9fc72e5801d579449bd9b12d59b294;08406870958;94,22
br_curitiba;2bfe5fe24da51ce2b32598a9a445a77d;72481668987;100,59
br_curitiba;47e22bf4e97295e9bb96cd927b7fb1cd;03137834970;11,74
br_curitiba;76e5edff417c5870d713d499a819bc72;44773773987;12,55
br_curitiba;f57eaddd92f1ec6b38302ddd637712ff;01312270683;25,68
br_curitiba;f57eaddd92f1ec6b38302ddd63825a9f;92196187968;93,81
br_curitiba;21bcdda4b7cf9c9c2c002abe9d01d99e;08155663957;47,31
br_curitiba;916fca93e77945b29cef8bdd02bc22ef;40522377904;289,55
br_curitiba;0c64e3d0dceec9ed5ff4869d17814444;28341937034;47,2
br_curitiba;0a0377a438eacec36b2268896fc52b5c;06355274995;98,36
br_curitiba;9c44238e231a5358eb2f22b1080bf12b;04172556914;142,72
br_curitiba;47e22bf4e97295e9bb96cd927b75ab2d;04409232983;38,6
br_curitiba;3487c6f2752e75dad7ba57febacad8b3;03075936146;6,12
br_curitiba;d4956cc8e637dffbc124033f058d1c4c;03990058975;91,87
br_curitiba;3487c6f2752e75dad7ba57febabf9566;04394791936;102,89
br_curitiba;9d402f97712ea702d8f4d61188e1d0c9;05361579955;10,98
br_curitiba;32addf2922229e9c62341796bc999564;45693951987;13,78
br_curitiba;98817f59c5db894c9e7b16aac041b1f6;05800574960;37,16
br_curitiba;0c64e3d0dceec9ed5ff4869d1780ec6d;09530824904;6,76
br_curitiba;32addf2922229e9c62341796bc99e306;01162133961;15
br_curitiba;3487c6f2752e75dad7ba57febac3e0e7;55295452972;39,27
br_curitiba;a04a257a84d488c56fa7ea03081677c0;05501212935;17,98
br_curitiba;d5e7298451503f17896cb896a15fc95b;02145786902;13,99
br_curitiba;a94ebedee3b45c4297d121e8c30eb713;46863974991;40,53
br_curitiba;752844faffa4a6d899f82c3a29b04d45;42102171825;78,95
br_curitiba;d5e7298451503f17896cb896a160435f;02582701955;17,28
br_curitiba;6f439d1b532014c8bfa34833ccfc603a;02607452945;58,94
br_curitiba;476c55c99e1c52e20705ac90694f2306;66110580015;96,68
br_curitiba;68fb651cc73fcffc024fc547104526cb;07643013900;118,06
br_curitiba;cedc359fc092b03aaf937e7bf493d4f5;00585625913;60,24
br_curitiba;cedc359fc092b03aaf937e7bf499c5ed;04252116902;244,16
br_curitiba;620f03528cbb5f061f15d5d1f4426a81;65356144920;342,5
br_curitiba;03f3c16bf9536e012fe05a81b5ef0a55;51929589972;91,77
br_curitiba;1fbb9b31e029437feb46193a52ff6cc9;67220592949;72,51
br_curitiba;7410c775d21dd8e7ff65345754d7bfb0;06696773967;128,54
br_curitiba;84d6ef3bce9a5c31516cacbfe2705633;25346172904;218,57
br_curitiba;1fbb9b31e029437feb46193a52ffa212;54507014972;173,93
br_curitiba;7410c775d21dd8e7ff65345754d7a904;56000308949;77,98
br_curitiba;9c44238e231a5358eb2f22b108099f78;03013893907;254,47
br_curitiba;3487c6f2752e75dad7ba57febac99ef8;02259792928;154,68
br_curitiba;3487c6f2752e75dad7ba57febacd7af1;10320390780;33,23
br_curitiba;9973249e31bfce6ba08d66246b5073ce;01031908137;23,51
br_curitiba;84d6ef3bce9a5c31516cacbfe270dbf6;03139502966;25,84
br_curitiba;752844faffa4a6d899f82c3a29abdc46;03103947917;5,62
br_curitiba;752844faffa4a6d899f82c3a29c2b6a9;08528379922;11,84
br_curitiba;21bcdda4b7cf9c9c2c002abe9d09127d;00072252022;33,78
br_curitiba;476c55c99e1c52e20705ac9069529452;07680514950;82,49
br_curitiba;c55f0380554ba572d2041e26903e290d;05855135977;24,38
br_curitiba;752844faffa4a6d899f82c3a29ac22de;08654904739;27,77
br_curitiba;cedc359fc092b03aaf937e7bf4928178;01031908137;21,16
br_curitiba;21bcdda4b7cf9c9c2c002abe9d05059f;08100057869;32,66
br_curitiba;cfc6380324277bf7268f0f2e8f3fb6e5;05028039917;124,14
br_curitiba;7344c1db5770b2aae296b442033476c8;20095384987;86,28
br_curitiba;84d6ef3bce9a5c31516cacbfe26eda14;04325097988;7,66
br_curitiba;be16f29316434c859267a5ea19d92555;03457092923;15,54
br_curitiba;32addf2922229e9c62341796bc9aa934;92480128091;32,24
br_curitiba;6a0cab23de08a28d1cab12480583280f;09199222957;35,32
br_curitiba;a33524db6ef6770f37da9eacbf26c440;84188464968;88,28
br_curitiba;98cf25d4e6cddba26ced4c38bbce08bd;01177261685;132,26
br_curitiba;68fb651cc73fcffc024fc5471044d8cd;09001908926;52,57
br_curitiba;21bcdda4b7cf9c9c2c002abe9d08872d;01003758983;42,83
br_curitiba;7344c1db5770b2aae296b4420333a07b;10093861907;59,84
br_curitiba;af22938f4d8fcac7590cdbd0022637ef;63931052915;54,66
br_curitiba;cedc359fc092b03aaf937e7bf48dd423;16338366739;48,51
br_curitiba;6a0cab23de08a28d1cab124805834172;95549722968;10,7
br_curitiba;32addf2922229e9c62341796bc9bdcbf;01819661580;432,11
br_curitiba;2358ead189555a1e5907e36507052ec6;01487987994;58,76
br_curitiba;0a0377a438eacec36b2268896fc56486;18462469899;142,1
br_curitiba;98cf25d4e6cddba26ced4c38bbc8e099;93487797968;17,02
br_curitiba;32addf2922229e9c62341796bc9bbb85;02439554995;56,02
br_curitiba;47e22bf4e97295e9bb96cd927b75debe;05761308428;26,99
br_curitiba;76e5edff417c5870d713d499a81e7379;06458386915;69,95
br_curitiba;cfc6380324277bf7268f0f2e8f3cb388;79506941904;17,54
br_curitiba;c55f0380554ba572d2041e26903d2ba6;04996081945;8,59
br_curitiba;be16f29316434c859267a5ea19e5c3a4;07484249971;57,26
br_curitiba;a33524db6ef6770f37da9eacbf28d799;06436236988;26,56
br_curitiba;a33524db6ef6770f37da9eacbf25e467;08061515792;38,26
br_curitiba;c55f0380554ba572d2041e26903ccf6a;32291263862;113,66
br_curitiba;8225b11ef148606cb26f12ad6e6fbc8e;63217686934;55,6
br_curitiba;76e5edff417c5870d713d499a8db5940;87246104968;50,99
br_curitiba;fd9fc72e5801d579449bd9b12d58d513;31879250144;107,19
br_curitiba;55ba90367e2ce84359582e5f5918562e;06253080938;70,69
br_curitiba;55ba90367e2ce84359582e5f591d5f20;64039412915;27,67
br_curitiba;3487c6f2752e75dad7ba57febabfa88a;02567304908;25,89
br_curitiba;84d6ef3bce9a5c31516cacbfe2ef6918;01593962983;64,76
br_curitiba;68fb651cc73fcffc024fc5471044c996;01980534950;21,99
br_curitiba;c22b81c1bb42ede214d9dd1520d3b9b0;92138020991;55,33
br_curitiba;ef8ef8604470bc9070249a96315c076b;04146355907;103,65
br_curitiba;47e22bf4e97295e9bb96cd927b782c96;98048600900;14,25
br_curitiba;6417bb411e17f7879df09d0e029d04d3;05337483994;194,04
br_curitiba;a41d8afe439b0c733cec59893f0735fc;03523854997;55,62
br_curitiba;d5e7298451503f17896cb896a15fb397;03536761950;110,05
br_curitiba;2aeeeed5c8e0e9eacb195bffbb951032;06011878903;38,05
br_curitiba;55ba90367e2ce84359582e5f59122691;09730148902;26,3
br_curitiba;ca02e22be856d4ef5890c8054c41a294;87246880968;12,1
br_curitiba;ab849226bc0f90e82f220ab8868a98f6;96001470863;41,09
br_curitiba;2323ebca8cd71a15f4018cd3c5b0130f;75835150920;9,44
br_curitiba;21bcdda4b7cf9c9c2c002abe9d099ca3;02954977930;366,68
br_curitiba;84d6ef3bce9a5c31516cacbfe2efbda1;03006810970;58,42
br_curitiba;3487c6f2752e75dad7ba57febac32a2f;03701126879;57,74
br_curitiba;21bcdda4b7cf9c9c2c002abe9d082820;01623286050;65,47
br_curitiba;2bfe5fe24da51ce2b32598a9a4458933;20510564801;64
br_curitiba;84d6ef3bce9a5c31516cacbfe27115f2;72487445904;49,17
br_curitiba;157b42f3a1a488aec4798fcddabb657f;18592520959;25,96
br_curitiba;266d20595b5c6cec09abb8f97004cd26;18555837987;378,16
br_curitiba;21bcdda4b7cf9c9c2c002abe9d03d332;04100599943;16,38
br_curitiba;ab849226bc0f90e82f220ab8868a20c4;05122788650;12,66
br_curitiba;6a5e670bff4573ea42a23f52995cae3f;03788811919;25,3
br_curitiba;84d6ef3bce9a5c31516cacbfe27042c6;05324272973;27,99
br_curitiba;cedc359fc092b03aaf937e7bf48e32d3;03053018969;123,31
br_curitiba;752844faffa4a6d899f82c3a29c3197f;06420504902;62,71
br_curitiba;593b161f70cb1e9e6990e9cacc5a5761;02387942965;12,06
br_curitiba;68fb651cc73fcffc024fc54710455aa1;62522000934;127,74
br_curitiba;21bcdda4b7cf9c9c2c002abe9d0784ef;02552123996;26,97
br_curitiba;157b42f3a1a488aec4798fcddabba0d1;01856795950;46,92
br_curitiba;be16f29316434c859267a5ea19dd01d6;37429051987;125,52
br_curitiba;03f3c16bf9536e012fe05a81b5efc812;08787799901;170,65
br_curitiba;d5e7298451503f17896cb896a15f9c29;03382017938;34,6
br_curitiba;c55f0380554ba572d2041e26903fcc49;07098500933;7,61
br_curitiba;6417bb411e17f7879df09d0e0297559b;62454692953;46,87
br_curitiba;47e22bf4e97295e9bb96cd927b7f6c93;05186898910;79,08
br_curitiba;476c55c99e1c52e20705ac906953ae63;08458034921;15,44
br_curitiba;6a5e670bff4573ea42a23f52995cc99f;03084494959;62,03
br_curitiba;6417bb411e17f7879df09d0e029c5dc7;76047598900;37,89
br_curitiba;76e5edff417c5870d713d499a820fcb8;51906953953;6,32
br_curitiba;c55f0380554ba572d2041e26903dbb4c;22058010906;20,94
br_santos;d0144a467eaa30a5bd8505ac42258f8f;32543729801;33,02
