RegionID;CompanyID;DriverNationalIdNum;CostLocal
br_curitiba;98cf25d4e6cddba26ced4c38bbc90d28;03810442976;15,85
br_curitiba;cedc359fc092b03aaf937e7bf4905600;03420909926;5,34
br_curitiba;f57eaddd92f1ec6b38302ddd637b5867;00916274942;9,76
br_curitiba;ca02e22be856d4ef5890c8054c47e65b;03585860900;37,24
br_curitiba;181d5f4f84e37fcd3e35bbbd70acfcb9;98790889134;115,65
br_curitiba;fd9fc72e5801d579449bd9b12d5a38f9;87212455920;107,76
br_curitiba;c55f0380554ba572d2041e26903e599f;01841517917;28,61
br_curitiba;1fbb9b31e029437feb46193a52ffa212;54507014972;211,54
br_curitiba;fd9fc72e5801d579449bd9b12d5a1795;16853392809;144,81
br_curitiba;752844faffa4a6d899f82c3a29b5b4f7;59956720968;175,19
br_curitiba;fd9fc72e5801d579449bd9b12d5a38f9;87212455920;107,76
