RegionId;CompanyId;Cpf;VlRecarga;NomeArquivo;Recharge;CardId;DescricaoProcessamento;DataRecarga
br_curitiba;d5e7298451503f17896cb896a160435f;02582701955;3,80;cabify_recarga_normal_2018-07-11_input.csv;False;5017537;{"_embedded":{"errors":[{"logref":"INSUFFICIENT_FUNDS","message":"DEBIT","path":null}]}};11/07/2018 18:07:18
br_curitiba;68fb651cc73fcffc024fc54710455aa1;62522000934;48,36;cabify_recarga_normal_2018-07-11_input.csv;False;5017475;{"_embedded":{"errors":[{"logref":"INSUFFICIENT_FUNDS","message":"DEBIT","path":null}]}};11/07/2018 18:07:18
br_curitiba;21bcdda4b7cf9c9c2c002abe9d099ca3;02954977930;83,75;cabify_recarga_normal_2018-07-11_input.csv;False;5017522;{"_embedded":{"errors":[{"logref":"INSUFFICIENT_FUNDS","message":"DEBIT","path":null}]}};11/07/2018 18:07:18
br_curitiba;47e22bf4e97295e9bb96cd927b7fe620;06408448984;71,73;cabify_recarga_normal_2018-07-11_input.csv;False;5017448;{"_embedded":{"errors":[{"logref":"INSUFFICIENT_FUNDS","message":"DEBIT","path":null}]}};11/07/2018 18:07:18
br_curitiba;752844faffa4a6d899f82c3a29a80253;05844335902;105,81;cabify_recarga_normal_2018-07-11_input.csv;False;5017426;{"_embedded":{"errors":[{"logref":"INSUFFICIENT_FUNDS","message":"DEBIT","path":null}]}};11/07/2018 18:07:18
br_curitiba;7344c1db5770b2aae296b442032e76e5;45609217920;138,45;cabify_recarga_normal_2018-07-11_input.csv;False;4791153;{"_embedded":{"errors":[{"logref":"INSUFFICIENT_FUNDS","message":"DEBIT","path":null}]}};11/07/2018 18:07:18
br_curitiba;47e22bf4e97295e9bb96cd927b75ab2d;04409232983;57,93;cabify_recarga_normal_2018-07-11_input.csv;False;5017452;{"_embedded":{"errors":[{"logref":"INSUFFICIENT_FUNDS","message":"DEBIT","path":null}]}};11/07/2018 18:07:18
br_curitiba;752844faffa4a6d899f82c3a29b81bf0;08972247952;1225,07;cabify_recarga_normal_2018-07-11_input.csv;False;4791290;{"_embedded":{"errors":[{"logref":"INSUFFICIENT_FUNDS","message":"DEBIT","path":null}]}};11/07/2018 18:07:18
br_curitiba;7344c1db5770b2aae296b4420333a07b;10093861907;16,89;cabify_recarga_normal_2018-07-11_input.csv;True;4791299;{"debitId":18028703,"creditId":18028704};11/07/2018 18:07:18
br_curitiba;157b42f3a1a488aec4798fcddabba0d1;01856795950;43,82;cabify_recarga_normal_2018-07-11_input.csv;False;5017669;{"_embedded":{"errors":[{"logref":"INSUFFICIENT_FUNDS","message":"DEBIT","path":null}]}};11/07/2018 18:07:18
br_curitiba;1fbb9b31e029437feb46193a52ff2f72;02045342913;51,12;cabify_recarga_normal_2018-07-11_input.csv;False;5017514;{"_embedded":{"errors":[{"logref":"INSUFFICIENT_FUNDS","message":"DEBIT","path":null}]}};11/07/2018 18:07:18
br_curitiba;84d6ef3bce9a5c31516cacbfe2709cad;06839838900;47,99;cabify_recarga_normal_2018-07-11_input.csv;False;5017472;{"_embedded":{"errors":[{"logref":"INSUFFICIENT_FUNDS","message":"DEBIT","path":null}]}};11/07/2018 18:07:18
br_curitiba;0a0377a438eacec36b2268896fc56486;18462469899;64,62;cabify_recarga_normal_2018-07-11_input.csv;False;5017667;{"_embedded":{"errors":[{"logref":"INSUFFICIENT_FUNDS","message":"DEBIT","path":null}]}};11/07/2018 18:07:18
br_curitiba;9c44238e231a5358eb2f22b10809e353;07546566916;11,33;cabify_recarga_normal_2018-07-11_input.csv;False;5017486;{"_embedded":{"errors":[{"logref":"INSUFFICIENT_FUNDS","message":"DEBIT","path":null}]}};11/07/2018 18:07:18
br_curitiba;55ba90367e2ce84359582e5f592616c0;00196595207;81,92;cabify_recarga_normal_2018-07-11_input.csv;False;4791292;{"_embedded":{"errors":[{"logref":"INSUFFICIENT_FUNDS","message":"DEBIT","path":null}]}};11/07/2018 18:07:18
br_curitiba;1fbb9b31e029437feb46193a52feebb9;30819275875;11,89;cabify_recarga_normal_2018-07-11_input.csv;False;5017501;{"_embedded":{"errors":[{"logref":"INSUFFICIENT_FUNDS","message":"DEBIT","path":null}]}};11/07/2018 18:07:18
br_curitiba;c44b7e0b70ebe7ebe9e108cf6100a9d9;81349998915;21,80;cabify_recarga_normal_2018-07-11_input.csv;True;5017565;{"debitId":18028643,"creditId":18028647};11/07/2018 18:07:18
br_curitiba;752844faffa4a6d899f82c3a29b846de;02431214907;330,31;cabify_recarga_normal_2018-07-11_input.csv;False;5017601;{"_embedded":{"errors":[{"logref":"INSUFFICIENT_FUNDS","message":"DEBIT","path":null}]}};11/07/2018 18:07:18
br_curitiba;ce5a6752e46d8035c28535a0639814e0;05337483994;110,58;cabify_recarga_normal_2018-07-11_input.csv;False;4791175;{"_embedded":{"errors":[{"logref":"INSUFFICIENT_FUNDS","message":"DEBIT","path":null}]}};11/07/2018 18:07:18
br_curitiba;d5e7298451503f17896cb896a15fb397;03536761950;85,77;cabify_recarga_normal_2018-07-11_input.csv;False;5017540;{"_embedded":{"errors":[{"logref":"INSUFFICIENT_FUNDS","message":"DEBIT","path":null}]}};11/07/2018 18:07:18
br_curitiba;a33524db6ef6770f37da9eacbf26c440;84188464968;24,13;cabify_recarga_normal_2018-07-11_input.csv;False;5017555;{"_embedded":{"errors":[{"logref":"INSUFFICIENT_FUNDS","message":"DEBIT","path":null}]}};11/07/2018 18:07:18
br_curitiba;47e22bf4e97295e9bb96cd927b7fca15;03075189650;150,69;cabify_recarga_normal_2018-07-11_input.csv;True;5017412;{"debitId":18028690,"creditId":18028691};11/07/2018 18:07:18
br_curitiba;3487c6f2752e75dad7ba57febacd7af1;10320390780;8,72;cabify_recarga_normal_2018-07-11_input.csv;True;4791326;{"debitId":18028602,"creditId":18028604};11/07/2018 18:07:18
br_curitiba;ca02e22be856d4ef5890c8054c409a35;08129341484;92,29;cabify_recarga_normal_2018-07-11_input.csv;False;4791213;{"_embedded":{"errors":[{"logref":"INSUFFICIENT_FUNDS","message":"DEBIT","path":null}]}};11/07/2018 18:07:18
br_curitiba;c22b81c1bb42ede214d9dd1520d4a599;03650261901;97,19;cabify_recarga_normal_2018-07-11_input.csv;False;5017706;{"_embedded":{"errors":[{"logref":"INSUFFICIENT_FUNDS","message":"DEBIT","path":null}]}};11/07/2018 18:07:18
br_curitiba;8225b11ef148606cb26f12ad6e6ef5ee;05312504823;52,45;cabify_recarga_normal_2018-07-11_input.csv;False;4791254;{"_embedded":{"errors":[{"logref":"INSUFFICIENT_FUNDS","message":"DEBIT","path":null}]}};11/07/2018 18:07:18
br_curitiba;21bcdda4b7cf9c9c2c002abe9d03d332;04100599943;4,06;cabify_recarga_normal_2018-07-11_input.csv;True;5017439;{"debitId":18028767,"creditId":18028768};11/07/2018 18:07:18
br_curitiba;0c64e3d0dceec9ed5ff4869d178af332;02871242909;98,18;cabify_recarga_normal_2018-07-11_input.csv;False;5017419;{"_embedded":{"errors":[{"logref":"INSUFFICIENT_FUNDS","message":"DEBIT","path":null}]}};11/07/2018 18:07:18
br_curitiba;6f439d1b532014c8bfa34833ccfcfbfb;04461467732;91,14;cabify_recarga_normal_2018-07-11_input.csv;False;5017509;{"_embedded":{"errors":[{"logref":"INSUFFICIENT_FUNDS","message":"DEBIT","path":null}]}};11/07/2018 18:07:18
br_curitiba;9c44238e231a5358eb2f22b1080bf12b;04172556914;20,74;cabify_recarga_normal_2018-07-11_input.csv;False;5017487;{"_embedded":{"errors":[{"logref":"INSUFFICIENT_FUNDS","message":"DEBIT","path":null}]}};11/07/2018 18:07:18
br_curitiba;752844faffa4a6d899f82c3a29c3197f;06420504902;163,58;cabify_recarga_normal_2018-07-11_input.csv;True;4791241;{"debitId":18028680,"creditId":18028683};11/07/2018 18:07:18
br_curitiba;181d5f4f84e37fcd3e35bbbd70acfcb9;98790889134;252,26;cabify_recarga_normal_2018-07-11_input.csv;False;;Situacao do cartao nao permitida. Recarga nao realizada.;11/07/2018 18:07:18
br_curitiba;47e22bf4e97295e9bb96cd927b7fb1cd;03137834970;67,82;cabify_recarga_normal_2018-07-11_input.csv;False;5017453;{"_embedded":{"errors":[{"logref":"INSUFFICIENT_FUNDS","message":"DEBIT","path":null}]}};11/07/2018 18:07:18
br_curitiba;32addf2922229e9c62341796bc99e306;01162133961;1158,87;cabify_recarga_normal_2018-07-11_input.csv;False;4791269;{"_embedded":{"errors":[{"logref":"INSUFFICIENT_FUNDS","message":"DEBIT","path":null}]}};11/07/2018 18:07:18
br_curitiba;8972bf524524ed897c87e28a0fead5b6;04771245932;202,23;cabify_recarga_normal_2018-07-11_input.csv;False;5017654;{"_embedded":{"errors":[{"logref":"INSUFFICIENT_FUNDS","message":"DEBIT","path":null}]}};11/07/2018 18:07:18
br_curitiba;98817f59c5db894c9e7b16aac043742f;95181342000;6,03;cabify_recarga_normal_2018-07-11_input.csv;False;5017550;{"_embedded":{"errors":[{"logref":"INSUFFICIENT_FUNDS","message":"DEBIT","path":null}]}};11/07/2018 18:07:18
br_curitiba;c44b7e0b70ebe7ebe9e108cf61010e7c;35833645972;4,24;cabify_recarga_normal_2018-07-11_input.csv;False;5017552;{"_embedded":{"errors":[{"logref":"INSUFFICIENT_FUNDS","message":"DEBIT","path":null}]}};11/07/2018 18:07:18
br_curitiba;412e5e8f318a974f9624431485507dde;05503600932;66,88;cabify_recarga_normal_2018-07-11_input.csv;True;4791238;{"debitId":18028628,"creditId":18028629};11/07/2018 18:07:18
br_curitiba;be16f29316434c859267a5ea19d92555;03457092923;42,80;cabify_recarga_normal_2018-07-11_input.csv;False;5017704;{"_embedded":{"errors":[{"logref":"INSUFFICIENT_FUNDS","message":"DEBIT","path":null}]}};11/07/2018 18:07:18
br_curitiba;3487c6f2752e75dad7ba57febac99ef8;02259792928;5,98;cabify_recarga_normal_2018-07-11_input.csv;True;4791318;{"debitId":18028775,"creditId":18028776};11/07/2018 18:07:18
br_curitiba;84d6ef3bce9a5c31516cacbfe27115f2;72487445904;47,44;cabify_recarga_normal_2018-07-11_input.csv;False;5017480;{"_embedded":{"errors":[{"logref":"INSUFFICIENT_FUNDS","message":"DEBIT","path":null}]}};11/07/2018 18:07:18
br_curitiba;752844faffa4a6d899f82c3a29c2b6a9;08528379922;26,99;cabify_recarga_normal_2018-07-11_input.csv;False;4791247;{"_embedded":{"errors":[{"logref":"INSUFFICIENT_FUNDS","message":"DEBIT","path":null}]}};11/07/2018 18:07:18
br_curitiba;47e22bf4e97295e9bb96cd927b7ca450;08359378606;60,36;cabify_recarga_normal_2018-07-11_input.csv;False;5017526;{"_embedded":{"errors":[{"logref":"INSUFFICIENT_FUNDS","message":"DEBIT","path":null}]}};11/07/2018 18:07:18
br_curitiba;68fb651cc73fcffc024fc5471044d8cd;09001908926;54,22;cabify_recarga_normal_2018-07-11_input.csv;False;5017506;{"_embedded":{"errors":[{"logref":"INSUFFICIENT_FUNDS","message":"DEBIT","path":null}]}};11/07/2018 18:07:18
br_curitiba;3487c6f2752e75dad7ba57febacad8b3;03075936146;22,33;cabify_recarga_normal_2018-07-11_input.csv;False;4791319;{"_embedded":{"errors":[{"logref":"INSUFFICIENT_FUNDS","message":"DEBIT","path":null}]}};11/07/2018 18:07:18
br_curitiba;ef8ef8604470bc9070249a96315c076b;04146355907;171,90;cabify_recarga_normal_2018-07-11_input.csv;False;5017427;{"_embedded":{"errors":[{"logref":"INSUFFICIENT_FUNDS","message":"DEBIT","path":null}]}};11/07/2018 18:07:18
br_curitiba;55ba90367e2ce84359582e5f590c56b9;06140681936;129,17;cabify_recarga_normal_2018-07-11_input.csv;False;5017705;{"_embedded":{"errors":[{"logref":"INSUFFICIENT_FUNDS","message":"DEBIT","path":null}]}};11/07/2018 18:07:18
br_curitiba;be16f29316434c859267a5ea19e0a013;05494933954;32,95;cabify_recarga_normal_2018-07-11_input.csv;False;4791253;{"_embedded":{"errors":[{"logref":"INSUFFICIENT_FUNDS","message":"DEBIT","path":null}]}};11/07/2018 18:07:18
br_curitiba;cedc359fc092b03aaf937e7bf493d4f5;00585625913;23,50;cabify_recarga_normal_2018-07-11_input.csv;False;4791135;{"_embedded":{"errors":[{"logref":"INSUFFICIENT_FUNDS","message":"DEBIT","path":null}]}};11/07/2018 18:07:18
br_curitiba;d5e7298451503f17896cb896a15fc95b;02145786902;53,06;cabify_recarga_normal_2018-07-11_input.csv;False;5017543;{"_embedded":{"errors":[{"logref":"INSUFFICIENT_FUNDS","message":"DEBIT","path":null}]}};11/07/2018 18:07:18
br_curitiba;2bfe5fe24da51ce2b32598a9a445a77d;72481668987;162,15;cabify_recarga_normal_2018-07-11_input.csv;False;5017542;{"_embedded":{"errors":[{"logref":"INSUFFICIENT_FUNDS","message":"DEBIT","path":null}]}};11/07/2018 18:07:18
br_curitiba;8225b11ef148606cb26f12ad6e6fbc8e;63217686934;1078,21;cabify_recarga_normal_2018-07-11_input.csv;False;4791255;{"_embedded":{"errors":[{"logref":"INSUFFICIENT_FUNDS","message":"DEBIT","path":null}]}};11/07/2018 18:07:18
br_curitiba;32addf2922229e9c62341796bc9bdcbf;01819661580;172,75;cabify_recarga_normal_2018-07-11_input.csv;False;5017619;{"_embedded":{"errors":[{"logref":"INSUFFICIENT_FUNDS","message":"DEBIT","path":null}]}};11/07/2018 18:07:18
br_curitiba;752844faffa4a6d899f82c3a29ac22de;08654904739;6,39;cabify_recarga_normal_2018-07-11_input.csv;False;5017695;{"_embedded":{"errors":[{"logref":"INSUFFICIENT_FUNDS","message":"DEBIT","path":null}]}};11/07/2018 18:07:18
br_curitiba;0c64e3d0dceec9ed5ff4869d17814444;28341937034;207,22;cabify_recarga_normal_2018-07-11_input.csv;False;5017422;{"_embedded":{"errors":[{"logref":"INSUFFICIENT_FUNDS","message":"DEBIT","path":null}]}};11/07/2018 18:07:18
br_curitiba;1c28bdc0c88c69ff36c17d6efc71ad72;05048430603;102,40;cabify_recarga_normal_2018-07-11_input.csv;False;4791268;{"_embedded":{"errors":[{"logref":"INSUFFICIENT_FUNDS","message":"DEBIT","path":null}]}};11/07/2018 18:07:18
br_curitiba;32addf2922229e9c62341796bc999564;45693951987;101,91;cabify_recarga_normal_2018-07-11_input.csv;False;5017609;{"_embedded":{"errors":[{"logref":"INSUFFICIENT_FUNDS","message":"DEBIT","path":null}]}};11/07/2018 18:07:18
br_curitiba;181d5f4f84e37fcd3e35bbbd70b3b89e;68678029900;72,23;cabify_recarga_normal_2018-07-11_input.csv;False;5017665;{"_embedded":{"errors":[{"logref":"INSUFFICIENT_FUNDS","message":"DEBIT","path":null}]}};11/07/2018 18:07:18
br_curitiba;cfc6380324277bf7268f0f2e8f3fb6e5;05028039917;68,70;cabify_recarga_normal_2018-07-11_input.csv;False;5017521;{"_embedded":{"errors":[{"logref":"INSUFFICIENT_FUNDS","message":"DEBIT","path":null}]}};11/07/2018 18:07:18
br_curitiba;c22b81c1bb42ede214d9dd1520d3b9b0;92138020991;66,38;cabify_recarga_normal_2018-07-11_input.csv;False;5017709;{"_embedded":{"errors":[{"logref":"INSUFFICIENT_FUNDS","message":"DEBIT","path":null}]}};11/07/2018 18:07:18
br_curitiba;752844faffa4a6d899f82c3a29abdc46;03103947917;59,56;cabify_recarga_normal_2018-07-11_input.csv;False;5017423;{"_embedded":{"errors":[{"logref":"INSUFFICIENT_FUNDS","message":"DEBIT","path":null}]}};11/07/2018 18:07:18
br_curitiba;a33524db6ef6770f37da9eacbf250d62;04149339902;529,54;cabify_recarga_normal_2018-07-11_input.csv;False;5017577;{"_embedded":{"errors":[{"logref":"INSUFFICIENT_FUNDS","message":"DEBIT","path":null}]}};11/07/2018 18:07:18
br_curitiba;47e22bf4e97295e9bb96cd927b794bee;28450906920;53,22;cabify_recarga_normal_2018-07-11_input.csv;False;5017528;{"_embedded":{"errors":[{"logref":"INSUFFICIENT_FUNDS","message":"DEBIT","path":null}]}};11/07/2018 18:07:18
br_curitiba;68fb651cc73fcffc024fc54710468e1c;02890331601;14,22;cabify_recarga_normal_2018-07-11_input.csv;False;5017473;{"_embedded":{"errors":[{"logref":"INSUFFICIENT_FUNDS","message":"DEBIT","path":null}]}};11/07/2018 18:07:18
br_curitiba;3487c6f2752e75dad7ba57febac253cf;62845616953;19,50;cabify_recarga_normal_2018-07-11_input.csv;True;4791128;{"debitId":18028586,"creditId":18028589};11/07/2018 18:07:18
br_curitiba;0a0377a438eacec36b2268896fc52b5c;06355274995;620,74;cabify_recarga_normal_2018-07-11_input.csv;False;5017633;{"_embedded":{"errors":[{"logref":"INSUFFICIENT_FUNDS","message":"DEBIT","path":null}]}};11/07/2018 18:07:18
br_curitiba;d5e7298451503f17896cb896a15f9c29;03382017938;30,53;cabify_recarga_normal_2018-07-11_input.csv;False;5017538;{"_embedded":{"errors":[{"logref":"INSUFFICIENT_FUNDS","message":"DEBIT","path":null}]}};11/07/2018 18:07:18
br_curitiba;55ba90367e2ce84359582e5f59122691;09730148902;17,73;cabify_recarga_normal_2018-07-11_input.csv;False;5017606;{"_embedded":{"errors":[{"logref":"INSUFFICIENT_FUNDS","message":"DEBIT","path":null}]}};11/07/2018 18:07:18
br_curitiba;76e5edff417c5870d713d499a816f1c8;00955919908;245,19;cabify_recarga_normal_2018-07-11_input.csv;False;5017674;{"_embedded":{"errors":[{"logref":"INSUFFICIENT_FUNDS","message":"DEBIT","path":null}]}};11/07/2018 18:07:18
br_curitiba;2bfe5fe24da51ce2b32598a9a4458933;20510564801;65,39;cabify_recarga_normal_2018-07-11_input.csv;False;5017545;{"_embedded":{"errors":[{"logref":"INSUFFICIENT_FUNDS","message":"DEBIT","path":null}]}};11/07/2018 18:07:18
br_curitiba;157b42f3a1a488aec4798fcddabb657f;18592520959;195,61;cabify_recarga_normal_2018-07-11_input.csv;False;5017658;{"_embedded":{"errors":[{"logref":"INSUFFICIENT_FUNDS","message":"DEBIT","path":null}]}};11/07/2018 18:07:18
br_curitiba;47e22bf4e97295e9bb96cd927b782c96;98048600900;39,97;cabify_recarga_normal_2018-07-11_input.csv;False;5017700;{"_embedded":{"errors":[{"logref":"INSUFFICIENT_FUNDS","message":"DEBIT","path":null}]}};11/07/2018 18:07:18
br_curitiba;cfc6380324277bf7268f0f2e8f3c9b00;04751056999;0,43;cabify_recarga_normal_2018-07-11_input.csv;True;5017527;{"debitId":18028836,"creditId":18028837};11/07/2018 18:07:18
br_curitiba;cedc359fc092b03aaf937e7bf4928178;44409770900;30,22;cabify_recarga_normal_2018-07-11_input.csv;False;4791131;{"_embedded":{"errors":[{"logref":"INSUFFICIENT_FUNDS","message":"DEBIT","path":null}]}};11/07/2018 18:07:18
br_curitiba;fd9fc72e5801d579449bd9b12d5b34fd;04692434902;815,98;cabify_recarga_normal_2018-07-11_input.csv;False;5017631;{"_embedded":{"errors":[{"logref":"INSUFFICIENT_FUNDS","message":"DEBIT","path":null}]}};11/07/2018 18:07:18
br_curitiba;2aeeeed5c8e0e9eacb195bffbb951032;06011878903;387,49;cabify_recarga_normal_2018-07-11_input.csv;False;5017611;{"_embedded":{"errors":[{"logref":"INSUFFICIENT_FUNDS","message":"DEBIT","path":null}]}};11/07/2018 18:07:18
br_curitiba;412e5e8f318a974f962443148550f320;06662076902;9,37;cabify_recarga_normal_2018-07-11_input.csv;False;5017600;{"_embedded":{"errors":[{"logref":"INSUFFICIENT_FUNDS","message":"DEBIT","path":null}]}};11/07/2018 18:07:18
br_curitiba;cbff527cfc639055cbf59ab3e6fd16c0;44236042134;66,85;cabify_recarga_normal_2018-07-11_input.csv;False;5017574;{"_embedded":{"errors":[{"logref":"INSUFFICIENT_FUNDS","message":"DEBIT","path":null}]}};11/07/2018 18:07:18
br_santos;33072f67030ec131117b07586cdbe4f7;39261578870;86,03;cabify_recarga_normal_2018-07-11_input.csv;False;4815791;{"_embedded":{"errors":[{"logref":"INSUFFICIENT_FUNDS","message":"DEBIT","path":null}]}};11/07/2018 18:07:18
br_curitiba;8225b11ef148606cb26f12ad6e75be2a;82218285720;42,19;cabify_recarga_normal_2018-07-11_input.csv;False;4791141;{"_embedded":{"errors":[{"logref":"INSUFFICIENT_FUNDS","message":"DEBIT","path":null}]}};11/07/2018 18:07:18
br_santos;d0144a467eaa30a5bd8505ac42258f8f;32543729801;36,65;cabify_recarga_normal_2018-07-11_input.csv;False;4815789;{"_embedded":{"errors":[{"logref":"INSUFFICIENT_FUNDS","message":"DEBIT","path":null}]}};11/07/2018 18:07:18
br_curitiba;9d402f97712ea702d8f4d61188e1d0c9;05361579955;1181,27;cabify_recarga_normal_2018-07-11_input.csv;False;5017617;{"_embedded":{"errors":[{"logref":"INSUFFICIENT_FUNDS","message":"DEBIT","path":null}]}};11/07/2018 18:07:18
br_curitiba;6a5e670bff4573ea42a23f52995cc99f;03084494959;30,45;cabify_recarga_normal_2018-07-11_input.csv;False;5017567;{"_embedded":{"errors":[{"logref":"INSUFFICIENT_FUNDS","message":"DEBIT","path":null}]}};11/07/2018 18:07:18
