RegionId;CompanyId;Cpf;VlRecarga;NomeArquivo;Recharge;CardId;DescricaoProcessamento;DataRecarga
br_curitiba;47ab26f394675157542bd72422512514;05043510609;32,72;cabify_recarga_normal_2018-06-20_input.csv;True;4791200;{"debitId":15838620,"creditId":15838621};21/06/2018 07:52:48
br_curitiba;68fb651cc73fcffc024fc547104683a1;07362689950;10,22;cabify_recarga_normal_2018-06-20_input.csv;True;5017468;{"debitId":15838683,"creditId":15838684};21/06/2018 07:52:48
br_curitiba;68fb651cc73fcffc024fc54710468e1c;02890331601;33,61;cabify_recarga_normal_2018-06-20_input.csv;True;5017473;{"debitId":15838711,"creditId":15838712};21/06/2018 07:52:48
br_curitiba;3487c6f2752e75dad7ba57febac32a2f;03701126879;28,12;cabify_recarga_normal_2018-06-20_input.csv;True;4791322;{"debitId":15838687,"creditId":15838688};21/06/2018 07:52:48
br_curitiba;7344c1db5770b2aae296b442033476c8;20095384987;34,98;cabify_recarga_normal_2018-06-20_input.csv;True;4791161;{"debitId":15838590,"creditId":15838591};21/06/2018 07:52:48
br_curitiba;593b161f70cb1e9e6990e9cacc5a5761;02387942965;9,45;cabify_recarga_normal_2018-06-20_input.csv;True;4791188;{"debitId":15838592,"creditId":15838593};21/06/2018 07:52:48
br_curitiba;84d6ef3bce9a5c31516cacbfe2709cad;06839838900;18,10;cabify_recarga_normal_2018-06-20_input.csv;True;5017472;{"debitId":15838707,"creditId":15838708};21/06/2018 07:52:48
br_curitiba;2358ead189555a1e5907e36507047ab0;99547368915;5,47;cabify_recarga_normal_2018-06-20_input.csv;True;4791287;{"debitId":15838580,"creditId":15838581};21/06/2018 07:52:48
br_curitiba;76e5edff417c5870d713d499a8db5940;87246104968;16,97;cabify_recarga_normal_2018-06-20_input.csv;True;5017651;{"debitId":15838598,"creditId":15838599};21/06/2018 07:52:48
br_curitiba;f57eaddd92f1ec6b38302ddd6378ef62;05334784802;87,33;cabify_recarga_normal_2018-06-20_input.csv;True;4791218;{"debitId":15838681,"creditId":15838682};21/06/2018 07:52:48
br_curitiba;a94ebedee3b45c4297d121e8c30eb713;46863974991;69,07;cabify_recarga_normal_2018-06-20_input.csv;True;4791167;{"debitId":15838616,"creditId":15838617};21/06/2018 07:52:48
br_curitiba;1c28bdc0c88c69ff36c17d6efc71ad72;05048430603;74,91;cabify_recarga_normal_2018-06-20_input.csv;True;4791268;{"debitId":15838618,"creditId":15838619};21/06/2018 07:52:48
br_curitiba;0a0377a438eacec36b2268896fc52b5c;06355274995;60,24;cabify_recarga_normal_2018-06-20_input.csv;True;5017633;{"debitId":15838717,"creditId":15838718};21/06/2018 07:52:48
br_curitiba;98cf25d4e6cddba26ced4c38bbc902a1;38566311949;8,16;cabify_recarga_normal_2018-06-20_input.csv;True;4791176;{"debitId":15838650,"creditId":15838651};21/06/2018 07:52:48
br_curitiba;84d6ef3bce9a5c31516cacbfe270dbf6;03139502966;12,00;cabify_recarga_normal_2018-06-20_input.csv;True;5017464;{"debitId":15838643,"creditId":15838646};21/06/2018 07:52:48
br_curitiba;9c44238e231a5358eb2f22b1080bf12b;04172556914;16,36;cabify_recarga_normal_2018-06-20_input.csv;True;5017487;{"debitId":15838728,"creditId":15838730};21/06/2018 07:52:48
br_curitiba;cedc359fc092b03aaf937e7bf499c5ed;04252116902;62,64;cabify_recarga_normal_2018-06-20_input.csv;True;4791324;{"debitId":15838689,"creditId":15838690};21/06/2018 07:52:48
br_curitiba;af22938f4d8fcac7590cdbd0022637ef;63931052915;9,17;cabify_recarga_normal_2018-06-20_input.csv;True;4791205;{"debitId":15838660,"creditId":15838661};21/06/2018 07:52:48
br_curitiba;ef8ef8604470bc9070249a96315c076b;04146355907;33,02;cabify_recarga_normal_2018-06-20_input.csv;True;5017427;{"debitId":15838563,"creditId":15838564};21/06/2018 07:52:48
br_curitiba;412e5e8f318a974f962443148554b129;04864036969;25,77;cabify_recarga_normal_2018-06-20_input.csv;True;5017612;{"debitId":15838610,"creditId":15838613};21/06/2018 07:52:48
br_curitiba;ca02e22be856d4ef5890c8054c47e65b;03585860900;15,18;cabify_recarga_normal_2018-06-20_input.csv;False;;Cartao nao encontrado;21/06/2018 07:52:48
br_santos;33072f67030ec131117b07586cdbe4f7;39261578870;114,14;cabify_recarga_normal_2018-06-20_input.csv;True;4815791;{"debitId":15838701,"creditId":15838702};21/06/2018 07:52:48
br_curitiba;47ab26f394675157542bd724224f6ba8;38813270372;7,59;cabify_recarga_normal_2018-06-20_input.csv;True;4791196;{"debitId":15838608,"creditId":15838609};21/06/2018 07:52:48
br_curitiba;98cf25d4e6cddba26ced4c38bbc90d28;03810442976;15,85;cabify_recarga_normal_2018-06-20_input.csv;False;;Cartao nao encontrado;21/06/2018 07:52:48
br_curitiba;8225b11ef148606cb26f12ad6e6fbc8e;63217686934;18,25;cabify_recarga_normal_2018-06-20_input.csv;True;4791255;{"debitId":15838557,"creditId":15838558};21/06/2018 07:52:48
br_curitiba;84d6ef3bce9a5c31516cacbfe2efbda1;03006810970;6,08;cabify_recarga_normal_2018-06-20_input.csv;True;5017505;{"debitId":15838685,"creditId":15838686};21/06/2018 07:52:48
br_curitiba;84d6ef3bce9a5c31516cacbfe270c269;01640349944;9,00;cabify_recarga_normal_2018-06-20_input.csv;True;5017481;{"debitId":15838719,"creditId":15838720};21/06/2018 07:52:48
br_curitiba;3487c6f2752e75dad7ba57febacd7af1;10320390780;22,95;cabify_recarga_normal_2018-06-20_input.csv;True;4791326;{"debitId":15838691,"creditId":15838692};21/06/2018 07:52:48
br_curitiba;2b40c3e8ccc85443a2470fc31d2baef5;06487182982;30,44;cabify_recarga_normal_2018-06-20_input.csv;True;4791283;{"debitId":15838536,"creditId":15838537};21/06/2018 07:52:48
br_curitiba;76e5edff417c5870d713d499a81e7379;06458386915;58,17;cabify_recarga_normal_2018-06-20_input.csv;True;5017666;{"debitId":15838721,"creditId":15838722};21/06/2018 07:52:48
br_curitiba;9c44238e231a5358eb2f22b108099f78;03013893907;106,57;cabify_recarga_normal_2018-06-20_input.csv;True;5017483;{"debitId":15838723,"creditId":15838724};21/06/2018 07:52:48
br_curitiba;98817f59c5db894c9e7b16aac043742f;95181342000;125,18;cabify_recarga_normal_2018-06-20_input.csv;True;5017550;{"debitId":15838571,"creditId":15838572};21/06/2018 07:52:48
br_curitiba;cedc359fc092b03aaf937e7bf4905600;03420909926;5,34;cabify_recarga_normal_2018-06-20_input.csv;False;;Cartao nao encontrado;21/06/2018 07:52:48
br_curitiba;fd9fc72e5801d579449bd9b12d6a334f;03070708919;12,22;cabify_recarga_normal_2018-06-20_input.csv;True;5017416;{"debitId":15838555,"creditId":15838556};21/06/2018 07:52:48
br_curitiba;266d20595b5c6cec09abb8f97004cd26;18555837987;517,18;cabify_recarga_normal_2018-06-20_input.csv;True;4791168;{"debitId":15838628,"creditId":15838631};21/06/2018 07:52:48
br_curitiba;98cf25d4e6cddba26ced4c38bbce08bd;01177261685;65,38;cabify_recarga_normal_2018-06-20_input.csv;True;4791134;{"debitId":15838540,"creditId":15838541};21/06/2018 07:52:48
br_curitiba;181d5f4f84e37fcd3e35bbbd70ae0fc0;03836585944;9,88;cabify_recarga_normal_2018-06-20_input.csv;True;5017653;{"debitId":15838614,"creditId":15838615};21/06/2018 07:52:48
br_curitiba;9973249e31bfce6ba08d66246b5073ce;05620524965;48,65;cabify_recarga_normal_2018-06-20_input.csv;True;5017664;{"debitId":15838697,"creditId":15838698};21/06/2018 07:52:48
br_curitiba;6f439d1b532014c8bfa34833ccfc603a;02607452945;21,24;cabify_recarga_normal_2018-06-20_input.csv;True;5017502;{"debitId":15838647,"creditId":15838648};21/06/2018 07:52:48
br_curitiba;f57eaddd92f1ec6b38302ddd637b5867;00916274942;9,76;cabify_recarga_normal_2018-06-20_input.csv;False;;Cartao nao encontrado;21/06/2018 07:52:48
br_curitiba;fd9fc72e5801d579449bd9b12d59b294;08406870958;16,56;cabify_recarga_normal_2018-06-20_input.csv;True;5017628;{"debitId":15838713,"creditId":15838714};21/06/2018 07:52:48
br_curitiba;ab849226bc0f90e82f220ab8868a98f6;96001470863;16,66;cabify_recarga_normal_2018-06-20_input.csv;True;4791133;{"debitId":15838576,"creditId":15838577};21/06/2018 07:52:48
br_curitiba;620f03528cbb5f061f15d5d1f4426a81;65356144920;307,58;cabify_recarga_normal_2018-06-20_input.csv;True;4791276;{"debitId":15838654,"creditId":15838657};21/06/2018 07:52:48
br_curitiba;a04a257a84d488c56fa7ea030816ef75;76387020425;4,99;cabify_recarga_normal_2018-06-20_input.csv;True;4791166;{"debitId":15838600,"creditId":15838603};21/06/2018 07:52:48
br_curitiba;55ba90367e2ce84359582e5f591c4a12;82527849920;9,08;cabify_recarga_normal_2018-06-20_input.csv;True;4791279;{"debitId":15838675,"creditId":15838678};21/06/2018 07:52:48
br_curitiba;1fbb9b31e029437feb46193a52ff393e;09079673960;9,00;cabify_recarga_normal_2018-06-20_input.csv;True;5017500;{"debitId":15838626,"creditId":15838627};21/06/2018 07:52:48
br_curitiba;68fb651cc73fcffc024fc5471044c996;01980534950;43,08;cabify_recarga_normal_2018-06-20_input.csv;True;5017465;{"debitId":15838663,"creditId":15838666};21/06/2018 07:52:48
br_curitiba;3487c6f2752e75dad7ba57febabf9566;04394791936;98,82;cabify_recarga_normal_2018-06-20_input.csv;True;4791329;{"debitId":15838699,"creditId":15838700};21/06/2018 07:52:48
br_curitiba;0dfa2c0ab490e3df35c81b6086b67e78;25642393820;137,92;cabify_recarga_normal_2018-06-20_input.csv;True;5017549;{"debitId":15838751,"creditId":15838752};21/06/2018 07:52:48
br_curitiba;be16f29316434c859267a5ea19d92555;03457092923;22,54;cabify_recarga_normal_2018-06-20_input.csv;True;5017704;{"debitId":15838747,"creditId":15838750};21/06/2018 07:52:48
br_curitiba;84d6ef3bce9a5c31516cacbfe2705633;25346172904;180,20;cabify_recarga_normal_2018-06-20_input.csv;True;5017489;{"debitId":15838584,"creditId":15838585};21/06/2018 07:52:48
br_curitiba;157b42f3a1a488aec4798fcddabb657f;18592520959;15,64;cabify_recarga_normal_2018-06-20_input.csv;True;5017658;{"debitId":15838673,"creditId":15838674};21/06/2018 07:52:48
br_curitiba;7344c1db5770b2aae296b4420333a07b;10093861907;407,36;cabify_recarga_normal_2018-06-20_input.csv;True;4791299;{"debitId":15838641,"creditId":15838642};21/06/2018 07:52:48
br_curitiba;32addf2922229e9c62341796bc999564;45693951987;97,60;cabify_recarga_normal_2018-06-20_input.csv;True;5017609;{"debitId":15838596,"creditId":15838597};21/06/2018 07:52:48
br_curitiba;32addf2922229e9c62341796bc99e306;01162133961;54,82;cabify_recarga_normal_2018-06-20_input.csv;True;4791269;{"debitId":15838634,"creditId":15838635};21/06/2018 07:52:48
br_curitiba;32addf2922229e9c62341796bc9aa934;92480128091;12,05;cabify_recarga_normal_2018-06-20_input.csv;True;5017603;{"debitId":15838582,"creditId":15838583};21/06/2018 07:52:48
br_curitiba;7344c1db5770b2aae296b442032e76e5;45609217920;5,48;cabify_recarga_normal_2018-06-20_input.csv;True;4791153;{"debitId":15838586,"creditId":15838587};21/06/2018 07:52:48
br_curitiba;ca02e22be856d4ef5890c8054c486d99;07743434940;362,05;cabify_recarga_normal_2018-06-20_input.csv;True;4791182;{"debitId":15838679,"creditId":15838680};21/06/2018 07:52:48
br_curitiba;84d6ef3bce9a5c31516cacbfe27042c6;05324272973;26,80;cabify_recarga_normal_2018-06-20_input.csv;True;5017463;{"debitId":15838624,"creditId":15838625};21/06/2018 07:52:48
br_curitiba;181d5f4f84e37fcd3e35bbbd70b3b89e;68678029900;23,65;cabify_recarga_normal_2018-06-20_input.csv;True;5017665;{"debitId":15838709,"creditId":15838710};21/06/2018 07:52:48
br_curitiba;68fb651cc73fcffc024fc547104583cf;06580967960;13,28;cabify_recarga_normal_2018-06-20_input.csv;True;5017488;{"debitId":15838565,"creditId":15838566};21/06/2018 07:52:48
br_curitiba;157b42f3a1a488aec4798fcddabba0d1;01856795950;13,68;cabify_recarga_normal_2018-06-20_input.csv;True;5017669;{"debitId":15838733,"creditId":15838734};21/06/2018 07:52:48
br_curitiba;fd9fc72e5801d579449bd9b12d60b62f;04465980973;98,25;cabify_recarga_normal_2018-06-20_input.csv;True;5017698;{"debitId":15838737,"creditId":15838738};21/06/2018 07:52:48
br_santos;d0144a467eaa30a5bd8505ac42258f8f;32543729801;19,49;cabify_recarga_normal_2018-06-20_input.csv;True;4815789;{"debitId":15838704,"creditId":15838706};21/06/2018 07:52:48
br_curitiba;752844faffa4a6d899f82c3a29b04d45;42102171825;20,64;cabify_recarga_normal_2018-06-20_input.csv;True;4791267;{"debitId":15838606,"creditId":15838607};21/06/2018 07:52:48
br_curitiba;9c44238e231a5358eb2f22b10809cc56;05197158611;106,30;cabify_recarga_normal_2018-06-20_input.csv;True;5017471;{"debitId":15838693,"creditId":15838694};21/06/2018 07:52:48
br_curitiba;916fca93e77945b29cef8bdd02bc22ef;40522377904;849,61;cabify_recarga_normal_2018-06-20_input.csv;True;5017590;{"debitId":15838567,"creditId":15838570};21/06/2018 07:52:48
br_curitiba;ab849226bc0f90e82f220ab8868a20c4;05122788650;59,37;cabify_recarga_normal_2018-06-20_input.csv;True;4791129;{"debitId":15838503,"creditId":15838504};21/06/2018 07:52:48
br_curitiba;be16f29316434c859267a5ea19d4c80c;87160978900;7,21;cabify_recarga_normal_2018-06-20_input.csv;True;5017702;{"debitId":15838741,"creditId":15838742};21/06/2018 07:52:48
