Region ID;Company ID;Driver National Id Num;Cost Local
br_curitiba;0dfa2c0ab490e3df35c81b6086b67e78;25642393820;137,92
br_curitiba;0cb88b3b9304fe9a1530f13fcb31205f;04187609938;90,44
br_curitiba;32addf2922229e9c62341796bc9aa934;92480128091;12,05
br_curitiba;f57eaddd92f1ec6b38302ddd6378ef62;05334784802;343,25
br_curitiba;55ba90367e2ce84359582e5f591c4a12;82527849920;9,02
br_curitiba;cedc359fc092b03aaf937e7bf4905600;03420909926;5,34
br_curitiba;916fca93e77945b29cef8bdd02bc22ef;40522377904;94,16
br_curitiba;98cf25d4e6cddba26ced4c38bbc90d28;03810442976;15,85
br_curitiba;14a6c0e789c5ef0ee410e49bed16db55;00885528964;152,10
br_curitiba;98cf25d4e6cddba26ced4c38bbc8e099;93487797968;4,88
br_curitiba;98817f59c5db894c9e7b16aac043742f;95181342000;125,18
br_curitiba;2b40c3e8ccc85443a2470fc31d2baef5;06487182982;30,44
br_curitiba;f57eaddd92f1ec6b38302ddd637b5867;00916274942;9,76
