RegionID;CompanyID;DriverNationalIdNum;CostLocal
br_curitiba;6a5e670bff4573ea42a23f52995cbc49;05034459914;86,05
br_curitiba;47e22bf4e97295e9bb96cd927b7e99f9;10725966955;15,8
br_curitiba;9c44238e231a5358eb2f22b10809e353;07546566916;7,95
br_curitiba;cfc6380324277bf7268f0f2e8f3e9fe9;87227975991;15,32
br_curitiba;6417bb411e17f7879df09d0e0295c7cd;09367714459;96,07
br_curitiba;9c44238e231a5358eb2f22b10809cc56;05197158611;45,55
br_curitiba;f57eaddd92f1ec6b38302ddd6378ef62;05334784802;5,44
br_curitiba;be16f29316434c859267a5ea19e0a013;05494933954;13,61
br_curitiba;2bfe5fe24da51ce2b32598a9a445a77d;72481668987;23,92
br_curitiba;47e22bf4e97295e9bb96cd927b7fb1cd;03137834970;12,69
br_curitiba;0c64e3d0dceec9ed5ff4869d17814444;28341937034;12,08
br_curitiba;0a0377a438eacec36b2268896fc52b5c;06355274995;27,05
br_curitiba;47e22bf4e97295e9bb96cd927b75ab2d;04409232983;54
br_curitiba;3487c6f2752e75dad7ba57febacad8b3;03075936146;19,54
br_curitiba;3487c6f2752e75dad7ba57febabf9566;04394791936;45,8
br_curitiba;9d402f97712ea702d8f4d61188e1d0c9;05361579955;38,35
br_curitiba;32addf2922229e9c62341796bc999564;45693951987;6,32
br_curitiba;98817f59c5db894c9e7b16aac041b1f6;05800574960;6,04
br_curitiba;0c64e3d0dceec9ed5ff4869d1780ec6d;09530824904;68,26
br_curitiba;3487c6f2752e75dad7ba57febac3e0e7;55295452972;39,73
br_curitiba;a94ebedee3b45c4297d121e8c30eb713;46863974991;20,79
br_curitiba;c22b81c1bb42ede214d9dd1520d2cf99;06833271941;26,76
br_curitiba;752844faffa4a6d899f82c3a29b04d45;42102171825;47,77
br_curitiba;d5e7298451503f17896cb896a160435f;02582701955;55,47
br_curitiba;68fb651cc73fcffc024fc547104526cb;07643013900;65,75
br_curitiba;c44b7e0b70ebe7ebe9e108cf61010e7c;35833645972;6,92
br_curitiba;cedc359fc092b03aaf937e7bf499c5ed;04252116902;134,31
br_curitiba;03f3c16bf9536e012fe05a81b5ef0a55;51929589972;26,17
br_curitiba;21bcdda4b7cf9c9c2c002abe9d070f82;00489932983;19,87
br_curitiba;84d6ef3bce9a5c31516cacbfe2705633;25346172904;296,55
br_curitiba;1fbb9b31e029437feb46193a52ffa212;54507014972;385,55
br_curitiba;9c44238e231a5358eb2f22b108099f78;03013893907;224,09
br_curitiba;3487c6f2752e75dad7ba57febac99ef8;02259792928;54,95
br_curitiba;3487c6f2752e75dad7ba57febacd7af1;10320390780;28,69
br_curitiba;84d6ef3bce9a5c31516cacbfe270dbf6;01031908137;59,58
br_curitiba;752844faffa4a6d899f82c3a29abdc46;03103947917;27,09
br_curitiba;752844faffa4a6d899f82c3a29c2b6a9;08528379922;35,85
br_curitiba;47e22bf4e97295e9bb96cd927b7fca15;03075189650;23,36
br_curitiba;d5f04aeafc4aaa5f0e50c83e89a25938;07680514950;16,86
br_curitiba;752844faffa4a6d899f82c3a29ac22de;08654904739;35,79
br_curitiba;21bcdda4b7cf9c9c2c002abe9d05059f;08100057869;15,13
br_curitiba;47e22bf4e97295e9bb96cd927b7a46ac;01031908137;66,72
br_curitiba;7344c1db5770b2aae296b442033476c8;20095384987;87,15
br_curitiba;35fd1d6de4280ed53ea93ddb078870ab;05026053912;35,32
br_curitiba;be16f29316434c859267a5ea19d92555;03457092923;10,53
br_curitiba;a33524db6ef6770f37da9eacbf26c440;84188464968;30,49
br_curitiba;ca02e22be856d4ef5890c8054c486d99;07743434940;298,68
br_curitiba;68fb651cc73fcffc024fc5471044d8cd;09001908926;63,55
br_curitiba;21bcdda4b7cf9c9c2c002abe9d08872d;01003758983;25,19
br_curitiba;32addf2922229e9c62341796bc9bdcbf;01819661580;89,35
br_curitiba;21bcdda4b7cf9c9c2c002abe9d07fb5b;07866691959;25,21
br_curitiba;98cf25d4e6cddba26ced4c38bbc8e099;93487797968;83,74
br_curitiba;84d6ef3bce9a5c31516cacbfe2709cad;06839838900;92,02
br_curitiba;68fb651cc73fcffc024fc54710468e1c;02890331601;9,14
br_curitiba;0c64e3d0dceec9ed5ff4869d178af332;02871242909;21,06
br_curitiba;47e22bf4e97295e9bb96cd927b7d9bb4;61122610904;5,36
br_curitiba;47e22bf4e97295e9bb96cd927b75debe;05761308428;148,61
br_curitiba;cfc6380324277bf7268f0f2e8f3cb388;79506941904;4,5
br_curitiba;8225b11ef148606cb26f12ad6e6ef5ee;05312504823;6,14
br_curitiba;1c28bdc0c88c69ff36c17d6efc71ad72;05048430603;6,37
br_curitiba;47e22bf4e97295e9bb96cd927b7ca450;08359378606;19,09
br_curitiba;a33524db6ef6770f37da9eacbf28d799;06436236988;101,22
br_curitiba;a33524db6ef6770f37da9eacbf25e467;08061515792;43,76
br_curitiba;8225b11ef148606cb26f12ad6e6fbc8e;63217686934;46,66
br_curitiba;76e5edff417c5870d713d499a8db5940;87246104968;66,55
br_curitiba;55ba90367e2ce84359582e5f5918562e;06253080938;96,45
br_curitiba;55ba90367e2ce84359582e5f591d5f20;64039412915;22,13
br_curitiba;3487c6f2752e75dad7ba57febabfa88a;02567304908;28,41
br_curitiba;84d6ef3bce9a5c31516cacbfe2ef6918;01593962983;51,81
br_curitiba;68fb651cc73fcffc024fc5471044c996;01980534950;68,6
br_curitiba;c22b81c1bb42ede214d9dd1520d3b9b0;92138020991;8,69
br_curitiba;7344c1db5770b2aae296b442032e76e5;45609217920;6,8
br_curitiba;76e5edff417c5870d713d499a816f1c8;00955919908;34,31
br_curitiba;47e22bf4e97295e9bb96cd927b782c96;98048600900;7,84
br_curitiba;cbff527cfc639055cbf59ab3e6ffe85a;05561978950;35,01
br_curitiba;a41d8afe439b0c733cec59893f0735fc;03523854997;35,77
br_curitiba;d5e7298451503f17896cb896a15fb397;03536761950;148,46
br_curitiba;2aeeeed5c8e0e9eacb195bffbb951032;06011878903;52,46
br_curitiba;55ba90367e2ce84359582e5f590c56b9;06140681936;7,6
br_curitiba;98817f59c5db894c9e7b16aac043742f;95181342000;6,2
br_curitiba;6f439d1b532014c8bfa34833ccfcfbfb;04461467732;6,49
br_curitiba;c44b7e0b70ebe7ebe9e108cf6100a9d9;81349998915;7,9
br_curitiba;ca02e22be856d4ef5890c8054c409a35;08129341484;48,31
br_curitiba;181d5f4f84e37fcd3e35bbbd70acfcb9;98790889134;0
br_curitiba;21bcdda4b7cf9c9c2c002abe9d099ca3;02954977930;319,64
br_curitiba;84d6ef3bce9a5c31516cacbfe2efbda1;03006810970;75,19
br_curitiba;3487c6f2752e75dad7ba57febac32a2f;03701126879;54,14
br_curitiba;21bcdda4b7cf9c9c2c002abe9d082820;01623286050;30,15
br_curitiba;2bfe5fe24da51ce2b32598a9a4458933;20510564801;36,61
br_curitiba;84d6ef3bce9a5c31516cacbfe27115f2;72487445904;4,78
br_curitiba;266d20595b5c6cec09abb8f97004cd26;18555837987;390,22
br_curitiba;e9b1c75764c1ea0138e5d68e5b26c492;02875230980;9,07
br_curitiba;6a5e670bff4573ea42a23f52995c90a4;94018014953;24,59
br_curitiba;6a5e670bff4573ea42a23f52995cae3f;03788811919;32,32
br_curitiba;47e22bf4e97295e9bb96cd927b7f0bb4;04959343990;6,08
br_curitiba;fd9fc72e5801d579449bd9b12d60b62f;04465980973;38,94
br_curitiba;cedc359fc092b03aaf937e7bf48e32d3;03053018969;166,48
br_curitiba;68fb651cc73fcffc024fc54710455aa1;62522000934;9,68
br_curitiba;21bcdda4b7cf9c9c2c002abe9d0784ef;02552123996;30,85
br_curitiba;cfc6380324277bf7268f0f2e8f3d00f9;70172013020;12,46
br_curitiba;be16f29316434c859267a5ea19dd01d6;37429051987;118,57
br_curitiba;03f3c16bf9536e012fe05a81b5efc812;08787799901;156,88
br_curitiba;d5e7298451503f17896cb896a15f9c29;03382017938;37,22
br_curitiba;6417bb411e17f7879df09d0e0297559b;62454692953;111,72
br_curitiba;47e22bf4e97295e9bb96cd927b7f6c93;05186898910;47,42
br_curitiba;c22b81c1bb42ede214d9dd1520d4a599;03650261901;5,68
br_curitiba;6a5e670bff4573ea42a23f52995cc99f;03084494959;20,66
br_santos;33072f67030ec131117b07586cdbe4f7;39261578870;45,17
br_santos;d0144a467eaa30a5bd8505ac42258f8f;32543729801;42,54
