RegionId;CompanyId;Cpf;VlRecarga;NomeArquivo;Recharge;CardId;DescricaoProcessamento;DataRecarga
br_curitiba;cfc6380324277bf7268f0f2e8f3fb6e5;05028039917;37,60;cabify_recarga_normal_2018_07_12_input.csv;True;5017521;{"debitId":18194158,"creditId":18194159};13/07/2018 10:30:55
br_curitiba;32addf2922229e9c62341796bc99e306;01162133961;30,92;cabify_recarga_normal_2018_07_12_input.csv;True;4791269;{"debitId":18194186,"creditId":18194188};13/07/2018 10:30:55
br_curitiba;47e22bf4e97295e9bb96cd927b782c96;98048600900;11,44;cabify_recarga_normal_2018_07_12_input.csv;True;5017700;{"debitId":18194315,"creditId":18194316};13/07/2018 10:30:55
br_curitiba;98cf25d4e6cddba26ced4c38bbce08bd;01177261685;80,70;cabify_recarga_normal_2018_07_12_input.csv;True;4791134;{"debitId":18194113,"creditId":18194114};13/07/2018 10:30:55
br_curitiba;6a5e670bff4573ea42a23f52995cbc49;05034459914;16,50;cabify_recarga_normal_2018_07_12_input.csv;True;5017572;{"debitId":18194266,"creditId":18194269};13/07/2018 10:30:55
br_curitiba;68fb651cc73fcffc024fc5471044d8cd;09001908926;111,95;cabify_recarga_normal_2018_07_12_input.csv;True;5017506;{"debitId":18194309,"creditId":18194310};13/07/2018 10:30:55
br_curitiba;03f3c16bf9536e012fe05a81b5efc812;08787799901;15,00;cabify_recarga_normal_2018_07_12_input.csv;True;4791186;{"debitId":18194233,"creditId":18194235};13/07/2018 10:30:55
br_curitiba;fd9fc72e5801d579449bd9b12d58d513;31879250144;116,42;cabify_recarga_normal_2018_07_12_input.csv;True;4791303;{"debitId":18194115,"creditId":18194118};13/07/2018 10:30:55
br_curitiba;2aeeeed5c8e0e9eacb195bffbb951032;06011878903;38,22;cabify_recarga_normal_2018_07_12_input.csv;True;5017611;{"debitId":18194134,"creditId":18194137};13/07/2018 10:30:55
br_curitiba;fd9fc72e5801d579449bd9b12d5b34fd;04692434902;20,11;cabify_recarga_normal_2018_07_12_input.csv;True;5017631;{"debitId":18194242,"creditId":18194243};13/07/2018 10:30:55
br_curitiba;47e22bf4e97295e9bb96cd927b75debe;05761308428;40,99;cabify_recarga_normal_2018_07_12_input.csv;True;5017716;{"debitId":18194125,"creditId":18194126};13/07/2018 10:30:55
br_curitiba;d5e7298451503f17896cb896a15fb397;03536761950;625,74;cabify_recarga_normal_2018_07_12_input.csv;True;5017540;{"debitId":18194294,"creditId":18194296};13/07/2018 10:30:55
br_curitiba;f57eaddd92f1ec6b38302ddd6378ef62;05334784802;74,64;cabify_recarga_normal_2018_07_12_input.csv;True;4791218;{"debitId":18194148,"creditId":18194155};13/07/2018 10:30:55
br_curitiba;6417bb411e17f7879df09d0e0295c7cd;09367714459;71,92;cabify_recarga_normal_2018_07_12_input.csv;True;4791214;{"debitId":18194131,"creditId":18194132};13/07/2018 10:30:55
br_curitiba;2bfe5fe24da51ce2b32598a9a4458933;20510564801;124,58;cabify_recarga_normal_2018_07_12_input.csv;True;5017545;{"debitId":18194329,"creditId":18194332};13/07/2018 10:30:55
br_curitiba;84d6ef3bce9a5c31516cacbfe27115f2;72487445904;22,01;cabify_recarga_normal_2018_07_12_input.csv;True;5017480;{"debitId":18194073,"creditId":18194074};13/07/2018 10:30:55
br_curitiba;ab849226bc0f90e82f220ab8868a98f6;96001470863;37,83;cabify_recarga_normal_2018_07_12_input.csv;True;4791133;{"debitId":18193998,"creditId":18194002};13/07/2018 10:30:55
br_curitiba;03f3c16bf9536e012fe05a81b5ef0a55;51929589972;30,00;cabify_recarga_normal_2018_07_12_input.csv;True;4791225;{"debitId":18194238,"creditId":18194239};13/07/2018 10:30:55
br_curitiba;1fbb9b31e029437feb46193a52ff6cc9;67220592949;19,05;cabify_recarga_normal_2018_07_12_input.csv;True;5017513;{"debitId":18194140,"creditId":18194141};13/07/2018 10:30:55
br_curitiba;98817f59c5db894c9e7b16aac041b1f6;05800574960;21,48;cabify_recarga_normal_2018_07_12_input.csv;True;4791160;{"debitId":18194145,"creditId":18194147};13/07/2018 10:30:55
br_santos;33072f67030ec131117b07586cdbe4f7;39261578870;23,82;cabify_recarga_normal_2018_07_12_input.csv;True;4815791;{"debitId":18194069,"creditId":18194070};13/07/2018 10:30:55
br_curitiba;cedc359fc092b03aaf937e7bf493d4f5;00585625913;8,44;cabify_recarga_normal_2018_07_12_input.csv;True;4791135;{"debitId":18194127,"creditId":18194128};13/07/2018 10:30:55
br_curitiba;47ab26f394675157542bd72422512514;05043510609;5,84;cabify_recarga_normal_2018_07_12_input.csv;True;4791200;{"debitId":18194010,"creditId":18194011};13/07/2018 10:30:55
br_curitiba;a33524db6ef6770f37da9eacbf25e467;08061515792;14,28;cabify_recarga_normal_2018_07_12_input.csv;True;5017569;{"debitId":18194107,"creditId":18194110};13/07/2018 10:30:55
br_santos;d0144a467eaa30a5bd8505ac42258f8f;32543729801;25,39;cabify_recarga_normal_2018_07_12_input.csv;True;4815789;{"debitId":18194084,"creditId":18194087};13/07/2018 10:30:55
br_curitiba;3487c6f2752e75dad7ba57febacd7af1;10320390780;6,27;cabify_recarga_normal_2018_07_12_input.csv;True;4791326;{"debitId":18194213,"creditId":18194214};13/07/2018 10:30:55
br_curitiba;157b42f3a1a488aec4798fcddabba0d1;01856795950;16,98;cabify_recarga_normal_2018_07_12_input.csv;True;5017669;{"debitId":18194123,"creditId":18194124};13/07/2018 10:30:55
br_curitiba;55ba90367e2ce84359582e5f591d5f20;64039412915;15,00;cabify_recarga_normal_2018_07_12_input.csv;True;4791323;{"debitId":18194169,"creditId":18194171};13/07/2018 10:30:55
br_curitiba;6417bb411e17f7879df09d0e029d04d3;73917443953;44,00;cabify_recarga_normal_2018_07_12_input.csv;True;4791173;{"debitId":18194207,"creditId":18194210};13/07/2018 10:30:55
br_curitiba;32addf2922229e9c62341796bc9bdcbf;01819661580;52,18;cabify_recarga_normal_2018_07_12_input.csv;True;5017619;{"debitId":18194156,"creditId":18194157};13/07/2018 10:30:55
br_curitiba;55ba90367e2ce84359582e5f592616c0;00196595207;9,41;cabify_recarga_normal_2018_07_12_input.csv;True;4791292;{"debitId":18194250,"creditId":18194253};13/07/2018 10:30:55
br_curitiba;593b161f70cb1e9e6990e9cacc5a5761;02387942965;8,83;cabify_recarga_normal_2018_07_12_input.csv;True;4791188;{"debitId":18194248,"creditId":18194249};13/07/2018 10:30:55
br_curitiba;620f03528cbb5f061f15d5d1f4426a81;65356144920;586,20;cabify_recarga_normal_2018_07_12_input.csv;True;4791276;{"debitId":18194211,"creditId":18194212};13/07/2018 10:30:55
br_curitiba;c22b81c1bb42ede214d9dd1520d3b9b0;92138020991;10,41;cabify_recarga_normal_2018_07_12_input.csv;True;5017709;{"debitId":18194335,"creditId":18194336};13/07/2018 10:30:55
br_curitiba;1fbb9b31e029437feb46193a52ffa212;54507014972;161,49;cabify_recarga_normal_2018_07_12_input.csv;True;5017492;{"debitId":18194273,"creditId":18194275};13/07/2018 10:30:55
br_curitiba;21bcdda4b7cf9c9c2c002abe9d07fb5b;07866691959;28,60;cabify_recarga_normal_2018_07_12_input.csv;True;5017714;{"debitId":18194111,"creditId":18194112};13/07/2018 10:30:55
br_curitiba;2bfe5fe24da51ce2b32598a9a445a77d;72481668987;221,11;cabify_recarga_normal_2018_07_12_input.csv;True;5017542;{"debitId":18194325,"creditId":18194326};13/07/2018 10:30:55
br_curitiba;9c44238e231a5358eb2f22b108099f78;03013893907;22,00;cabify_recarga_normal_2018_07_12_input.csv;True;5017483;{"debitId":18194088,"creditId":18194089};13/07/2018 10:30:55
br_curitiba;d5e7298451503f17896cb896a15fc95b;02145786902;29,02;cabify_recarga_normal_2018_07_12_input.csv;True;5017543;{"debitId":18194327,"creditId":18194328};13/07/2018 10:30:55
br_curitiba;47e22bf4e97295e9bb96cd927b7ca450;08359378606;29,63;cabify_recarga_normal_2018_07_12_input.csv;True;5017526;{"debitId":18194199,"creditId":18194204};13/07/2018 10:30:55
br_curitiba;d5e7298451503f17896cb896a15f9c29;03382017938;23,82;cabify_recarga_normal_2018_07_12_input.csv;True;5017538;{"debitId":18194244,"creditId":18194245};13/07/2018 10:30:55
br_curitiba;84d6ef3bce9a5c31516cacbfe2efbda1;03006810970;15,67;cabify_recarga_normal_2018_07_12_input.csv;True;5017505;{"debitId":18194301,"creditId":18194304};13/07/2018 10:30:55
br_curitiba;21bcdda4b7cf9c9c2c002abe9d099ca3;02954977930;1098,71;cabify_recarga_normal_2018_07_12_input.csv;True;5017522;{"debitId":18194178,"creditId":18194179};13/07/2018 10:30:55
br_curitiba;cedc359fc092b03aaf937e7bf48e32d3;03053018969;92,00;cabify_recarga_normal_2018_07_12_input.csv;True;4791257;{"debitId":18194142,"creditId":18194143};13/07/2018 10:30:55
br_curitiba;f57eaddd92f1ec6b38302ddd63825a9f;92196187968;53,16;cabify_recarga_normal_2018_07_12_input.csv;True;4791217;{"debitId":18194050,"creditId":18194051};13/07/2018 10:30:55
br_curitiba;0a0377a438eacec36b2268896fc52b5c;06355274995;11,89;cabify_recarga_normal_2018_07_12_input.csv;True;5017633;{"debitId":18194258,"creditId":18194259};13/07/2018 10:30:55
br_curitiba;84d6ef3bce9a5c31516cacbfe2709cad;06839838900;20,98;cabify_recarga_normal_2018_07_12_input.csv;True;5017472;{"debitId":18194193,"creditId":18194194};13/07/2018 10:30:55
br_curitiba;181d5f4f84e37fcd3e35bbbd70b3b89e;68678029900;6,76;cabify_recarga_normal_2018_07_12_input.csv;True;5017665;{"debitId":18194100,"creditId":18194101};13/07/2018 10:30:55
br_curitiba;55ba90367e2ce84359582e5f5918562e;06253080938;14,68;cabify_recarga_normal_2018_07_12_input.csv;True;4791266;{"debitId":18194165,"creditId":18194166};13/07/2018 10:30:55
br_curitiba;3487c6f2752e75dad7ba57febac99ef8;02259792928;12,16;cabify_recarga_normal_2018_07_12_input.csv;True;4791318;{"debitId":18194016,"creditId":18194017};13/07/2018 10:30:55
br_curitiba;9c44238e231a5358eb2f22b1080bf12b;04172556914;17,08;cabify_recarga_normal_2018_07_12_input.csv;True;5017487;{"debitId":18194094,"creditId":18194095};13/07/2018 10:30:55
br_curitiba;181d5f4f84e37fcd3e35bbbd70acfcb9;98790889134;77,10;cabify_recarga_normal_2018_07_12_input.csv;False;;Cartao nao encontrado;13/07/2018 10:30:55
br_curitiba;68fb651cc73fcffc024fc547104526cb;07643013900;22,00;cabify_recarga_normal_2018_07_12_input.csv;True;5017478;{"debitId":18194218,"creditId":18194221};13/07/2018 10:30:55
br_curitiba;266d20595b5c6cec09abb8f97004cd26;18555837987;458,18;cabify_recarga_normal_2018_07_12_input.csv;True;4791168;{"debitId":18194180,"creditId":18194181};13/07/2018 10:30:55
br_curitiba;fd9fc72e5801d579449bd9b12d60b62f;04465980973;22,00;cabify_recarga_normal_2018_07_12_input.csv;True;5017698;{"debitId":18194262,"creditId":18194263};13/07/2018 10:30:55
br_curitiba;a33524db6ef6770f37da9eacbf26c440;84188464968;55,66;cabify_recarga_normal_2018_07_12_input.csv;True;5017555;{"debitId":18194339,"creditId":18194340};13/07/2018 10:30:55
br_curitiba;a33524db6ef6770f37da9eacbf28d799;06436236988;51,12;cabify_recarga_normal_2018_07_12_input.csv;True;5017541;{"debitId":18194321,"creditId":18194322};13/07/2018 10:30:55
br_curitiba;3487c6f2752e75dad7ba57febabf9566;04394791936;17,02;cabify_recarga_normal_2018_07_12_input.csv;True;4791329;{"debitId":18194256,"creditId":18194257};13/07/2018 10:30:55
br_curitiba;8225b11ef148606cb26f12ad6e6fbc8e;63217686934;15,72;cabify_recarga_normal_2018_07_12_input.csv;True;4791255;{"debitId":18194039,"creditId":18194040};13/07/2018 10:30:55
br_curitiba;ca02e22be856d4ef5890c8054c486d99;07743434940;398,61;cabify_recarga_normal_2018_07_12_input.csv;True;4791182;{"debitId":18194230,"creditId":18194231};13/07/2018 10:30:55
br_curitiba;47e22bf4e97295e9bb96cd927b7fe620;06408448984;12,66;cabify_recarga_normal_2018_07_12_input.csv;True;5017448;{"debitId":18194121,"creditId":18194122};13/07/2018 10:30:55
br_curitiba;752844faffa4a6d899f82c3a29b846de;02431214907;5,56;cabify_recarga_normal_2018_07_12_input.csv;True;5017601;{"debitId":18194090,"creditId":18194093};13/07/2018 10:30:55
br_curitiba;157b42f3a1a488aec4798fcddabb657f;18592520959;51,63;cabify_recarga_normal_2018_07_12_input.csv;True;5017658;{"debitId":18194279,"creditId":18194284};13/07/2018 10:30:55
br_curitiba;d5e7298451503f17896cb896a160435f;02582701955;109,86;cabify_recarga_normal_2018_07_12_input.csv;True;5017537;{"debitId":18194224,"creditId":18194225};13/07/2018 10:30:55
br_curitiba;cbff527cfc639055cbf59ab3e6fd16c0;44236042134;17,06;cabify_recarga_normal_2018_07_12_input.csv;True;5017574;{"debitId":18194270,"creditId":18194271};13/07/2018 10:30:55
br_curitiba;cedc359fc092b03aaf937e7bf499c5ed;04252116902;69,80;cabify_recarga_normal_2018_07_12_input.csv;True;4791324;{"debitId":18194191,"creditId":18194192};13/07/2018 10:30:55
br_curitiba;9c44238e231a5358eb2f22b10809cc56;05197158611;107,88;cabify_recarga_normal_2018_07_12_input.csv;True;5017471;{"debitId":18194176,"creditId":18194177};13/07/2018 10:30:55
br_curitiba;84d6ef3bce9a5c31516cacbfe2705633;25346172904;214,06;cabify_recarga_normal_2018_07_12_input.csv;True;5017489;{"debitId":18194102,"creditId":18194103};13/07/2018 10:30:55
br_curitiba;7344c1db5770b2aae296b442033476c8;20095384987;59,22;cabify_recarga_normal_2018_07_12_input.csv;True;4791161;{"debitId":18194160,"creditId":18194162};13/07/2018 10:30:55
br_curitiba;6a5e670bff4573ea42a23f52995cc99f;03084494959;88,44;cabify_recarga_normal_2018_07_12_input.csv;True;5017567;{"debitId":18194096,"creditId":18194097};13/07/2018 10:30:55
br_curitiba;98cf25d4e6cddba26ced4c38bbc8e099;93487797968;4,50;cabify_recarga_normal_2018_07_12_input.csv;True;4791148;{"debitId":18194014,"creditId":18194015};13/07/2018 10:30:55
