Region ID;Company ID;Driver National Id Num;Cost Local
br_curitiba;32addf2922229e9c62341796bc99e306;01162133961;69,53
br_curitiba;6b59627fccefb7105789913a2b00977b;99377055920;78,22
br_curitiba;55ba90367e2ce84359582e5f5918562e;06253080938;57,16
br_curitiba;be16f29316434c859267a5ea19da7d02;00954432908;31,67
br_curitiba;7a6ad84fef9b6882dbf11bf0c22b4233;04692434902;54,21
br_curitiba;9d402f97712ea702d8f4d61188e1d0c9;05361579955;55,37
br_curitiba;0a0377a438eacec36b2268896fc52b5c;06355274995;179,23
br_curitiba;2aeeeed5c8e0e9eacb195bffbb951032;06011878903;230,32
br_curitiba;029f56a65279f3ac6fdaf35914c4b7ab;06200623988;58,39
br_curitiba;32addf2922229e9c62341796bc9bdcbf;01819661580;66,77
br_curitiba;32addf2922229e9c62341796bc9aa934;92480128091;12,05
br_curitiba;9368f2714f841805526699ae02ad4174;09456279987;15,05
br_curitiba;0dfa2c0ab490e3df35c81b6086af4bae;07568201970;9,62
br_curitiba;0a0377a438eacec36b2268896fc56486;18462469899;45,26
br_curitiba;76e5edff417c5870d713d499a81e7379;06458386915;111,24
br_curitiba;76e5edff417c5870d713d499a81fc5de;02299958967;5,08
br_curitiba;157b42f3a1a488aec4798fcddabb657f;18592520959;34,59
br_curitiba;8972bf524524ed897c87e28a0fead5b6;04771245932;28,26
br_curitiba;157b42f3a1a488aec4798fcddabba0d1;01856795950;69,41
br_curitiba;c22b81c1bb42ede214d9dd1520d3b9b0;92138020991;4,88
br_curitiba;35fd1d6de4280ed53ea93ddb078870ab;05026053912;83,40
br_curitiba;55ba90367e2ce84359582e5f590c56b9;06140681936;5,52
br_curitiba;61ddff4845adcba9473a0894b47eab40;79248098991;20,44
br_curitiba;752844faffa4a6d899f82c3a29ac22de;08654904739;14,90
br_curitiba;fd9fc72e5801d579449bd9b12d60b62f;04465980973;27,40
br_curitiba;0c64e3d0dceec9ed5ff4869d1780ec6d;09530824904;25,69
br_curitiba;a94ebedee3b45c4297d121e8c30eb713;46863974991;12,74
br_curitiba;7344c1db5770b2aae296b4420331589e;03526584958;42,67
br_curitiba;a41d8afe439b0c733cec59893f0998e2;29571484806;56,65
br_curitiba;7344c1db5770b2aae296b442032e76e5;45609217920;20,81
br_curitiba;181d5f4f84e37fcd3e35bbbd70b3b89e;68678029900;35,31
br_curitiba;7344c1db5770b2aae296b442032cc5d4;85869562953;16,51
br_curitiba;98cf25d4e6cddba26ced4c38bbce08bd;01177261685;9,66
br_curitiba;47ab26f394675157542bd72422512514;05043510609;33,88
br_curitiba;3487c6f2752e75dad7ba57febabf9566;04394791936;128,64
br_curitiba;ca02e22be856d4ef5890c8054c409a35;08129341484;15,00
br_curitiba;3487c6f2752e75dad7ba57febac99ef8;02259792928;68,70
br_curitiba;3487c6f2752e75dad7ba57febacd7af1;10320390780;71,93
br_curitiba;be16f29316434c859267a5ea19dd01d6;37429051987;208,41
br_curitiba;ede35a5fe779f74676b4e95ef757f0ee;16853392809;16,11
br_curitiba;2358ead189555a1e5907e36507047ab0;99547368915;68,71
br_curitiba;cedc359fc092b03aaf937e7bf4928178;44409770900;8,74
br_curitiba;f57eaddd92f1ec6b38302ddd6378ef62;05334784802;108,32
br_curitiba;3487c6f2752e75dad7ba57febacad8b3;03075936146;4,88
br_curitiba;55ba90367e2ce84359582e5f591c4a12;82527849920;49,67
br_curitiba;fef9eafedd4d7077865fa38ad2c13e14;63868814949;99,41
br_curitiba;266d20595b5c6cec09abb8f97004cd26;18555837987;380,04
br_curitiba;1c28bdc0c88c69ff36c17d6efc71ad72;05048430603;19,68
br_curitiba;1c28bdc0c88c69ff36c17d6efc7bf55d;99924773187;44,51
br_curitiba;752844faffa4a6d899f82c3a29b960b5;16264311839;57,92
br_curitiba;ab849226bc0f90e82f220ab8868a20c4;05122788650;39,28
br_curitiba;593b161f70cb1e9e6990e9cacc5a5761;02387942965;20,69
br_curitiba;916fca93e77945b29cef8bdd02bc22ef;40522377904;558,03
br_curitiba;6417bb411e17f7879df09d0e02998da5;02989308970;15,00
br_curitiba;3487c6f2752e75dad7ba57febac32a2f;03701126879;92,47
br_curitiba;76e5edff417c5870d713d499a820fcb8;51906953953;9,88
br_curitiba;be16f29316434c859267a5ea19e0a013;05494933954;54,41
br_curitiba;14a6c0e789c5ef0ee410e49bed1715ca;05503600932;16,73
br_curitiba;1c28bdc0c88c69ff36c17d6efc6e1f40;31879250144;249,63
br_curitiba;7344c1db5770b2aae296b442033476c8;20095384987;20,35
br_curitiba;3487c6f2752e75dad7ba57febac3e0e7;55295452972;17,84
br_curitiba;76e5edff417c5870d713d499a8db5940;87246104968;15,45
br_curitiba;752844faffa4a6d899f82c3a29b04d45;42102171825;106,88
br_curitiba;620f03528cbb5f061f15d5d1f4426a81;65356144920;1095,24
br_curitiba;6417bb411e17f7879df09d0e029d04d3;73917443953;29,56
br_curitiba;ca02e22be856d4ef5890c8054c486d99;07743434940;454,82
br_curitiba;a04a257a84d488c56fa7ea030816ef75;76387020425;46,11
br_curitiba;14a6c0e789c5ef0ee410e49bed198876;06662076902;36,01
br_curitiba;752844faffa4a6d899f82c3a29c2b6a9;08528379922;17,06
br_curitiba;8225b11ef148606cb26f12ad6e6ef5ee;05312504823;51,22
br_curitiba;af22938f4d8fcac7590cdbd0022637ef;63931052915;12,18
br_curitiba;8225b11ef148606cb26f12ad6e6fbc8e;63217686934;145,27
br_curitiba;ca02e22be856d4ef5890c8054c44e715;03878461909;7,63
br_curitiba;0c64e3d0dceec9ed5ff4869d177c22fb;02896669965;20,57
br_santos;d0144a467eaa30a5bd8505ac42258f8f;32543729801;24,48
br_curitiba;094e8a16bb30f99a57098905f84ec51c;58070486953;13,46
br_curitiba;7344c1db5770b2aae296b4420333a07b;10093861907;614,49
br_curitiba;7c46f6ab874adb2c9628c733a1c04836;02439554995;49,14
br_curitiba;2b40c3e8ccc85443a2470fc31d2baef5;06487182982;20,49
br_curitiba;2da841c387c59e98a7e66d8131f7e6ec;87212455920;178,61
