RegionID;CompanyID;DriverNationalIdNum;CostLocal
br_curitiba;98cf25d4e6cddba26ced4c38bbc8e099;93487797968; 4,50 
br_curitiba;752844faffa4a6d899f82c3a29b846de;02431214907; 5,56 
br_curitiba;47ab26f394675157542bd72422512514;05043510609; 5,84 
br_curitiba;3487c6f2752e75dad7ba57febacd7af1;10320390780; 6,27 
br_curitiba;181d5f4f84e37fcd3e35bbbd70b3b89e;68678029900; 6,76 
br_curitiba;cedc359fc092b03aaf937e7bf493d4f5;00585625913; 8,44 
br_curitiba;593b161f70cb1e9e6990e9cacc5a5761;02387942965; 8,83 
br_curitiba;55ba90367e2ce84359582e5f592616c0;00196595207; 9,41 
br_curitiba;c22b81c1bb42ede214d9dd1520d3b9b0;92138020991; 10,41 
br_curitiba;47e22bf4e97295e9bb96cd927b782c96;98048600900; 11,44 
br_curitiba;0a0377a438eacec36b2268896fc52b5c;06355274995; 11,89 
br_curitiba;3487c6f2752e75dad7ba57febac99ef8;02259792928; 12,16 
br_curitiba;47e22bf4e97295e9bb96cd927b7fe620;06408448984; 12,66 
br_curitiba;a33524db6ef6770f37da9eacbf25e467;08061515792; 14,28 
br_curitiba;55ba90367e2ce84359582e5f5918562e;06253080938; 14,68 
br_curitiba;03f3c16bf9536e012fe05a81b5efc812;08787799901; 15,00 
br_curitiba;55ba90367e2ce84359582e5f591d5f20;64039412915; 15,00 
br_curitiba;84d6ef3bce9a5c31516cacbfe2efbda1;03006810970; 15,67 
br_curitiba;8225b11ef148606cb26f12ad6e6fbc8e;63217686934; 15,72 
br_curitiba;6a5e670bff4573ea42a23f52995cbc49;05034459914; 16,50 
br_curitiba;157b42f3a1a488aec4798fcddabba0d1;01856795950; 16,98 
br_curitiba;3487c6f2752e75dad7ba57febabf9566;04394791936; 17,02 
br_curitiba;cbff527cfc639055cbf59ab3e6fd16c0;44236042134; 17,06 
br_curitiba;9c44238e231a5358eb2f22b1080bf12b;04172556914; 17,08 
br_curitiba;1fbb9b31e029437feb46193a52ff6cc9;67220592949; 19,05 
br_curitiba;fd9fc72e5801d579449bd9b12d5b34fd;04692434902; 20,11 
br_curitiba;84d6ef3bce9a5c31516cacbfe2709cad;06839838900; 20,98 
br_curitiba;98817f59c5db894c9e7b16aac041b1f6;05800574960; 21,48 
br_curitiba;9c44238e231a5358eb2f22b108099f78;03013893907; 22,00 
br_curitiba;fd9fc72e5801d579449bd9b12d60b62f;04465980973; 22,00 
br_curitiba;68fb651cc73fcffc024fc547104526cb;07643013900; 22,00 
br_curitiba;84d6ef3bce9a5c31516cacbfe27115f2;72487445904; 22,01 
br_santos;33072f67030ec131117b07586cdbe4f7;39261578870; 23,82 
br_curitiba;d5e7298451503f17896cb896a15f9c29;03382017938; 23,82 
br_santos;d0144a467eaa30a5bd8505ac42258f8f;32543729801; 25,39 
br_curitiba;21bcdda4b7cf9c9c2c002abe9d07fb5b;07866691959; 28,60 
br_curitiba;d5e7298451503f17896cb896a15fc95b;02145786902; 29,02 
br_curitiba;47e22bf4e97295e9bb96cd927b7ca450;08359378606; 29,63 
br_curitiba;03f3c16bf9536e012fe05a81b5ef0a55;51929589972; 30,00 
br_curitiba;32addf2922229e9c62341796bc99e306;01162133961; 30,92 
br_curitiba;cfc6380324277bf7268f0f2e8f3fb6e5;05028039917; 37,60 
br_curitiba;ab849226bc0f90e82f220ab8868a98f6;96001470863; 37,83 
br_curitiba;2aeeeed5c8e0e9eacb195bffbb951032;06011878903; 38,22 
br_curitiba;47e22bf4e97295e9bb96cd927b75debe;05761308428; 40,99 
br_curitiba;6417bb411e17f7879df09d0e029d04d3;73917443953; 44,00 
br_curitiba;a33524db6ef6770f37da9eacbf28d799;06436236988; 51,12 
br_curitiba;157b42f3a1a488aec4798fcddabb657f;18592520959; 51,63 
br_curitiba;32addf2922229e9c62341796bc9bdcbf;01819661580; 52,18 
br_curitiba;f57eaddd92f1ec6b38302ddd63825a9f;92196187968; 53,16 
br_curitiba;a33524db6ef6770f37da9eacbf26c440;84188464968; 55,66 
br_curitiba;7344c1db5770b2aae296b442033476c8;20095384987; 59,22 
br_curitiba;cedc359fc092b03aaf937e7bf499c5ed;04252116902; 69,80 
br_curitiba;6417bb411e17f7879df09d0e0295c7cd;09367714459; 71,92 
br_curitiba;f57eaddd92f1ec6b38302ddd6378ef62;05334784802; 74,64 
br_curitiba;181d5f4f84e37fcd3e35bbbd70acfcb9;98790889134; 77,10 
br_curitiba;98cf25d4e6cddba26ced4c38bbce08bd;01177261685; 80,70 
br_curitiba;6a5e670bff4573ea42a23f52995cc99f;03084494959; 88,44 
br_curitiba;cedc359fc092b03aaf937e7bf48e32d3;03053018969; 92,00 
br_curitiba;9c44238e231a5358eb2f22b10809cc56;05197158611; 107,88 
br_curitiba;d5e7298451503f17896cb896a160435f;02582701955; 109,86 
br_curitiba;68fb651cc73fcffc024fc5471044d8cd;09001908926; 111,95 
br_curitiba;fd9fc72e5801d579449bd9b12d58d513;31879250144; 116,42 
br_curitiba;2bfe5fe24da51ce2b32598a9a4458933;20510564801; 124,58 
br_curitiba;1fbb9b31e029437feb46193a52ffa212;54507014972; 161,49 
br_curitiba;84d6ef3bce9a5c31516cacbfe2705633;25346172904; 214,06 
br_curitiba;2bfe5fe24da51ce2b32598a9a445a77d;72481668987; 221,11 
br_curitiba;ca02e22be856d4ef5890c8054c486d99;07743434940; 398,61 
br_curitiba;266d20595b5c6cec09abb8f97004cd26;18555837987; 458,18 
br_curitiba;620f03528cbb5f061f15d5d1f4426a81;65356144920; 586,20 
br_curitiba;d5e7298451503f17896cb896a15fb397;03536761950; 625,74 
br_curitiba;21bcdda4b7cf9c9c2c002abe9d099ca3;02954977930; 1098,71 
