IdCliente;NomeArquivo;CardId;Cpf;DescricaoProcessamento;Recharge;VlRecarga;DataRecarga
1;cabify_recarga_normal_2018-06-11_input.csv;4791276;65356144920;{"debitId":14783473,"creditId":14783474};True;141,80;11/06/2018 17:42:51
1;cabify_recarga_normal_2018-06-11_input.csv;4791281;37429051987;{"debitId":14783512,"creditId":14783516};True;39,42;11/06/2018 17:42:51
1;cabify_recarga_normal_2018-06-11_input.csv;5017651;87246104968;{"debitId":14783578,"creditId":14783581};True;100,12;11/06/2018 17:42:51
1;cabify_recarga_normal_2018-06-11_input.csv;5017610;06200623988;{"debitId":14783350,"creditId":14783351};True;23,88;11/06/2018 17:42:51
1;cabify_recarga_normal_2018-06-11_input.csv;4791254;05312504823;{"debitId":14783226,"creditId":14783231};True;55,11;11/06/2018 17:42:51
1;cabify_recarga_normal_2018-06-11_input.csv;5017669;01856795950;{"debitId":14783731,"creditId":14783740};True;62,94;11/06/2018 17:42:51
1;cabify_recarga_normal_2018-06-11_input.csv;5017631;04692434902;{"debitId":14783502,"creditId":14783503};True;11,88;11/06/2018 17:42:51
1;cabify_recarga_normal_2018-06-11_input.csv;4791264;35517581900;{"debitId":14783123,"creditId":14783124};True;87,92;11/06/2018 17:42:51
1;cabify_recarga_normal_2018-06-11_input.csv;4791238;05503600932;{"debitId":14783386,"creditId":14783387};True;54,17;11/06/2018 17:42:51
1;cabify_recarga_normal_2018-06-11_input.csv;4791318;02259792928;{"debitId":14783475,"creditId":14783477};True;34,85;11/06/2018 17:42:51
1;cabify_recarga_normal_2018-06-11_input.csv;5017673;02299958967;{"debitId":14783757,"creditId":14783758};True;31,67;11/06/2018 17:42:51
1;cabify_recarga_normal_2018-06-11_input.csv;4791142;02132891990;{"debitId":14783418,"creditId":14783419};True;197,86;11/06/2018 17:42:51
1;cabify_recarga_normal_2018-06-11_input.csv;4791214;09367714459;{"debitId":14783390,"creditId":14783391};True;258,02;11/06/2018 17:42:51
1;cabify_recarga_normal_2018-06-11_input.csv;4791215;01312270683;{"debitId":14783460,"creditId":14783461};True;94,44;11/06/2018 17:42:51
1;cabify_recarga_normal_2018-06-11_input.csv;5017694;02470282900;{"debitId":14783764,"creditId":14783766};True;84,20;11/06/2018 17:42:51
1;cabify_recarga_normal_2018-06-11_input.csv;5017648;99634520944;{"debitId":14783556,"creditId":14783557};True;34,62;11/06/2018 17:42:51
1;cabify_recarga_normal_2018-06-11_input.csv;5017695;08654904739;{"debitId":14783768,"creditId":14783772};True;47,27;11/06/2018 17:42:51
1;cabify_recarga_normal_2018-06-11_input.csv;4791220;00752175971;{"debitId":14783601,"creditId":14783604};True;90,61;11/06/2018 17:42:51
1;cabify_recarga_normal_2018-06-11_input.csv;4791148;93487797968;{"debitId":14783489,"creditId":14783490};True;52,32;11/06/2018 17:42:51
1;cabify_recarga_normal_2018-06-11_input.csv;4791303;31879250144;{"debitId":14783596,"creditId":14783599};True;204,87;11/06/2018 17:42:51
1;cabify_recarga_normal_2018-06-11_input.csv;5017633;06355274995;{"debitId":14783524,"creditId":14783525};True;141,83;11/06/2018 17:42:51
1;cabify_recarga_normal_2018-06-11_input.csv;4791232;03595860900;{"debitId":14783338,"creditId":14783340};True;9,09;11/06/2018 17:42:51
1;cabify_recarga_normal_2018-06-11_input.csv;4791207;02989308970;{"debitId":14783619,"creditId":14783620};True;53,11;11/06/2018 17:42:51
1;cabify_recarga_normal_2018-06-11_input.csv;5017654;04771245932;{"debitId":14783628,"creditId":14783632};True;111,52;11/06/2018 17:42:51
1;cabify_recarga_normal_2018-06-11_input.csv;5017624;01788845960;{"debitId":14783463,"creditId":14783464};True;0,00;11/06/2018 17:42:51
1;cabify_recarga_normal_2018-06-11_input.csv;4791258;59956720968;{"debitId":14783510,"creditId":14783511};True;36,25;11/06/2018 17:42:51
1;cabify_recarga_normal_2018-06-11_input.csv;4815791;39261578870;{"debitId":14783658,"creditId":14783659};True;156,30;11/06/2018 17:42:51
1;cabify_recarga_normal_2018-06-11_input.csv;5017423;03103947917;{"debitId":14783681,"creditId":14783682};True;16,96;11/06/2018 17:42:51
1;cabify_recarga_normal_2018-06-11_input.csv;5017609;45693951987;{"debitId":14783330,"creditId":14783331};True;69,87;11/06/2018 17:42:51
1;cabify_recarga_normal_2018-06-11_input.csv;4791134;01177261685;{"debitId":14783355,"creditId":14783358};True;165,80;11/06/2018 17:42:51
1;cabify_recarga_normal_2018-06-11_input.csv;4791131;44409770900;{"debitId":14783131,"creditId":14783132};True;40,81;11/06/2018 17:42:51
1;cabify_recarga_normal_2018-06-11_input.csv;4791267;42102171825;{"debitId":14783388,"creditId":14783389};True;44,01;11/06/2018 17:42:51
1;cabify_recarga_normal_2018-06-11_input.csv;4791188;02387942965;{"debitId":14783558,"creditId":14783559};True;45,79;11/06/2018 17:42:51
1;cabify_recarga_normal_2018-06-11_input.csv;4791308;29571484806;{"debitId":14783325,"creditId":14783327};True;36,79;11/06/2018 17:42:51
1;cabify_recarga_normal_2018-06-11_input.csv;5017427;04146355907;{"debitId":14783685,"creditId":14783688};True;0,00;11/06/2018 17:42:51
1;cabify_recarga_normal_2018-06-11_input.csv;4791168;18555837987;{"debitId":14783454,"creditId":14783458};True;589,47;11/06/2018 17:42:51
1;cabify_recarga_normal_2018-06-11_input.csv;4791166;76387020425;{"debitId":14783362,"creditId":14783365};True;20,41;11/06/2018 17:42:51
1;cabify_recarga_normal_2018-06-11_input.csv;5017611;06011878903;{"debitId":14783377,"creditId":14783378};True;202,15;11/06/2018 17:42:51
1;cabify_recarga_normal_2018-06-11_input.csv;5017608;09456279987;{"debitId":14783315,"creditId":14783316};True;46,92;11/06/2018 17:42:51
1;cabify_recarga_normal_2018-06-11_input.csv;4791230;16264311839;{"debitId":14783318,"creditId":14783319};True;36,27;11/06/2018 17:42:51
1;cabify_recarga_normal_2018-06-11_input.csv;4791294;03526584958;{"debitId":14783566,"creditId":14783568};True;9,49;11/06/2018 17:42:51
1;cabify_recarga_normal_2018-06-11_input.csv;5017600;06662076902;{"debitId":14783703,"creditId":14783704};True;54,72;11/06/2018 17:42:51
1;cabify_recarga_normal_2018-06-11_input.csv;5017622;04416436980;{"debitId":14783437,"creditId":14783442};True;59,10;11/06/2018 17:42:51
1;cabify_recarga_normal_2018-06-11_input.csv;4791329;04394791936;{"debitId":14783651,"creditId":14783653};True;184,01;11/06/2018 17:42:51
1;cabify_recarga_normal_2018-06-11_input.csv;4791247;08528379922;{"debitId":14783449,"creditId":14783451};True;5,17;11/06/2018 17:42:51
1;cabify_recarga_normal_2018-06-11_input.csv;5017612;04864036969;{"debitId":14783394,"creditId":14783399};True;28,36;11/06/2018 17:42:51
1;cabify_recarga_normal_2018-06-11_input.csv;4791225;51929589972;{"debitId":14783643,"creditId":14783646};True;16,92;11/06/2018 17:42:51
1;cabify_recarga_normal_2018-06-11_input.csv;4791161;20095384987;{"debitId":14783321,"creditId":14783322};True;41,59;11/06/2018 17:42:51
1;cabify_recarga_normal_2018-06-11_input.csv;4791208;03878461909;{"debitId":14783294,"creditId":14783295};True;9,34;11/06/2018 17:42:51
1;cabify_recarga_normal_2018-06-11_input.csv;4791164;04144370984;{"debitId":14783171,"creditId":14783172};True;0,00;11/06/2018 17:42:51
1;cabify_recarga_normal_2018-06-11_input.csv;5017652;44773773987;{"debitId":14783608,"creditId":14783612};True;4,88;11/06/2018 17:42:51
1;cabify_recarga_normal_2018-06-11_input.csv;4791152;03523854997;{"debitId":14783289,"creditId":14783293};True;154,26;11/06/2018 17:42:51
1;cabify_recarga_normal_2018-06-11_input.csv;4791262;09994091824;{"debitId":14783093,"creditId":14783094};True;17,21;11/06/2018 17:42:51
1;cabify_recarga_normal_2018-06-11_input.csv;5017617;05361579955;{"debitId":14783416,"creditId":14783417};True;15,07;11/06/2018 17:42:51
1;cabify_recarga_normal_2018-06-11_input.csv;4791218;05334784802;{"debitId":14783550,"creditId":14783551};True;221,72;11/06/2018 17:42:51
1;cabify_recarga_normal_2018-06-11_input.csv;5017666;06458386915;{"debitId":14783723,"creditId":14783724};True;301,15;11/06/2018 17:42:51
1;cabify_recarga_normal_2018-06-11_input.csv;5017421;05026053912;{"debitId":14783672,"creditId":14783673};True;85,36;11/06/2018 17:42:51
1;cabify_recarga_normal_2018-06-11_input.csv;4791186;08787799901;{"debitId":14783546,"creditId":14783547};True;148,30;11/06/2018 17:42:51
1;cabify_recarga_normal_2018-06-11_input.csv;4791158;87662329968;{"debitId":14783533,"creditId":14783537};True;8,75;11/06/2018 17:42:51
1;cabify_recarga_normal_2018-06-11_input.csv;4791326;10320390780;{"debitId":14783640,"creditId":14783641};True;50,55;11/06/2018 17:42:51
1;cabify_recarga_normal_2018-06-11_input.csv;4791143;02567304908;{"debitId":14783422,"creditId":14783423};True;32,16;11/06/2018 17:42:51
1;cabify_recarga_normal_2018-06-11_input.csv;4791246;78634300978;{"debitId":14783444,"creditId":14783447};True;76,02;11/06/2018 17:42:51
1;cabify_recarga_normal_2018-06-11_input.csv;4791244;02896669965;{"debitId":14783403,"creditId":14783404};True;10,06;11/06/2018 17:42:51
1;cabify_recarga_normal_2018-06-11_input.csv;4791307;99924773187;{"debitId":14783636,"creditId":14783637};True;23,65;11/06/2018 17:42:51
1;cabify_recarga_normal_2018-06-11_input.csv;4791133;96001470863;{"debitId":14783176,"creditId":14783177};True;217,85;11/06/2018 17:42:51
1;cabify_recarga_normal_2018-06-11_input.csv;4791268;05048430603;{"debitId":14783426,"creditId":14783428};True;87,78;11/06/2018 17:42:51
1;cabify_recarga_normal_2018-06-11_input.csv;4791252;02439554995;{"debitId":14783493,"creditId":14783494};True;6,03;11/06/2018 17:42:51
1;cabify_recarga_normal_2018-06-11_input.csv;4791176;38566311949;{"debitId":14783311,"creditId":14783312};True;75,09;11/06/2018 17:42:51
1;cabify_recarga_normal_2018-06-11_input.csv;5017664;05620524965;{"debitId":14783698,"creditId":14783699};True;12,80;11/06/2018 17:42:51
1;cabify_recarga_normal_2018-06-11_input.csv;4791145;16338366739;{"debitId":14783469,"creditId":14783470};True;72,87;11/06/2018 17:42:51
1;cabify_recarga_normal_2018-06-11_input.csv;5017658;18592520959;{"debitId":14783678,"creditId":14783680};True;107,87;11/06/2018 17:42:51
1;cabify_recarga_normal_2018-06-11_input.csv;4791160;05800574960;{"debitId":14783540,"creditId":14783542};True;72,29;11/06/2018 17:42:51
1;cabify_recarga_normal_2018-06-11_input.csv;4791213;08129341484;{"debitId":14783370,"creditId":14783371};True;220,01;11/06/2018 17:42:51
1;cabify_recarga_normal_2018-06-11_input.csv;4791316;01751959945;{"debitId":14783430,"creditId":14783436};True;124,27;11/06/2018 17:42:51
1;cabify_recarga_normal_2018-06-11_input.csv;4791190;32058900944;{"debitId":14783562,"creditId":14783563};True;182,08;11/06/2018 17:42:51
1;cabify_recarga_normal_2018-06-11_input.csv;5017674;00955919908;{"debitId":14783761,"creditId":14783762};True;35,23;11/06/2018 17:42:51
1;cabify_recarga_normal_2018-06-11_input.csv;4791315;01928629954;{"debitId":14783411,"creditId":14783412};True;26,44;11/06/2018 17:42:51
1;cabify_recarga_normal_2018-06-11_input.csv;4791173;73917443953;{"debitId":14783284,"creditId":14783285};True;48,08;11/06/2018 17:42:51
1;cabify_recarga_normal_2018-06-11_input.csv;4791319;03075936146;{"debitId":14783519,"creditId":14783521};True;32,23;11/06/2018 17:42:51
1;cabify_recarga_normal_2018-06-11_input.csv;4791273;00885528964;{"debitId":14783303,"creditId":14783304};True;7,58;11/06/2018 17:42:51
1;cabify_recarga_normal_2018-06-11_input.csv;4791212;62454692953;{"debitId":14783348,"creditId":14783349};True;41,03;11/06/2018 17:42:51
1;cabify_recarga_normal_2018-06-11_input.csv;4791182;07743434940;{"debitId":14783495,"creditId":14783498};True;1053,06;11/06/2018 17:42:51
1;cabify_recarga_normal_2018-06-11_input.csv;5017706;03650261901;{"debitId":14783313,"creditId":14783314};True;56,03;11/06/2018 17:42:51
1;cabify_recarga_normal_2018-06-11_input.csv;5017607;87212455920;{"debitId":14783706,"creditId":14783711};True;177,20;11/06/2018 17:42:51
1;cabify_recarga_normal_2018-06-11_input.csv;5017630;03557220621;{"debitId":14783481,"creditId":14783485};True;42,90;11/06/2018 17:42:51
1;cabify_recarga_normal_2018-06-11_input.csv;4791205;63931052915;{"debitId":14783617,"creditId":14783618};True;151,45;11/06/2018 17:42:51
1;cabify_recarga_normal_2018-06-11_input.csv;5017671;51906953953;{"debitId":14783751,"creditId":14783752};True;82,02;11/06/2018 17:42:51
1;cabify_recarga_normal_2018-06-11_input.csv;4791269;01162133961;{"debitId":14783219,"creditId":14783220};True;35,81;11/06/2018 17:42:51
1;cabify_recarga_normal_2018-06-11_input.csv;4791129;05122788650;{"debitId":14783336,"creditId":14783337};True;49,19;11/06/2018 17:42:51
1;cabify_recarga_normal_2018-06-11_input.csv;4791266;06253080938;{"debitId":14783342,"creditId":14783343};True;13,58;11/06/2018 17:42:51
1;cabify_recarga_normal_2018-06-11_input.csv;4791237;08267185909;{"debitId":14783381,"creditId":14783383};True;4,88;11/06/2018 17:42:51
1;cabify_recarga_normal_2018-06-11_input.csv;4791217;92196187968;{"debitId":14783499,"creditId":14783500};True;160,81;11/06/2018 17:42:51
1;cabify_recarga_normal_2018-06-11_input.csv;4791299;10093861907;{"debitId":14783591,"creditId":14783592};True;1072,93;11/06/2018 17:42:51
1;cabify_recarga_normal_2018-06-11_input.csv;4791200;05043510609;{"debitId":14783584,"creditId":14783585};True;27,26;11/06/2018 17:42:51
1;cabify_recarga_normal_2018-06-11_input.csv;5017656;01683722906;{"debitId":14783654,"creditId":14783657};True;10,31;11/06/2018 17:42:51
1;cabify_recarga_normal_2018-06-11_input.csv;4791257;03053018969;{"debitId":14783506,"creditId":14783507};True;506,04;11/06/2018 17:42:51
1;cabify_recarga_normal_2018-06-11_input.csv;5017670;04205942990;{"debitId":14783743,"creditId":14783749};True;224,48;11/06/2018 17:42:51
1;cabify_recarga_normal_2018-06-11_input.csv;5017665;68678029900;{"debitId":14783714,"creditId":14783716};True;58,32;11/06/2018 17:42:51
1;cabify_recarga_normal_2018-06-11_input.csv;4791167;46863974991;{"debitId":14783406,"creditId":14783407};True;96,64;11/06/2018 17:42:51
1;cabify_recarga_normal_2018-06-11_input.csv;4791304;16853392809;{"debitId":14783615,"creditId":14783616};True;30,28;11/06/2018 17:42:51
1;cabify_recarga_normal_2018-06-11_input.csv;4791135;00585625913;{"debitId":14783360,"creditId":14783361};True;28,26;11/06/2018 17:42:51
1;cabify_recarga_normal_2018-06-11_input.csv;4815789;32543729801;{"debitId":14783662,"creditId":14783663};True;70,89;11/06/2018 17:42:51
1;cabify_recarga_normal_2018-06-11_input.csv;4791322;03701126879;{"debitId":14783569,"creditId":14783574};True;248,89;11/06/2018 17:42:51
1;cabify_recarga_normal_2018-06-11_input.csv;5017433;99377055920;{"debitId":14783691,"creditId":14783694};True;64,06;11/06/2018 17:42:51
1;cabify_recarga_normal_2018-06-11_input.csv;4791153;45609217920;{"debitId":14783308,"creditId":14783310};True;12,44;11/06/2018 17:42:51
1;cabify_recarga_normal_2018-06-11_input.csv;4791323;64039412915;{"debitId":14783623,"creditId":14783627};True;23,50;11/06/2018 17:42:51
1;cabify_recarga_normal_2018-06-11_input.csv;5017668;05816902903;{"debitId":14783727,"creditId":14783728};True;36,45;11/06/2018 17:42:51
1;cabify_recarga_normal_2018-06-11_input.csv;4791228;87246880968;{"debitId":14783101,"creditId":14783102};True;131,73;11/06/2018 17:42:51
1;cabify_recarga_normal_2018-06-11_input.csv;5017415;00403468973;{"debitId":14783666,"creditId":14783667};True;4,88;11/06/2018 17:42:51
1;cabify_recarga_normal_2018-06-11_input.csv;4791255;63217686934;{"debitId":14783296,"creditId":14783298};True;31,16;11/06/2018 17:42:51
1;cabify_recarga_normal_2018-06-11_input.csv;4791144;55295452972;{"debitId":14783466,"creditId":14783467};True;30,95;11/06/2018 17:42:51
1;cabify_recarga_normal_2018-06-11_input.csv;4791240;85869562953;{"debitId":14783400,"creditId":14783401};True;68,05;11/06/2018 17:42:51
1;cabify_recarga_normal_2018-06-11_input.csv;5017590;40522377904;{"debitId":14783695,"creditId":14783697};True;955,24;11/06/2018 17:42:51
