RegionId;CompanyId;Cpf;VlRecarga;NomeArquivo;Recharge;CardId;DescricaoProcessamento;DataRecarga
br_curitiba;35fd1d6de4280ed53ea93ddb078870ab;05026053912;26,05;cabify_recarga_second_2018_07_09_input.csv;True;5017421;{"debitId":18195546,"creditId":18195547};13/07/2018 10:41:00
br_curitiba;d5f04aeafc4aaa5f0e50c83e89a25938;07680514950;48,55;cabify_recarga_second_2018_07_09_input.csv;True;5017518;{"debitId":18195219,"creditId":18195223};13/07/2018 10:41:00
br_curitiba;a33524db6ef6770f37da9eacbf28d799;06436236988;20,21;cabify_recarga_second_2018_07_09_input.csv;True;5017541;{"debitId":18195526,"creditId":18195529};13/07/2018 10:41:00
br_curitiba;ab849226bc0f90e82f220ab8868a98f6;96001470863;39,99;cabify_recarga_second_2018_07_09_input.csv;True;4791133;{"debitId":18195206,"creditId":18195208};13/07/2018 10:41:00
br_curitiba;752844faffa4a6d899f82c3a29b960b5;16264311839;32,96;cabify_recarga_second_2018_07_09_input.csv;True;4791230;{"debitId":18194976,"creditId":18194977};13/07/2018 10:41:00
br_curitiba;03f3c16bf9536e012fe05a81b5efc812;08787799901;144,33;cabify_recarga_second_2018_07_09_input.csv;True;4791186;{"debitId":18195039,"creditId":18195042};13/07/2018 10:41:00
br_curitiba;0a0377a438eacec36b2268896fc56486;18462469899;58,15;cabify_recarga_second_2018_07_09_input.csv;True;5017667;{"debitId":18195610,"creditId":18195611};13/07/2018 10:41:00
br_curitiba;7344c1db5770b2aae296b442032e76e5;45609217920;13,94;cabify_recarga_second_2018_07_09_input.csv;True;4791153;{"debitId":18195440,"creditId":18195443};13/07/2018 10:41:00
br_curitiba;47e22bf4e97295e9bb96cd927b7f6c93;05186898910;48,52;cabify_recarga_second_2018_07_09_input.csv;True;5017413;{"debitId":18195486,"creditId":18195487};13/07/2018 10:41:00
br_curitiba;752844faffa4a6d899f82c3a29c2b6a9;08528379922;15,65;cabify_recarga_second_2018_07_09_input.csv;True;4791247;{"debitId":18195302,"creditId":18195305};13/07/2018 10:41:00
br_curitiba;6f439d1b532014c8bfa34833ccfc603a;02607452945;65,62;cabify_recarga_second_2018_07_09_input.csv;True;5017502;{"debitId":18195563,"creditId":18195564};13/07/2018 10:41:00
br_curitiba;ef8ef8604470bc9070249a96315c076b;04146355907;0,00;cabify_recarga_second_2018_07_09_input.csv;True;5017427;{"debitId":18195582,"creditId":18195583};13/07/2018 10:41:00
br_curitiba;3487c6f2752e75dad7ba57febacd7af1;10320390780;7,56;cabify_recarga_second_2018_07_09_input.csv;True;4791326;{"debitId":18195464,"creditId":18195469};13/07/2018 10:41:00
br_curitiba;21bcdda4b7cf9c9c2c002abe9d082820;01623286050;32,28;cabify_recarga_second_2018_07_09_input.csv;True;5017454;{"debitId":18195213,"creditId":18195216};13/07/2018 10:41:00
br_curitiba;84d6ef3bce9a5c31516cacbfe2efbda1;03006810970;44,98;cabify_recarga_second_2018_07_09_input.csv;True;5017505;{"debitId":18195594,"creditId":18195595};13/07/2018 10:41:00
br_curitiba;1fbb9b31e029437feb46193a52ff6cc9;67220592949;21,87;cabify_recarga_second_2018_07_09_input.csv;True;5017513;{"debitId":18195134,"creditId":18195135};13/07/2018 10:41:00
br_curitiba;3487c6f2752e75dad7ba57febac3e0e7;55295452972;12,39;cabify_recarga_second_2018_07_09_input.csv;True;4791144;{"debitId":18195322,"creditId":18195325};13/07/2018 10:41:00
br_curitiba;d5e7298451503f17896cb896a15f9c29;03382017938;11,91;cabify_recarga_second_2018_07_09_input.csv;True;5017538;{"debitId":18195482,"creditId":18195483};13/07/2018 10:41:00
br_curitiba;21bcdda4b7cf9c9c2c002abe9d099ca3;02954977930;288,23;cabify_recarga_second_2018_07_09_input.csv;True;5017522;{"debitId":18195256,"creditId":18195257};13/07/2018 10:41:00
br_curitiba;476c55c99e1c52e20705ac906953ae63;08458034921;23,41;cabify_recarga_second_2018_07_09_input.csv;True;5017536;{"debitId":18195414,"creditId":18195415};13/07/2018 10:41:00
br_curitiba;76e5edff417c5870d713d499a820fcb8;51906953953;14,58;cabify_recarga_second_2018_07_09_input.csv;True;5017671;{"debitId":18195172,"creditId":18195173};13/07/2018 10:41:00
br_curitiba;cbff527cfc639055cbf59ab3e6fd16c0;44236042134;8,53;cabify_recarga_second_2018_07_09_input.csv;True;5017574;{"debitId":18195532,"creditId":18195533};13/07/2018 10:41:00
br_curitiba;84d6ef3bce9a5c31516cacbfe2ef6918;01593962983;9,26;cabify_recarga_second_2018_07_09_input.csv;True;5017467;{"debitId":18195345,"creditId":18195346};13/07/2018 10:41:00
br_curitiba;6417bb411e17f7879df09d0e0297559b;62454692953;22,24;cabify_recarga_second_2018_07_09_input.csv;True;4791212;{"debitId":18195306,"creditId":18195307};13/07/2018 10:41:00
br_curitiba;32addf2922229e9c62341796bc9bdcbf;01819661580;77,77;cabify_recarga_second_2018_07_09_input.csv;True;5017619;{"debitId":18195328,"creditId":18195329};13/07/2018 10:41:00
br_curitiba;cedc359fc092b03aaf937e7bf4928178;44409770900;23,40;cabify_recarga_second_2018_07_09_input.csv;True;4791131;{"debitId":18195177,"creditId":18195180};13/07/2018 10:41:00
br_curitiba;47e22bf4e97295e9bb96cd927b75ab2d;04409232983;26,47;cabify_recarga_second_2018_07_09_input.csv;True;5017452;{"debitId":18195190,"creditId":18195193};13/07/2018 10:41:00
br_curitiba;fd9fc72e5801d579449bd9b12d58d513;31879250144;103,34;cabify_recarga_second_2018_07_09_input.csv;True;4791303;{"debitId":18195266,"creditId":18195270};13/07/2018 10:41:00
br_curitiba;be16f29316434c859267a5ea19d92555;03457092923;27,14;cabify_recarga_second_2018_07_09_input.csv;True;5017704;{"debitId":18195591,"creditId":18195593};13/07/2018 10:41:00
br_curitiba;d5e7298451503f17896cb896a160435f;02582701955;50,20;cabify_recarga_second_2018_07_09_input.csv;True;5017537;{"debitId":18195434,"creditId":18195435};13/07/2018 10:41:00
br_curitiba;d5e7298451503f17896cb896a15fc95b;02145786902;14,51;cabify_recarga_second_2018_07_09_input.csv;True;5017543;{"debitId":18195555,"creditId":18195556};13/07/2018 10:41:00
br_curitiba;9c44238e231a5358eb2f22b10809cc56;05197158611;38,27;cabify_recarga_second_2018_07_09_input.csv;True;5017471;{"debitId":18195359,"creditId":18195360};13/07/2018 10:41:00
br_curitiba;266d20595b5c6cec09abb8f97004cd26;18555837987;404,83;cabify_recarga_second_2018_07_09_input.csv;True;4791168;{"debitId":18195544,"creditId":18195545};13/07/2018 10:41:00
br_curitiba;03f3c16bf9536e012fe05a81b5ef0a55;51929589972;84,43;cabify_recarga_second_2018_07_09_input.csv;True;4791225;{"debitId":18195111,"creditId":18195112};13/07/2018 10:41:00
br_curitiba;55ba90367e2ce84359582e5f592616c0;00196595207;38,40;cabify_recarga_second_2018_07_09_input.csv;True;4791292;{"debitId":18195209,"creditId":18195210};13/07/2018 10:41:00
br_curitiba;6f439d1b532014c8bfa34833ccfcfbfb;04461467732;33,22;cabify_recarga_second_2018_07_09_input.csv;True;5017509;{"debitId":18195608,"creditId":18195609};13/07/2018 10:41:00
br_curitiba;68fb651cc73fcffc024fc547104526cb;07643013900;32,57;cabify_recarga_second_2018_07_09_input.csv;True;5017478;{"debitId":18195405,"creditId":18195409};13/07/2018 10:41:00
br_curitiba;8225b11ef148606cb26f12ad6e6fbc8e;63217686934;5,25;cabify_recarga_second_2018_07_09_input.csv;True;4791255;{"debitId":18195416,"creditId":18195417};13/07/2018 10:41:00
br_curitiba;0c64e3d0dceec9ed5ff4869d1780ec6d;09530824904;57,31;cabify_recarga_second_2018_07_09_input.csv;True;5017691;{"debitId":18195391,"creditId":18195392};13/07/2018 10:41:00
br_curitiba;98cf25d4e6cddba26ced4c38bbc8e099;93487797968;43,57;cabify_recarga_second_2018_07_09_input.csv;True;4791148;{"debitId":18195336,"creditId":18195337};13/07/2018 10:41:00
br_curitiba;98817f59c5db894c9e7b16aac041b1f6;05800574960;17,38;cabify_recarga_second_2018_07_09_input.csv;True;4791160;{"debitId":18195113,"creditId":18195114};13/07/2018 10:41:00
br_curitiba;21bcdda4b7cf9c9c2c002abe9d0784ef;02552123996;87,67;cabify_recarga_second_2018_07_09_input.csv;True;5017409;{"debitId":18195127,"creditId":18195128};13/07/2018 10:41:00
br_curitiba;84d6ef3bce9a5c31516cacbfe270dbf6;03139502966;16,71;cabify_recarga_second_2018_07_09_input.csv;True;5017464;{"debitId":18195276,"creditId":18195277};13/07/2018 10:41:00
br_curitiba;21bcdda4b7cf9c9c2c002abe9d08872d;01003758983;8,83;cabify_recarga_second_2018_07_09_input.csv;True;5017713;{"debitId":18195617,"creditId":18195618};13/07/2018 10:41:00
br_curitiba;32addf2922229e9c62341796bc999564;45693951987;141,92;cabify_recarga_second_2018_07_09_input.csv;True;5017609;{"debitId":18195239,"creditId":18195240};13/07/2018 10:41:00
br_curitiba;157b42f3a1a488aec4798fcddabba0d1;01856795950;30,37;cabify_recarga_second_2018_07_09_input.csv;True;5017669;{"debitId":18195612,"creditId":18195615};13/07/2018 10:41:00
br_curitiba;7344c1db5770b2aae296b442033476c8;20095384987;46,33;cabify_recarga_second_2018_07_09_input.csv;True;4791161;{"debitId":18195123,"creditId":18195124};13/07/2018 10:41:00
br_curitiba;752844faffa4a6d899f82c3a29b04d45;42102171825;10,76;cabify_recarga_second_2018_07_09_input.csv;True;4791267;{"debitId":18195511,"creditId":18195513};13/07/2018 10:41:00
br_curitiba;9c44238e231a5358eb2f22b108099f78;03013893907;67,80;cabify_recarga_second_2018_07_09_input.csv;True;5017483;{"debitId":18195478,"creditId":18195479};13/07/2018 10:41:00
br_curitiba;a41d8afe439b0c733cec59893f0735fc;03523854997;43,68;cabify_recarga_second_2018_07_09_input.csv;True;4791152;{"debitId":18195395,"creditId":18195398};13/07/2018 10:41:00
br_curitiba;21bcdda4b7cf9c9c2c002abe9d0722cc;04654701907;14,18;cabify_recarga_second_2018_07_09_input.csv;True;5017524;{"debitId":18195278,"creditId":18195279};13/07/2018 10:41:00
br_curitiba;a04a257a84d488c56fa7ea030816ef75;76387020425;6,27;cabify_recarga_second_2018_07_09_input.csv;True;4791166;{"debitId":18195498,"creditId":18195499};13/07/2018 10:41:00
br_curitiba;f57eaddd92f1ec6b38302ddd6378ef62;05334784802;205,30;cabify_recarga_second_2018_07_09_input.csv;True;4791218;{"debitId":18195399,"creditId":18195404};13/07/2018 10:41:00
br_curitiba;3487c6f2752e75dad7ba57febabf9566;04394791936;49,87;cabify_recarga_second_2018_07_09_input.csv;True;4791329;{"debitId":18195115,"creditId":18195116};13/07/2018 10:41:00
br_curitiba;21bcdda4b7cf9c9c2c002abe9d070f82;00489932983;40,26;cabify_recarga_second_2018_07_09_input.csv;True;5017532;{"debitId":18195365,"creditId":18195368};13/07/2018 10:41:00
br_curitiba;1fbb9b31e029437feb46193a52ff2f72;02045342913;20,56;cabify_recarga_second_2018_07_09_input.csv;True;5017514;{"debitId":18195148,"creditId":18195149};13/07/2018 10:41:00
br_curitiba;ce5a6752e46d8035c28535a0639814e0;05337483994;19,64;cabify_recarga_second_2018_07_09_input.csv;True;4791175;{"debitId":18195577,"creditId":18195578};13/07/2018 10:41:00
br_curitiba;a04a257a84d488c56fa7ea03081677c0;05501212935;7,36;cabify_recarga_second_2018_07_09_input.csv;True;4791165;{"debitId":18195459,"creditId":18195460};13/07/2018 10:41:00
br_curitiba;752844faffa4a6d899f82c3a29b81bf0;08972247952;28,16;cabify_recarga_second_2018_07_09_input.csv;True;4791290;{"debitId":18195187,"creditId":18195188};13/07/2018 10:41:00
br_curitiba;ab849226bc0f90e82f220ab8868655a6;35517581900;0,00;cabify_recarga_second_2018_07_09_input.csv;True;4791264;{"debitId":18195131,"creditId":18195133};13/07/2018 10:41:00
br_curitiba;0c64e3d0dceec9ed5ff4869d177c22fb;02896669965;18,13;cabify_recarga_second_2018_07_09_input.csv;True;4791244;{"debitId":18195261,"creditId":18195263};13/07/2018 10:41:00
br_curitiba;620f03528cbb5f061f15d5d1f4426a81;65356144920;295,97;cabify_recarga_second_2018_07_09_input.csv;True;4791276;{"debitId":18195142,"creditId":18195145};13/07/2018 10:41:00
br_curitiba;47e22bf4e97295e9bb96cd927b794bee;28450906920;5,31;cabify_recarga_second_2018_07_09_input.csv;True;5017528;{"debitId":18195347,"creditId":18195348};13/07/2018 10:41:00
br_curitiba;47e22bf4e97295e9bb96cd927b7a46ac;01031908137;52,52;cabify_recarga_second_2018_07_09_input.csv;True;5017715;{"debitId":18195632,"creditId":18195634};13/07/2018 10:41:00
br_curitiba;2bfe5fe24da51ce2b32598a9a4458933;20510564801;62,29;cabify_recarga_second_2018_07_09_input.csv;True;5017545;{"debitId":18195572,"creditId":18195575};13/07/2018 10:41:00
br_curitiba;84d6ef3bce9a5c31516cacbfe2705633;25346172904;151,02;cabify_recarga_second_2018_07_09_input.csv;True;5017489;{"debitId":18195488,"creditId":18195489};13/07/2018 10:41:00
br_curitiba;84d6ef3bce9a5c31516cacbfe2709cad;06839838900;17,85;cabify_recarga_second_2018_07_09_input.csv;True;5017472;{"debitId":18195382,"creditId":18195385};13/07/2018 10:41:00
br_curitiba;68fb651cc73fcffc024fc5471044d8cd;09001908926;34,15;cabify_recarga_second_2018_07_09_input.csv;True;5017506;{"debitId":18195596,"creditId":18195597};13/07/2018 10:41:00
br_curitiba;cedc359fc092b03aaf937e7bf48e32d3;03053018969;199,56;cabify_recarga_second_2018_07_09_input.csv;True;4791257;{"debitId":18195109,"creditId":18195110};13/07/2018 10:41:00
br_curitiba;47e22bf4e97295e9bb96cd927b7fe620;06408448984;40,96;cabify_recarga_second_2018_07_09_input.csv;True;5017448;{"debitId":18195146,"creditId":18195147};13/07/2018 10:41:00
br_curitiba;af22938f4d8fcac7590cdbd0022637ef;63931052915;12,73;cabify_recarga_second_2018_07_09_input.csv;True;4791205;{"debitId":18195286,"creditId":18195287};13/07/2018 10:41:00
br_curitiba;cfc6380324277bf7268f0f2e8f3cb388;79506941904;49,67;cabify_recarga_second_2018_07_09_input.csv;True;5017635;{"debitId":18195449,"creditId":18195453};13/07/2018 10:41:00
br_curitiba;ab849226bc0f90e82f220ab8868a20c4;05122788650;38,50;cabify_recarga_second_2018_07_09_input.csv;True;4791129;{"debitId":18195035,"creditId":18195036};13/07/2018 10:41:00
br_curitiba;98cf25d4e6cddba26ced4c38bbc902a1;38566311949;54,18;cabify_recarga_second_2018_07_09_input.csv;True;4791176;{"debitId":18194938,"creditId":18194939};13/07/2018 10:41:00
br_curitiba;181d5f4f84e37fcd3e35bbbd70acfcb9;98790889134;38,55;cabify_recarga_second_2018_07_09_input.csv;False;;Cartao nao encontrado;13/07/2018 10:41:00
br_curitiba;be16f29316434c859267a5ea19e0a013;05494933954;5,56;cabify_recarga_second_2018_07_09_input.csv;True;4791253;{"debitId":18195349,"creditId":18195350};13/07/2018 10:41:00
br_curitiba;ca02e22be856d4ef5890c8054c47e65b;03595860900;56,22;cabify_recarga_second_2018_07_09_input.csv;True;4791232;{"debitId":18195154,"creditId":18195155};13/07/2018 10:41:00
br_curitiba;a94ebedee3b45c4297d121e8c30eb713;46863974991;51,52;cabify_recarga_second_2018_07_09_input.csv;True;4791167;{"debitId":18195530,"creditId":18195531};13/07/2018 10:41:00
br_curitiba;47e22bf4e97295e9bb96cd927b7ca450;08359378606;0,00;cabify_recarga_second_2018_07_09_input.csv;True;5017526;{"debitId":18195296,"creditId":18195297};13/07/2018 10:41:00
br_curitiba;ca02e22be856d4ef5890c8054c486d99;07743434940;455,04;cabify_recarga_second_2018_07_09_input.csv;True;4791182;{"debitId":18195163,"creditId":18195165};13/07/2018 10:41:00
br_curitiba;76e5edff417c5870d713d499a816f1c8;00955919908;34,39;cabify_recarga_second_2018_07_09_input.csv;True;5017674;{"debitId":18195196,"creditId":18195200};13/07/2018 10:41:00
br_curitiba;21bcdda4b7cf9c9c2c002abe9d05059f;08100057869;21,17;cabify_recarga_second_2018_07_09_input.csv;True;5017683;{"debitId":18195319,"creditId":18195321};13/07/2018 10:41:00
br_curitiba;f57eaddd92f1ec6b38302ddd63825a9f;92196187968;38,30;cabify_recarga_second_2018_07_09_input.csv;True;4791217;{"debitId":18195377,"creditId":18195379};13/07/2018 10:41:00
br_curitiba;3487c6f2752e75dad7ba57febabfa88a;02567304908;41,44;cabify_recarga_second_2018_07_09_input.csv;True;4791143;{"debitId":18195280,"creditId":18195281};13/07/2018 10:41:00
br_curitiba;8225b11ef148606cb26f12ad6e6ef5ee;05312504823;5,02;cabify_recarga_second_2018_07_09_input.csv;True;4791254;{"debitId":18195369,"creditId":18195371};13/07/2018 10:41:00
br_curitiba;181d5f4f84e37fcd3e35bbbd70b3b89e;68678029900;30,32;cabify_recarga_second_2018_07_09_input.csv;True;5017665;{"debitId":18195598,"creditId":18195601};13/07/2018 10:41:00
br_curitiba;752844faffa4a6d899f82c3a29b846de;02431214907;27,85;cabify_recarga_second_2018_07_09_input.csv;True;5017601;{"debitId":18195117,"creditId":18195118};13/07/2018 10:41:00
br_curitiba;55ba90367e2ce84359582e5f59122691;09730148902;22,03;cabify_recarga_second_2018_07_09_input.csv;True;5017606;{"debitId":18195167,"creditId":18195170};13/07/2018 10:41:00
br_curitiba;3487c6f2752e75dad7ba57febac253cf;62845616953;33,99;cabify_recarga_second_2018_07_09_input.csv;True;4791128;{"debitId":18195138,"creditId":18195139};13/07/2018 10:41:00
br_curitiba;157b42f3a1a488aec4798fcddabb657f;18592520959;65,63;cabify_recarga_second_2018_07_09_input.csv;True;5017658;{"debitId":18195584,"creditId":18195585};13/07/2018 10:41:00
br_curitiba;98cf25d4e6cddba26ced4c38bbce08bd;01177261685;78,49;cabify_recarga_second_2018_07_09_input.csv;True;4791134;{"debitId":18195228,"creditId":18195230};13/07/2018 10:41:00
br_curitiba;752844faffa4a6d899f82c3a29abdc46;03103947917;5,25;cabify_recarga_second_2018_07_09_input.csv;True;5017423;{"debitId":18195559,"creditId":18195560};13/07/2018 10:41:00
br_curitiba;6a5e670bff4573ea42a23f52995cae3f;03788811919;0,00;cabify_recarga_second_2018_07_09_input.csv;True;5017568;{"debitId":18195518,"creditId":18195519};13/07/2018 10:41:00
br_curitiba;9d402f97712ea702d8f4d61188e1d0c9;05361579955;9,08;cabify_recarga_second_2018_07_09_input.csv;True;5017617;{"debitId":18195290,"creditId":18195291};13/07/2018 10:41:00
br_curitiba;cedc359fc092b03aaf937e7bf499c5ed;04252116902;192,32;cabify_recarga_second_2018_07_09_input.csv;True;4791324;{"debitId":18195445,"creditId":18195446};13/07/2018 10:41:00
br_curitiba;a33524db6ef6770f37da9eacbf26c440;84188464968;27,83;cabify_recarga_second_2018_07_09_input.csv;True;5017555;{"debitId":18195626,"creditId":18195627};13/07/2018 10:41:00
br_curitiba;123c345bb27f1fe9bd31873940e0e1fe;92598137949;7,32;cabify_recarga_second_2018_07_09_input.csv;True;4791202;{"debitId":18195248,"creditId":18195249};13/07/2018 10:41:00
br_curitiba;0a0377a438eacec36b2268896fc52b5c;06355274995;13,84;cabify_recarga_second_2018_07_09_input.csv;True;5017633;{"debitId":18195428,"creditId":18195429};13/07/2018 10:41:00
br_curitiba;d5e7298451503f17896cb896a15fb397;03536761950;210,83;cabify_recarga_second_2018_07_09_input.csv;True;5017540;{"debitId":18195508,"creditId":18195509};13/07/2018 10:41:00
br_curitiba;ca02e22be856d4ef5890c8054c41a294;87246880968;20,28;cabify_recarga_second_2018_07_09_input.csv;True;4791228;{"debitId":18194932,"creditId":18194933};13/07/2018 10:41:00
br_curitiba;7344c1db5770b2aae296b4420333a07b;10093861907;10,63;cabify_recarga_second_2018_07_09_input.csv;True;4791299;{"debitId":18195233,"creditId":18195234};13/07/2018 10:41:00
br_curitiba;2aeeeed5c8e0e9eacb195bffbb951032;06011878903;18,09;cabify_recarga_second_2018_07_09_input.csv;True;5017611;{"debitId":18195250,"creditId":18195253};13/07/2018 10:41:00
br_curitiba;2bfe5fe24da51ce2b32598a9a445a77d;72481668987;87,17;cabify_recarga_second_2018_07_09_input.csv;True;5017542;{"debitId":18195541,"creditId":18195542};13/07/2018 10:41:00
br_curitiba;76e5edff417c5870d713d499a8db5940;87246104968;15,25;cabify_recarga_second_2018_07_09_input.csv;True;5017651;{"debitId":18195539,"creditId":18195540};13/07/2018 10:41:00
br_curitiba;21bcdda4b7cf9c9c2c002abe9d07fb5b;07866691959;9,80;cabify_recarga_second_2018_07_09_input.csv;True;5017714;{"debitId":18195628,"creditId":18195629};13/07/2018 10:41:00
br_curitiba;47e22bf4e97295e9bb96cd927b75debe;05761308428;60,55;cabify_recarga_second_2018_07_09_input.csv;True;5017716;{"debitId":18195635,"creditId":18195636};13/07/2018 10:41:00
br_curitiba;c22b81c1bb42ede214d9dd1520d3b9b0;92138020991;50,50;cabify_recarga_second_2018_07_09_input.csv;True;5017709;{"debitId":18195604,"creditId":18195605};13/07/2018 10:41:00
br_santos;33072f67030ec131117b07586cdbe4f7;39261578870;10,15;cabify_recarga_second_2018_07_09_input.csv;True;4815791;{"debitId":18195119,"creditId":18195120};13/07/2018 10:41:00
br_curitiba;6a5e670bff4573ea42a23f52995cc99f;03084494959;44,22;cabify_recarga_second_2018_07_09_input.csv;True;5017567;{"debitId":18195500,"creditId":18195501};13/07/2018 10:41:00
br_curitiba;f57eaddd92f1ec6b38302ddd637712ff;01312270683;38,28;cabify_recarga_second_2018_07_09_input.csv;True;4791215;{"debitId":18195342,"creditId":18195343};13/07/2018 10:41:00
br_curitiba;cedc359fc092b03aaf937e7bf493d4f5;00585625913;11,32;cabify_recarga_second_2018_07_09_input.csv;True;4791135;{"debitId":18195245,"creditId":18195246};13/07/2018 10:41:00
br_curitiba;fd9fc72e5801d579449bd9b12d60b62f;04465980973;59,77;cabify_recarga_second_2018_07_09_input.csv;True;5017698;{"debitId":18195490,"creditId":18195491};13/07/2018 10:41:00
br_curitiba;8972bf524524ed897c87e28a0fead5b6;04771245932;63,32;cabify_recarga_second_2018_07_09_input.csv;True;5017654;{"debitId":18195551,"creditId":18195553};13/07/2018 10:41:00
br_curitiba;55ba90367e2ce84359582e5f5918562e;06253080938;25,64;cabify_recarga_second_2018_07_09_input.csv;True;4791266;{"debitId":18195484,"creditId":18195485};13/07/2018 10:41:00
br_curitiba;cfc6380324277bf7268f0f2e8f3c9b00;04751056999;6,89;cabify_recarga_second_2018_07_09_input.csv;True;5017527;{"debitId":18195330,"creditId":18195331};13/07/2018 10:41:00
br_curitiba;d4956cc8e637dffbc124033f058d1c4c;03990058975;17,37;cabify_recarga_second_2018_07_09_input.csv;True;5017520;{"debitId":18195241,"creditId":18195243};13/07/2018 10:41:00
br_curitiba;6417bb411e17f7879df09d0e0295c7cd;09367714459;171,88;cabify_recarga_second_2018_07_09_input.csv;True;4791214;{"debitId":18195326,"creditId":18195327};13/07/2018 10:41:00
br_curitiba;1fbb9b31e029437feb46193a52ffa212;54507014972;268,94;cabify_recarga_second_2018_07_09_input.csv;True;5017492;{"debitId":18195522,"creditId":18195525};13/07/2018 10:41:00
br_curitiba;c55f0380554ba572d2041e26903d2ba6;04996081945;61,40;cabify_recarga_second_2018_07_09_input.csv;True;5017645;{"debitId":18195502,"creditId":18195505};13/07/2018 10:41:00
br_curitiba;32addf2922229e9c62341796bc99e306;01162133961;31,08;cabify_recarga_second_2018_07_09_input.csv;True;4791269;{"debitId":18195557,"creditId":18195558};13/07/2018 10:41:00
br_curitiba;752844faffa4a6d899f82c3a29ac22de;08654904739;56,11;cabify_recarga_second_2018_07_09_input.csv;True;5017695;{"debitId":18195455,"creditId":18195456};13/07/2018 10:41:00
br_curitiba;be16f29316434c859267a5ea19dd01d6;37429051987;95,14;cabify_recarga_second_2018_07_09_input.csv;True;4791281;{"debitId":18194995,"creditId":18194996};13/07/2018 10:41:00
br_curitiba;68fb651cc73fcffc024fc5471044c996;01980534950;34,27;cabify_recarga_second_2018_07_09_input.csv;True;5017465;{"debitId":18195310,"creditId":18195312};13/07/2018 10:41:00
br_curitiba;55ba90367e2ce84359582e5f591d5f20;64039412915;7,84;cabify_recarga_second_2018_07_09_input.csv;True;4791323;{"debitId":18195420,"creditId":18195422};13/07/2018 10:41:00
br_curitiba;3487c6f2752e75dad7ba57febac99ef8;02259792928;11,38;cabify_recarga_second_2018_07_09_input.csv;True;4791318;{"debitId":18195357,"creditId":18195358};13/07/2018 10:41:00
