RegionId;CompanyId;Cpf;VlRecarga;NomeArquivo;Recharge;CardId;DescricaoProcessamento;DataRecarga
br_curitiba;c22b81c1bb42ede214d9dd1520d5f32b;60499720369;7,67;cabify_recarga_normal_2018-06-18_input.csv;True;5017710;{"debitId":15572151,"creditId":15572153};18/06/2018 17:48:49
br_curitiba;be16f29316434c859267a5ea19d92555;03457092923;9,54;cabify_recarga_normal_2018-06-18_input.csv;True;5017704;{"debitId":15572143,"creditId":15572146};18/06/2018 17:48:49
br_curitiba;84d6ef3bce9a5c31516cacbfe27042c6;05324272973;9,09;cabify_recarga_normal_2018-06-18_input.csv;True;5017463;{"debitId":15572116,"creditId":15572117};18/06/2018 17:48:49
br_curitiba;752844faffa4a6d899f82c3a29b04d45;42102171825;154,94;cabify_recarga_normal_2018-06-18_input.csv;True;4791267;{"debitId":15571655,"creditId":15571656};18/06/2018 17:48:49
br_curitiba;08f3b1afaf8d2a30382236da2b8ecec1;04623286940;13,95;cabify_recarga_normal_2018-06-18_input.csv;True;4791251;{"debitId":15571999,"creditId":15572000};18/06/2018 17:48:49
br_curitiba;fd9fc72e5801d579449bd9b12d5f5a79;99634520944;47,06;cabify_recarga_normal_2018-06-18_input.csv;True;5017648;{"debitId":15571925,"creditId":15571926};18/06/2018 17:48:49
br_curitiba;1fbb9b31e029437feb46193a52ff393e;09079673960;6,48;cabify_recarga_normal_2018-06-18_input.csv;True;5017500;{"debitId":15571961,"creditId":15571964};18/06/2018 17:48:49
br_curitiba;af22938f4d8fcac7590cdbd0022637ef;63931052915;52,95;cabify_recarga_normal_2018-06-18_input.csv;True;4791205;{"debitId":15571827,"creditId":15571829};18/06/2018 17:48:49
br_curitiba;752844faffa4a6d899f82c3a29c2b6a9;08528379922;0,00;cabify_recarga_normal_2018-06-18_input.csv;True;4791247;{"debitId":15571987,"creditId":15571988};18/06/2018 17:48:49
br_curitiba;3487c6f2752e75dad7ba57febac99ef8;02259792928;62,44;cabify_recarga_normal_2018-06-18_input.csv;True;4791318;{"debitId":15572091,"creditId":15572092};18/06/2018 17:48:49
br_curitiba;fd9fc72e5801d579449bd9b12d6a334f;03070708919;47,01;cabify_recarga_normal_2018-06-18_input.csv;True;5017416;{"debitId":15572026,"creditId":15572027};18/06/2018 17:48:49
br_curitiba;3487c6f2752e75dad7ba57febacd7af1;10320390780;39,29;cabify_recarga_normal_2018-06-18_input.csv;True;4791326;{"debitId":15571923,"creditId":15571924};18/06/2018 17:48:49
br_curitiba;266d20595b5c6cec09abb8f97004cd26;18555837987;278,28;cabify_recarga_normal_2018-06-18_input.csv;True;4791168;{"debitId":15571685,"creditId":15571686};18/06/2018 17:48:49
br_curitiba;cedc359fc092b03aaf937e7bf48e32d3;03053018969;446,60;cabify_recarga_normal_2018-06-18_input.csv;True;4791257;{"debitId":15571841,"creditId":15571842};18/06/2018 17:48:49
br_curitiba;157b42f3a1a488aec4798fcddabba0d1;01856795950;23,46;cabify_recarga_normal_2018-06-18_input.csv;True;5017669;{"debitId":15572046,"creditId":15572047};18/06/2018 17:48:49
br_curitiba;3487c6f2752e75dad7ba57febac32a2f;03701126879;42,54;cabify_recarga_normal_2018-06-18_input.csv;True;4791322;{"debitId":15571868,"creditId":15571869};18/06/2018 17:48:49
br_curitiba;752844faffa4a6d899f82c3a29aa99e4;02470282900;19,28;cabify_recarga_normal_2018-06-18_input.csv;True;5017694;{"debitId":15572119,"creditId":15572120};18/06/2018 17:48:49
br_curitiba;f57eaddd92f1ec6b38302ddd6378ef62;05334784802;135,17;cabify_recarga_normal_2018-06-18_input.csv;True;4791218;{"debitId":15571839,"creditId":15571840};18/06/2018 17:48:49
br_curitiba;ab849226bc0f90e82f220ab8868a98f6;96001470863;112,68;cabify_recarga_normal_2018-06-18_input.csv;True;4791133;{"debitId":15571759,"creditId":15571760};18/06/2018 17:48:49
br_curitiba;c22b81c1bb42ede214d9dd1520d2cf99;06833271941;9,02;cabify_recarga_normal_2018-06-18_input.csv;True;5017708;{"debitId":15572148,"creditId":15572149};18/06/2018 17:48:49
br_curitiba;ab849226bc0f90e82f220ab8868a20c4;05122788650;107,20;cabify_recarga_normal_2018-06-18_input.csv;True;4791129;{"debitId":15571910,"creditId":15571913};18/06/2018 17:48:49
br_curitiba;8225b11ef148606cb26f12ad6e6fbc8e;63217686934;43,13;cabify_recarga_normal_2018-06-18_input.csv;True;4791255;{"debitId":15571793,"creditId":15571794};18/06/2018 17:48:49
br_curitiba;3487c6f2752e75dad7ba57febac253cf;62845616953;15,57;cabify_recarga_normal_2018-06-18_input.csv;True;4791128;{"debitId":15571851,"creditId":15571853};18/06/2018 17:48:49
br_curitiba;af22938f4d8fcac7590cdbd00226f5c3;07465315913;25,00;cabify_recarga_normal_2018-06-18_input.csv;True;4791194;{"debitId":15571761,"creditId":15571762};18/06/2018 17:48:49
br_curitiba;157b42f3a1a488aec4798fcddabb657f;18592520959;54,49;cabify_recarga_normal_2018-06-18_input.csv;True;5017658;{"debitId":15571981,"creditId":15571984};18/06/2018 17:48:49
br_curitiba;76e5edff417c5870d713d499a81e7379;06458386915;65,48;cabify_recarga_normal_2018-06-18_input.csv;True;5017666;{"debitId":15572015,"creditId":15572017};18/06/2018 17:48:49
br_curitiba;2358ead189555a1e5907e3650702ad9d;01474394779;34,78;cabify_recarga_normal_2018-06-18_input.csv;True;4791328;{"debitId":15571959,"creditId":15571960};18/06/2018 17:48:49
br_curitiba;be2728d75a81366f9a2065065fb038d8;08903374975;45,95;cabify_recarga_normal_2018-06-18_input.csv;True;4791183;{"debitId":15571989,"creditId":15571990};18/06/2018 17:48:49
br_curitiba;752844faffa4a6d899f82c3a29b81bf0;08972247952;65,88;cabify_recarga_normal_2018-06-18_input.csv;True;4791290;{"debitId":15572024,"creditId":15572025};18/06/2018 17:48:49
br_curitiba;98817f59c5db894c9e7b16aac041b1f6;05800574960;4,96;cabify_recarga_normal_2018-06-18_input.csv;True;4791160;{"debitId":15572054,"creditId":15572055};18/06/2018 17:48:49
br_curitiba;98cf25d4e6cddba26ced4c38bbce08bd;01177261685;53,44;cabify_recarga_normal_2018-06-18_input.csv;True;4791134;{"debitId":15571929,"creditId":15571930};18/06/2018 17:48:49
br_curitiba;0c64e3d0dceec9ed5ff4869d177c22fb;02896669965;24,41;cabify_recarga_normal_2018-06-18_input.csv;True;4791244;{"debitId":15571949,"creditId":15571952};18/06/2018 17:48:49
br_santos;33072f67030ec131117b07586cdbe4f7;39261578870;38,15;cabify_recarga_normal_2018-06-18_input.csv;True;4815791;{"debitId":15571991,"creditId":15571992};18/06/2018 17:48:49
br_curitiba;ef8ef8604470bc9070249a96315c076b;04146355907;0,00;cabify_recarga_normal_2018-06-18_input.csv;True;5017427;{"debitId":15572077,"creditId":15572078};18/06/2018 17:48:49
br_curitiba;61ddff4845adcba9473a0894b47eab40;79248098991;29,24;cabify_recarga_normal_2018-06-18_input.csv;True;5017693;{"debitId":15572098,"creditId":15572101};18/06/2018 17:48:49
br_curitiba;76e5edff417c5870d713d499a81fc5de;02299958967;46,72;cabify_recarga_normal_2018-06-18_input.csv;True;5017673;{"debitId":15572084,"creditId":15572085};18/06/2018 17:48:49
br_curitiba;0a0377a438eacec36b2268896fc52b5c;06355274995;42,26;cabify_recarga_normal_2018-06-18_input.csv;True;5017633;{"debitId":15571871,"creditId":15571875};18/06/2018 17:48:49
br_curitiba;752844faffa4a6d899f82c3a29ac22de;08654904739;108,08;cabify_recarga_normal_2018-06-18_input.csv;True;5017695;{"debitId":15572133,"creditId":15572134};18/06/2018 17:48:49
br_curitiba;752844faffa4a6d899f82c3a29abdc46;03103947917;19,28;cabify_recarga_normal_2018-06-18_input.csv;True;5017423;{"debitId":15572061,"creditId":15572064};18/06/2018 17:48:49
br_curitiba;3487c6f2752e75dad7ba57febabf9566;04394791936;147,72;cabify_recarga_normal_2018-06-18_input.csv;True;4791329;{"debitId":15571977,"creditId":15571979};18/06/2018 17:48:49
br_curitiba;7344c1db5770b2aae296b442032e76e5;45609217920;36,44;cabify_recarga_normal_2018-06-18_input.csv;True;4791153;{"debitId":15571830,"creditId":15571831};18/06/2018 17:48:49
br_curitiba;76e5edff417c5870d713d499a820fcb8;51906953953;4,50;cabify_recarga_normal_2018-06-18_input.csv;True;5017671;{"debitId":15572065,"creditId":15572067};18/06/2018 17:48:49
br_curitiba;9d402f97712ea702d8f4d61188e1d0c9;05361579955;0,00;cabify_recarga_normal_2018-06-18_input.csv;True;5017617;{"debitId":15572121,"creditId":15572122};18/06/2018 17:48:49
br_curitiba;03f3c16bf9536e012fe05a81b5ef0a55;51929589972;26,95;cabify_recarga_normal_2018-06-18_input.csv;True;4791225;{"debitId":15571939,"creditId":15571941};18/06/2018 17:48:49
br_curitiba;8225b11ef148606cb26f12ad6e6ef5ee;05312504823;86,60;cabify_recarga_normal_2018-06-18_input.csv;True;4791254;{"debitId":15572036,"creditId":15572037};18/06/2018 17:48:49
br_curitiba;7344c1db5770b2aae296b4420333a07b;10093861907;323,62;cabify_recarga_normal_2018-06-18_input.csv;True;4791299;{"debitId":15571783,"creditId":15571785};18/06/2018 17:48:49
br_curitiba;7344c1db5770b2aae296b442033476c8;20095384987;79,42;cabify_recarga_normal_2018-06-18_input.csv;True;4791161;{"debitId":15572071,"creditId":15572072};18/06/2018 17:48:49
br_curitiba;84d6ef3bce9a5c31516cacbfe270c269;01640349944;0,00;cabify_recarga_normal_2018-06-18_input.csv;True;5017481;{"debitId":15571902,"creditId":15571903};18/06/2018 17:48:49
br_curitiba;76e5edff417c5870d713d499a8db5940;87246104968;55,54;cabify_recarga_normal_2018-06-18_input.csv;True;5017651;{"debitId":15571945,"creditId":15571946};18/06/2018 17:48:49
br_curitiba;181d5f4f84e37fcd3e35bbbd70b3b89e;68678029900;61,95;cabify_recarga_normal_2018-06-18_input.csv;True;5017665;{"debitId":15571996,"creditId":15571998};18/06/2018 17:48:49
br_curitiba;6417bb411e17f7879df09d0e0297559b;62454692953;28,58;cabify_recarga_normal_2018-06-18_input.csv;True;4791212;{"debitId":15572040,"creditId":15572041};18/06/2018 17:48:49
br_curitiba;be16f29316434c859267a5ea19dd01d6;37429051987;135,22;cabify_recarga_normal_2018-06-18_input.csv;True;4791281;{"debitId":15571968,"creditId":15571971};18/06/2018 17:48:49
br_curitiba;1c28bdc0c88c69ff36c17d6efc71ad72;05048430603;26,27;cabify_recarga_normal_2018-06-18_input.csv;True;4791268;{"debitId":15571890,"creditId":15571894};18/06/2018 17:48:49
br_curitiba;03f3c16bf9536e012fe05a81b5efc812;08787799901;179,96;cabify_recarga_normal_2018-06-18_input.csv;True;4791186;{"debitId":15572002,"creditId":15572007};18/06/2018 17:48:49
br_curitiba;ca02e22be856d4ef5890c8054c486d99;07743434940;340,35;cabify_recarga_normal_2018-06-18_input.csv;True;4791182;{"debitId":15571955,"creditId":15571956};18/06/2018 17:48:49
br_curitiba;a94ebedee3b45c4297d121e8c30eb713;46863974991;112,66;cabify_recarga_normal_2018-06-18_input.csv;True;4791167;{"debitId":15571857,"creditId":15571865};18/06/2018 17:48:49
br_curitiba;ca02e22be856d4ef5890c8054c41a294;87246880968;17,35;cabify_recarga_normal_2018-06-18_input.csv;True;4791228;{"debitId":15571670,"creditId":15571671};18/06/2018 17:48:49
br_curitiba;32addf2922229e9c62341796bc99e306;01162133961;11,74;cabify_recarga_normal_2018-06-18_input.csv;True;4791269;{"debitId":15571742,"creditId":15571743};18/06/2018 17:48:49
br_curitiba;35fd1d6de4280ed53ea93ddb078870ab;05026053912;17,89;cabify_recarga_normal_2018-06-18_input.csv;True;5017421;{"debitId":15572044,"creditId":15572045};18/06/2018 17:48:49
br_curitiba;ca02e22be856d4ef5890c8054c44e715;03878461909;14,31;cabify_recarga_normal_2018-06-18_input.csv;True;4791208;{"debitId":15571832,"creditId":15571838};18/06/2018 17:48:49
br_santos;d0144a467eaa30a5bd8505ac42258f8f;32543729801;34,49;cabify_recarga_normal_2018-06-18_input.csv;True;4815789;{"debitId":15572011,"creditId":15572013};18/06/2018 17:48:49
br_curitiba;ab849226bc0f90e82f220ab8868655a6;35517581900;20,40;cabify_recarga_normal_2018-06-18_input.csv;True;4791264;{"debitId":15572088,"creditId":15572090};18/06/2018 17:48:49
br_curitiba;8f43789ab49b14800d894c94b44df1e1;40453499953;85,45;cabify_recarga_normal_2018-06-18_input.csv;True;5017598;{"debitId":15572103,"creditId":15572105};18/06/2018 17:48:49
br_curitiba;ca02e22be856d4ef5890c8054c47e65b;03585860900;78,49;cabify_recarga_normal_2018-06-18_input.csv;False;;Cartao nao encontrado;18/06/2018 17:48:49
br_curitiba;f57eaddd92f1ec6b38302ddd637712ff;01312270683;18,55;cabify_recarga_normal_2018-06-18_input.csv;True;4791215;{"debitId":15572075,"creditId":15572076};18/06/2018 17:48:49
br_curitiba;752844faffa4a6d899f82c3a29b960b5;16264311839;77,21;cabify_recarga_normal_2018-06-18_input.csv;True;4791230;{"debitId":15571881,"creditId":15571885};18/06/2018 17:48:49
br_curitiba;fd9fc72e5801d579449bd9b12d60b62f;04465980973;147,86;cabify_recarga_normal_2018-06-18_input.csv;True;5017698;{"debitId":15572135,"creditId":15572136};18/06/2018 17:48:49
br_curitiba;0a0377a438eacec36b2268896fc56486;18462469899;83,48;cabify_recarga_normal_2018-06-18_input.csv;True;5017667;{"debitId":15572031,"creditId":15572033};18/06/2018 17:48:49
br_curitiba;cedc359fc092b03aaf937e7bf499c5ed;04252116902;73,82;cabify_recarga_normal_2018-06-18_input.csv;True;4791324;{"debitId":15571895,"creditId":15571896};18/06/2018 17:48:49
br_curitiba;916fca93e77945b29cef8bdd02bc22ef;40522377904;346,27;cabify_recarga_normal_2018-06-18_input.csv;True;5017590;{"debitId":15572093,"creditId":15572096};18/06/2018 17:48:49
br_curitiba;98cf25d4e6cddba26ced4c38bbc902a1;38566311949;56,89;cabify_recarga_normal_2018-06-18_input.csv;True;4791176;{"debitId":15571917,"creditId":15571921};18/06/2018 17:48:49
br_curitiba;752844faffa4a6d899f82c3a29b846de;02431214907;14,46;cabify_recarga_normal_2018-06-18_input.csv;True;5017601;{"debitId":15572108,"creditId":15572111};18/06/2018 17:48:49
br_curitiba;3487c6f2752e75dad7ba57febabfa88a;02567304908;7,82;cabify_recarga_normal_2018-06-18_input.csv;True;4791143;{"debitId":15571966,"creditId":15571967};18/06/2018 17:48:49
br_curitiba;32addf2922229e9c62341796bc9b5b66;01788845960;10,98;cabify_recarga_normal_2018-06-18_input.csv;True;5017624;{"debitId":15572129,"creditId":15572132};18/06/2018 17:48:49
br_curitiba;fd9fc72e5801d579449bd9b12d59b294;08406870958;87,65;cabify_recarga_normal_2018-06-18_input.csv;True;5017628;{"debitId":15571843,"creditId":15571845};18/06/2018 17:48:49
br_curitiba;a41d8afe439b0c733cec59893f0735fc;03523854997;39,47;cabify_recarga_normal_2018-06-18_input.csv;True;4791152;{"debitId":15571770,"creditId":15571771};18/06/2018 17:48:49
br_curitiba;620f03528cbb5f061f15d5d1f4426a81;65356144920;283,62;cabify_recarga_normal_2018-06-18_input.csv;True;4791276;{"debitId":15571933,"creditId":15571938};18/06/2018 17:48:49
br_curitiba;32addf2922229e9c62341796bc9bdcbf;01819661580;23,92;cabify_recarga_normal_2018-06-18_input.csv;True;5017619;{"debitId":15572125,"creditId":15572127};18/06/2018 17:48:49
br_curitiba;be16f29316434c859267a5ea19e0a013;05494933954;33,51;cabify_recarga_normal_2018-06-18_input.csv;True;4791253;{"debitId":15572021,"creditId":15572022};18/06/2018 17:48:49
br_curitiba;cedc359fc092b03aaf937e7bf4928178;44409770900;34,70;cabify_recarga_normal_2018-06-18_input.csv;True;4791131;{"debitId":15571698,"creditId":15571700};18/06/2018 17:48:49
br_curitiba;6417bb411e17f7879df09d0e0295c7cd;09367714459;79,89;cabify_recarga_normal_2018-06-18_input.csv;True;4791214;{"debitId":15572056,"creditId":15572058};18/06/2018 17:48:49
