Region ID;Company ID;Driver National Id Num;Cost Local
br_curitiba;a04a257a84d488c56fa7ea030816ef75;76387020425;11,87
br_curitiba;752844faffa4a6d899f82c3a29b81bf0;08972247952;36,3
br_curitiba;6417bb411e17f7879df09d0e0295c7cd;09367714459;27,3
br_curitiba;9c44238e231a5358eb2f22b10809cc56;05197158611;69,32
br_curitiba;f57eaddd92f1ec6b38302ddd6378ef62;05334784802;112,93
br_curitiba;752844faffa4a6d899f82c3a29aa99e4;02470282900;26,6
br_curitiba;fd9fc72e5801d579449bd9b12d59b294;08406870958;25,78
br_curitiba;be16f29316434c859267a5ea19e0a013;54949433954;48,43
br_curitiba;2bfe5fe24da51ce2b32598a9a445a77d;72481668987;14,38
br_curitiba;2358ead189555a1e5907e3650702ad9d;01474394779;13,94
br_curitiba;f57eaddd92f1ec6b38302ddd637712ff;01312270683;6,58
br_curitiba;f57eaddd92f1ec6b38302ddd63825a9f;92196187968;36,02
br_curitiba;916fca93e77945b29cef8bdd02bc22ef;40522377904;147,23
br_curitiba;0a0377a438eacec36b2268896fc52b5c;06355274995;111,18
br_curitiba;6417bb411e17f7879df09d0e029958cf;04144370984;7,74
br_curitiba;3487c6f2752e75dad7ba57febabf9566;04394791936;107,75
br_curitiba;9d402f97712ea702d8f4d61188e1d0c9;05361579955;8,47
br_curitiba;32addf2922229e9c62341796bc999564;45693951987;50,63
br_curitiba;98817f59c5db894c9e7b16aac041b1f6;05800574960;7,73
br_curitiba;0c64e3d0dceec9ed5ff4869d1780ec6d;09530824904;12,02
br_curitiba;68fb651cc73fcffc024fc547104683a1;07362689950;19,13
br_curitiba;a94ebedee3b45c4297d121e8c30eb713;46863974991;128,19
br_curitiba;c22b81c1bb42ede214d9dd1520d2cf99;06833271941;32,24
br_curitiba;752844faffa4a6d899f82c3a29b04d45;42102171825;69,25
br_curitiba;d5e7298451503f17896cb896a160435f;02582701955;5,82
br_curitiba;6f439d1b532014c8bfa34833ccfc603a;02607452945;96,07
br_curitiba;68fb651cc73fcffc024fc547104526cb;07643013900;111,89
br_curitiba;3487c6f2752e75dad7ba57febac253cf;62845616953;132,95
br_curitiba;0c64e3d0dceec9ed5ff4869d177c22fb;02896669965;16,21
br_curitiba;752844faffa4a6d899f82c3a29b846de;08894183904;30,98
br_curitiba;620f03528cbb5f061f15d5d1f4426a81;65356144920;247,86
br_curitiba;03f3c16bf9536e012fe05a81b5ef0a55;51929589972;44,89
br_curitiba;1fbb9b31e029437feb46193a52ff6cc9;67220592949;26,4
br_curitiba;84d6ef3bce9a5c31516cacbfe2705633;25346172904;176,16
br_curitiba;1fbb9b31e029437feb46193a52ffa212;54507014972;200,77
br_curitiba;8972bf524524ed897c87e28a0fead5b6;04771245932;41,73
br_curitiba;9c44238e231a5358eb2f22b108099f78;03013893907;107,44
br_curitiba;3487c6f2752e75dad7ba57febac99ef8;02259792928;42,9
br_curitiba;3487c6f2752e75dad7ba57febacd7af1;10320390780;7,72
br_curitiba;84d6ef3bce9a5c31516cacbfe270dbf6;03139502966;83,98
br_curitiba;752844faffa4a6d899f82c3a29c2b6a9;08528379922;43,84
br_curitiba;ab849226bc0f90e82f220ab8868655a6;35517581900;29,54
br_curitiba;752844faffa4a6d899f82c3a29ac22de;08654904739;211,32
br_curitiba;47ab26f394675157542bd724224f6ba8;38813270372;11,6
br_curitiba;7344c1db5770b2aae296b442033476c8;20095384987;103,33
br_curitiba;6f439d1b532014c8bfa34833ccfd7a4e;31449416896;6,6
br_curitiba;35fd1d6de4280ed53ea93ddb078870ab;05026053912;14,58
br_curitiba;be16f29316434c859267a5ea19d92555;03457092923;6,62
br_curitiba;32addf2922229e9c62341796bc9aa934;92480128091;5,9
br_curitiba;98cf25d4e6cddba26ced4c38bbce08bd;01177261685;130,71
br_curitiba;ca02e22be856d4ef5890c8054c486d99;07743434940;318,14
br_curitiba;68fb651cc73fcffc024fc5471044d8cd;09001908926;67,12
br_curitiba;1fbb9b31e029437feb46193a52ff393e;09079673960;7,23
br_curitiba;7344c1db5770b2aae296b4420333a07b;10093861907;373,14
br_curitiba;412e5e8f318a974f962443148550f320;06662076902;33,22
br_curitiba;af22938f4d8fcac7590cdbd0022637ef;63931052915;73,5
br_curitiba;cedc359fc092b03aaf937e7bf48dd423;16338366739;12,1
br_curitiba;32addf2922229e9c62341796bc9bdcbf;01819661580;146,93
br_curitiba;0a0377a438eacec36b2268896fc56486;18462469899;61
br_curitiba;f57eaddd92f1ec6b38302ddd637a57f1;87671182915;24,52
br_curitiba;68fb651cc73fcffc024fc54710468e1c;02890331601;34,32
br_curitiba;0c64e3d0dceec9ed5ff4869d178af332;02871242909;26,07
br_curitiba;ca02e22be856d4ef5890c8054c44e715;03878461909;14,92
br_curitiba;76e5edff417c5870d713d499a81e7379;06458386915;64,25
br_curitiba;4abe5d9b416007666f230d467720ec6d;17077632830;8,8
br_curitiba;6417bb411e17f7879df09d0e02998da5;02989308970;21,67
br_curitiba;8225b11ef148606cb26f12ad6e6ef5ee;05312504823;42,44
br_curitiba;1c28bdc0c88c69ff36c17d6efc71ad72;05048430603;60,81
br_curitiba;55ba90367e2ce84359582e5f591bc9e7;06535722988;0
br_curitiba;76e5edff417c5870d713d499a8db5940;87246104968;94,61
br_curitiba;61ddff4845adcba9473a0894b47eab40;79248098991;44,67
br_curitiba;55ba90367e2ce84359582e5f5918562e;06253080938;21,14
br_curitiba;55ba90367e2ce84359582e5f591d5f20;64039412915;23,6
br_curitiba;47ab26f394675157542bd72422512514;05043510609;16,33
br_curitiba;fd9fc72e5801d579449bd9b12d5f5a79;99634520944;9,88
br_curitiba;68fb651cc73fcffc024fc5471044c996;01980534950;46,75
br_curitiba;c22b81c1bb42ede214d9dd1520d3b9b0;92138020991;75,37
br_curitiba;ef8ef8604470bc9070249a96315c076b;04146355907;21,36
br_curitiba;7344c1db5770b2aae296b442032e76e5;45609217920;10,94
br_curitiba;cbff527cfc639055cbf59ab3e6ffe85a;05561978950;8,91
br_curitiba;6417bb411e17f7879df09d0e029d04d3;73917443953;99,91
br_curitiba;fd9fc72e5801d579449bd9b12d6782a6;01751930963;5,25
br_curitiba;181d5f4f84e37fcd3e35bbbd70b3b89e;68678029900;64,91
br_curitiba;2aeeeed5c8e0e9eacb195bffbb951032;06011878903;15,56
br_curitiba;98cf25d4e6cddba26ced4c38bbc902a1;38566311949;23,13
br_curitiba;ca02e22be856d4ef5890c8054c41a294;87246880968;20,52
br_curitiba;ab849226bc0f90e82f220ab8868a98f6;96001470863;105,05
br_curitiba;412e5e8f318a974f962443148554e32a;07568201970;55,03
br_curitiba;1fbb9b31e029437feb46193a52ff2f72;02045342913;31,98
br_curitiba;3487c6f2752e75dad7ba57febac32a2f;03701126879;25,44
br_curitiba;157b42f3a1a488aec4798fcddabb657f;18592520959;80,38
br_curitiba;266d20595b5c6cec09abb8f97004cd26;18555837987;192,12
br_curitiba;ab849226bc0f90e82f220ab8868a20c4;05122788650;163,38
br_curitiba;ca02e22be856d4ef5890c8054c47e65b;03595860900;18,85
br_curitiba;6a5e670bff4573ea42a23f52995cae3f;03788811919;34,74
br_curitiba;fd9fc72e5801d579449bd9b12d60b62f;04465980973;126,07
br_curitiba;84d6ef3bce9a5c31516cacbfe27042c6;05324272973;6,19
br_curitiba;cedc359fc092b03aaf937e7bf48e32d3;03053018969;301,46
br_curitiba;593b161f70cb1e9e6990e9cacc5a5761;02387942965;45,38
br_curitiba;68fb651cc73fcffc024fc54710455aa1;62522000934;51,93
br_curitiba;157b42f3a1a488aec4798fcddabba0d1;01856795950;15,4
br_curitiba;be16f29316434c859267a5ea19dd01d6;37429051987;160,48
br_curitiba;752844faffa4a6d899f82c3a29b960b5;16264311839;63,15
br_curitiba;03f3c16bf9536e012fe05a81b5efc812;08787799901;85,71
br_curitiba;d5e7298451503f17896cb896a15f9c29;03382017938;52,39
br_curitiba;6a5e670bff4573ea42a23f52995cc99f;03084494959;7,38
br_curitiba;76e5edff417c5870d713d499a820fcb8;51906953953;11,82
br_santos;33072f67030ec131117b07586cdbe4f7;39261578870;52,24
br_santos;d0144a467eaa30a5bd8505ac42258f8f;32543729801;49,82
;;;
;;;
;;;
;;;
;;;
