Region ID;Company ID;Driver National Id Num;Cost Local
br_curitiba;916fca93e77945b29cef8bdd02bc22ef;40522377904;849,61
br_curitiba;266d20595b5c6cec09abb8f97004cd26;18555837987;517,18
br_curitiba;7344c1db5770b2aae296b4420333a07b;10093861907;407,36
br_curitiba;ca02e22be856d4ef5890c8054c486d99;7743434940;362,05
br_curitiba;620f03528cbb5f061f15d5d1f4426a81;65356144920;307,58
br_curitiba;84d6ef3bce9a5c31516cacbfe2705633;25346172904;180,2
br_santos;33072f67030ec131117b07586cdbe4f7;39261578870;114,14
br_curitiba;9c44238e231a5358eb2f22b108099f78;3013893907;106,57
br_curitiba;9c44238e231a5358eb2f22b10809cc56;5197158611;106,3
br_curitiba;3487c6f2752e75dad7ba57febabf9566;4394791936;98,82
br_curitiba;fd9fc72e5801d579449bd9b12d60b62f;4465980973;98,25
br_curitiba;32addf2922229e9c62341796bc999564;45693951987;97,6
br_curitiba;f57eaddd92f1ec6b38302ddd6378ef62;5334784802;87,33
br_curitiba;1c28bdc0c88c69ff36c17d6efc71ad72;5048430603;74,91
br_curitiba;a94ebedee3b45c4297d121e8c30eb713;46863974991;69,07
br_curitiba;98cf25d4e6cddba26ced4c38bbce08bd;1177261685;65,38
br_curitiba;cedc359fc092b03aaf937e7bf499c5ed;4252116902;62,64
br_curitiba;0a0377a438eacec36b2268896fc52b5c;6355274995;60,24
br_curitiba;ab849226bc0f90e82f220ab8868a20c4;5122788650;59,37
br_curitiba;76e5edff417c5870d713d499a81e7379;6458386915;58,17
br_curitiba;32addf2922229e9c62341796bc99e306;1162133961;54,82
br_curitiba;9973249e31bfce6ba08d66246b5073ce;5620524965;48,65
br_curitiba;68fb651cc73fcffc024fc5471044c996;1980534950;43,08
br_curitiba;7344c1db5770b2aae296b442033476c8;20095384987;34,98
br_curitiba;68fb651cc73fcffc024fc54710468e1c;2890331601;33,61
br_curitiba;ef8ef8604470bc9070249a96315c076b;4146355907;33,02
br_curitiba;47ab26f394675157542bd72422512514;5043510609;32,72
br_curitiba;3487c6f2752e75dad7ba57febac32a2f;3701126879;28,12
br_curitiba;84d6ef3bce9a5c31516cacbfe27042c6;5324272973;26,8
br_curitiba;412e5e8f318a974f962443148554b129;4864036969;25,77
br_curitiba;181d5f4f84e37fcd3e35bbbd70b3b89e;68678029900;23,65
br_curitiba;3487c6f2752e75dad7ba57febacd7af1;10320390780;22,95
br_curitiba;be16f29316434c859267a5ea19d92555;3457092923;22,54
br_curitiba;6f439d1b532014c8bfa34833ccfc603a;2607452945;21,24
br_curitiba;752844faffa4a6d899f82c3a29b04d45;42102171825;20,64
br_santos;d0144a467eaa30a5bd8505ac42258f8f;32543729801;19,49
br_curitiba;8225b11ef148606cb26f12ad6e6fbc8e;63217686934;18,25
br_curitiba;84d6ef3bce9a5c31516cacbfe2709cad;6839838900;18,1
br_curitiba;76e5edff417c5870d713d499a8db5940;87246104968;16,97
br_curitiba;ab849226bc0f90e82f220ab8868a98f6;96001470863;16,66
br_curitiba;fd9fc72e5801d579449bd9b12d59b294;8406870958;16,56
br_curitiba;9c44238e231a5358eb2f22b1080bf12b;4172556914;16,36
br_curitiba;157b42f3a1a488aec4798fcddabb657f;18592520959;15,64
br_curitiba;ca02e22be856d4ef5890c8054c47e65b;3585860900;15,18
br_curitiba;157b42f3a1a488aec4798fcddabba0d1;1856795950;13,68
br_curitiba;68fb651cc73fcffc024fc547104583cf;6580967960;13,28
br_curitiba;fd9fc72e5801d579449bd9b12d6a334f;3070708919;12,22
br_curitiba;84d6ef3bce9a5c31516cacbfe270dbf6;3139502966;12
br_curitiba;68fb651cc73fcffc024fc547104683a1;7362689950;10,22
br_curitiba;181d5f4f84e37fcd3e35bbbd70ae0fc0;3836585944;9,88
br_curitiba;593b161f70cb1e9e6990e9cacc5a5761;2387942965;9,45
br_curitiba;af22938f4d8fcac7590cdbd0022637ef;63931052915;9,17
br_curitiba;55ba90367e2ce84359582e5f591c4a12;82527849920;9,08
br_curitiba;84d6ef3bce9a5c31516cacbfe270c269;1640349944;9
br_curitiba;1fbb9b31e029437feb46193a52ff393e;9079673960;9
br_curitiba;98cf25d4e6cddba26ced4c38bbc902a1;38566311949;8,16
br_curitiba;47ab26f394675157542bd724224f6ba8;38813270372;7,59
br_curitiba;be16f29316434c859267a5ea19d4c80c;87160978900;7,21
br_curitiba;84d6ef3bce9a5c31516cacbfe2efbda1;3006810970;6,08
br_curitiba;7344c1db5770b2aae296b442032e76e5;45609217920;5,48
br_curitiba;2358ead189555a1e5907e36507047ab0;99547368915;5,47
br_curitiba;a04a257a84d488c56fa7ea030816ef75;76387020425;4,99
br_curitiba;98cf25d4e6cddba26ced4c38bbc90d28;3810442976;15,85
br_curitiba;cedc359fc092b03aaf937e7bf4905600;3420909926;5,34
br_curitiba;32addf2922229e9c62341796bc9aa934;92480128091;12,05
br_curitiba;98817f59c5db894c9e7b16aac043742f;95181342000;125,18
br_curitiba;0dfa2c0ab490e3df35c81b6086b67e78;25642393820;137,92
br_curitiba;f57eaddd92f1ec6b38302ddd637b5867;916274942;9,76
br_curitiba;2b40c3e8ccc85443a2470fc31d2baef5;6487182982;30,44
