RegionID;CompanyID;DriverNationalIdNum;CostLocal
br_curitiba;55ba90367e2ce84359582e5f592616c0;00196595207;81,92
br_curitiba;cedc359fc092b03aaf937e7bf493d4f5;00585625913;23,5
br_curitiba;76e5edff417c5870d713d499a816f1c8;00955919908;245,19
br_curitiba;32addf2922229e9c62341796bc99e306;01162133961;1158,87
br_curitiba;32addf2922229e9c62341796bc9bdcbf;01819661580;172,75
br_curitiba;157b42f3a1a488aec4798fcddabba0d1;01856795950;43,82
br_curitiba;1fbb9b31e029437feb46193a52ff2f72;02045342913;51,12
br_curitiba;d5e7298451503f17896cb896a15fc95b;02145786902;53,06
br_curitiba;3487c6f2752e75dad7ba57febac99ef8;02259792928;5,98
br_curitiba;752844faffa4a6d899f82c3a29b846de;02431214907;330,31
br_curitiba;d5e7298451503f17896cb896a160435f;02582701955;3,8
br_curitiba;0c64e3d0dceec9ed5ff4869d178af332;02871242909;98,18
br_curitiba;68fb651cc73fcffc024fc54710468e1c;02890331601;14,22
br_curitiba;21bcdda4b7cf9c9c2c002abe9d099ca3;02954977930;83,75
br_curitiba;47e22bf4e97295e9bb96cd927b7fca15;03075189650;150,69
br_curitiba;3487c6f2752e75dad7ba57febacad8b3;03075936146;22,33
br_curitiba;6a5e670bff4573ea42a23f52995cc99f;03084494959;30,45
br_curitiba;752844faffa4a6d899f82c3a29abdc46;03103947917;59,56
br_curitiba;47e22bf4e97295e9bb96cd927b7fb1cd;03137834970;67,82
br_curitiba;d5e7298451503f17896cb896a15f9c29;03382017938;30,53
br_curitiba;be16f29316434c859267a5ea19d92555;03457092923;42,8
br_curitiba;d5e7298451503f17896cb896a15fb397;03536761950;85,77
br_curitiba;c22b81c1bb42ede214d9dd1520d4a599;03650261901;97,19
br_curitiba;21bcdda4b7cf9c9c2c002abe9d03d332;04100599943;4,06
br_curitiba;ef8ef8604470bc9070249a96315c076b;04146355907;171,9
br_curitiba;a33524db6ef6770f37da9eacbf250d62;04149339902;529,54
br_curitiba;9c44238e231a5358eb2f22b1080bf12b;04172556914;20,74
br_curitiba;47e22bf4e97295e9bb96cd927b75ab2d;04409232983;57,93
br_curitiba;6f439d1b532014c8bfa34833ccfcfbfb;04461467732;91,14
br_curitiba;fd9fc72e5801d579449bd9b12d5b34fd;04692434902;815,98
br_curitiba;cfc6380324277bf7268f0f2e8f3c9b00;04751056999;0,43
br_curitiba;8972bf524524ed897c87e28a0fead5b6;04771245932;202,23
br_curitiba;cfc6380324277bf7268f0f2e8f3fb6e5;05028039917;68,7
br_curitiba;1c28bdc0c88c69ff36c17d6efc71ad72;05048430603;102,4
br_curitiba;8225b11ef148606cb26f12ad6e6ef5ee;05312504823;52,45
br_curitiba;ce5a6752e46d8035c28535a0639814e0;05337483994;110,58
br_curitiba;9d402f97712ea702d8f4d61188e1d0c9;05361579955;1181,27
br_curitiba;be16f29316434c859267a5ea19e0a013;05494933954;32,95
br_curitiba;412e5e8f318a974f9624431485507dde;05503600932;66,88
br_curitiba;752844faffa4a6d899f82c3a29a80253;05844335902;105,81
br_curitiba;2aeeeed5c8e0e9eacb195bffbb951032;06011878903;387,49
br_curitiba;55ba90367e2ce84359582e5f590c56b9;06140681936;129,17
br_curitiba;0a0377a438eacec36b2268896fc52b5c;06355274995;620,74
br_curitiba;47e22bf4e97295e9bb96cd927b7fe620;06408448984;71,73
br_curitiba;752844faffa4a6d899f82c3a29c3197f;06420504902;163,58
br_curitiba;412e5e8f318a974f962443148550f320;06662076902;9,37
br_curitiba;84d6ef3bce9a5c31516cacbfe2709cad;06839838900;47,99
br_curitiba;9c44238e231a5358eb2f22b10809e353;07546566916;11,33
br_curitiba;ca02e22be856d4ef5890c8054c409a35;08129341484;92,29
br_curitiba;47e22bf4e97295e9bb96cd927b7ca450;08359378606;60,36
br_curitiba;752844faffa4a6d899f82c3a29c2b6a9;08528379922;26,99
br_curitiba;752844faffa4a6d899f82c3a29ac22de;08654904739;6,39
br_curitiba;752844faffa4a6d899f82c3a29b81bf0;08972247952;1225,07
br_curitiba;68fb651cc73fcffc024fc5471044d8cd;09001908926;54,22
br_curitiba;55ba90367e2ce84359582e5f59122691;09730148902;17,73
br_curitiba;7344c1db5770b2aae296b4420333a07b;10093861907;16,89
br_curitiba;3487c6f2752e75dad7ba57febacd7af1;10320390780;8,72
br_curitiba;0a0377a438eacec36b2268896fc56486;18462469899;64,62
br_curitiba;157b42f3a1a488aec4798fcddabb657f;18592520959;195,61
br_curitiba;2bfe5fe24da51ce2b32598a9a4458933;20510564801;65,39
br_curitiba;0c64e3d0dceec9ed5ff4869d17814444;28341937034;207,22
br_curitiba;47e22bf4e97295e9bb96cd927b794bee;28450906920;53,22
br_curitiba;1fbb9b31e029437feb46193a52feebb9;30819275875;11,89
br_curitiba;c44b7e0b70ebe7ebe9e108cf61010e7c;35833645972;4,24
br_curitiba;cbff527cfc639055cbf59ab3e6fd16c0;44236042134;66,85
br_curitiba;cedc359fc092b03aaf937e7bf4928178;44409770900;30,22
br_curitiba;7344c1db5770b2aae296b442032e76e5;45609217920;138,45
br_curitiba;32addf2922229e9c62341796bc999564;45693951987;101,91
br_curitiba;68fb651cc73fcffc024fc54710455aa1;62522000934;48,36
br_curitiba;3487c6f2752e75dad7ba57febac253cf;62845616953;19,5
br_curitiba;8225b11ef148606cb26f12ad6e6fbc8e;63217686934;1078,21
br_curitiba;181d5f4f84e37fcd3e35bbbd70b3b89e;68678029900;72,23
br_curitiba;2bfe5fe24da51ce2b32598a9a445a77d;72481668987;162,15
br_curitiba;84d6ef3bce9a5c31516cacbfe27115f2;72487445904;47,44
br_curitiba;c44b7e0b70ebe7ebe9e108cf6100a9d9;81349998915;21,8
br_curitiba;8225b11ef148606cb26f12ad6e75be2a;82218285720;42,19
br_curitiba;a33524db6ef6770f37da9eacbf26c440;84188464968;24,13
br_curitiba;c22b81c1bb42ede214d9dd1520d3b9b0;92138020991;66,38
br_curitiba;98817f59c5db894c9e7b16aac043742f;95181342000;6,03
br_curitiba;47e22bf4e97295e9bb96cd927b782c96;98048600900;39,97
br_curitiba;181d5f4f84e37fcd3e35bbbd70acfcb9;98790889134;252,26
br_santos;d0144a467eaa30a5bd8505ac42258f8f;32543729801;36,65
br_santos;33072f67030ec131117b07586cdbe4f7;39261578870;86,03
