RegionId;CompanyId;Cpf;VlRecarga;NomeArquivo;Recharge;CardId;DescricaoProcessamento;DataRecarga
br_curitiba;32addf2922229e9c62341796bc9bdcbf;01819661580;25,42;cabify_recarga_normal_2018-06-22_input.csv;True;5017619;{"debitId":16258023,"creditId":16258024};25/06/2018 08:58:08
br_curitiba;ca02e22be856d4ef5890c8054c44e715;03878461909;12,05;cabify_recarga_normal_2018-06-22_input.csv;True;4791208;{"debitId":16257978,"creditId":16257979};25/06/2018 08:58:08
br_curitiba;68fb651cc73fcffc024fc547104526cb;07643013900;121,62;cabify_recarga_normal_2018-06-22_input.csv;True;5017478;{"debitId":16258068,"creditId":16258071};25/06/2018 08:58:08
br_curitiba;98cf25d4e6cddba26ced4c38bbc90d28;03810442976;15,85;cabify_recarga_normal_2018-06-22_input.csv;False;;Cartao nao encontrado;25/06/2018 08:58:08
br_curitiba;a04a257a84d488c56fa7ea030816ef75;76387020425;27,27;cabify_recarga_normal_2018-06-22_input.csv;True;4791166;{"debitId":16258042,"creditId":16258043};25/06/2018 08:58:08
br_curitiba;0a0377a438eacec36b2268896fc52b5c;06355274995;53,40;cabify_recarga_normal_2018-06-22_input.csv;True;5017633;{"debitId":16257839,"creditId":16257840};25/06/2018 08:58:08
br_curitiba;cedc359fc092b03aaf937e7bf499c5ed;04252116902;23,97;cabify_recarga_normal_2018-06-22_input.csv;True;4791324;{"debitId":16257690,"creditId":16257691};25/06/2018 08:58:08
br_curitiba;8972bf524524ed897c87e28a0fead5b6;04771245932;0,00;cabify_recarga_normal_2018-06-22_input.csv;True;5017654;{"debitId":16257914,"creditId":16257915};25/06/2018 08:58:08
br_curitiba;84d6ef3bce9a5c31516cacbfe2705633;00010798744;164,57;cabify_recarga_normal_2018-06-22_input.csv;False;;Cartao nao encontrado;25/06/2018 08:58:08
br_curitiba;1c28bdc0c88c69ff36c17d6efc71ad72;05048430603;41,98;cabify_recarga_normal_2018-06-22_input.csv;True;4791268;{"debitId":16257845,"creditId":16257848};25/06/2018 08:58:08
br_curitiba;61ddff4845adcba9473a0894b47eab40;79248098991;10,22;cabify_recarga_normal_2018-06-22_input.csv;True;5017693;{"debitId":16258052,"creditId":16258055};25/06/2018 08:58:08
br_curitiba;be16f29316434c859267a5ea19e0a013;54949433954;35,18;cabify_recarga_normal_2018-06-22_input.csv;False;;Cartao nao encontrado;25/06/2018 08:58:08
br_curitiba;752844faffa4a6d899f82c3a29b960b5;16264311839;23,99;cabify_recarga_normal_2018-06-22_input.csv;True;4791230;{"debitId":16257710,"creditId":16257711};25/06/2018 08:58:08
br_curitiba;32addf2922229e9c62341796bc99e306;01162133961;7,27;cabify_recarga_normal_2018-06-22_input.csv;True;4791269;{"debitId":16257866,"creditId":16257867};25/06/2018 08:58:08
br_curitiba;752844faffa4a6d899f82c3a29abdc46;03103947917;17,03;cabify_recarga_normal_2018-06-22_input.csv;True;5017423;{"debitId":16257880,"creditId":16257881};25/06/2018 08:58:08
br_curitiba;68fb651cc73fcffc024fc5471044d8cd;09001908926;65,72;cabify_recarga_normal_2018-06-22_input.csv;True;5017506;{"debitId":16257971,"creditId":16257972};25/06/2018 08:58:08
br_curitiba;98817f59c5db894c9e7b16aac041b1f6;05800574960;21,24;cabify_recarga_normal_2018-06-22_input.csv;True;4791160;{"debitId":16257988,"creditId":16257990};25/06/2018 08:58:08
br_curitiba;68fb651cc73fcffc024fc547104583cf;06580967960;9,52;cabify_recarga_normal_2018-06-22_input.csv;True;5017488;{"debitId":16257884,"creditId":16257885};25/06/2018 08:58:08
br_curitiba;98cf25d4e6cddba26ced4c38bbce08bd;01177261685;212,40;cabify_recarga_normal_2018-06-22_input.csv;True;4791134;{"debitId":16257900,"creditId":16257901};25/06/2018 08:58:08
br_curitiba;f57eaddd92f1ec6b38302ddd6383a191;70984107991;4,94;cabify_recarga_normal_2018-06-22_input.csv;True;4791229;{"debitId":16257843,"creditId":16257844};25/06/2018 08:58:08
br_curitiba;55ba90367e2ce84359582e5f59122691;09730148902;5,48;cabify_recarga_normal_2018-06-22_input.csv;True;5017606;{"debitId":16257935,"creditId":16257936};25/06/2018 08:58:08
br_curitiba;fd9fc72e5801d579449bd9b12d60b62f;04465980973;13,37;cabify_recarga_normal_2018-06-22_input.csv;True;5017698;{"debitId":16258076,"creditId":16258078};25/06/2018 08:58:08
br_curitiba;98cf25d4e6cddba26ced4c38bbc902a1;38566311949;39,83;cabify_recarga_normal_2018-06-22_input.csv;True;4791176;{"debitId":16257876,"creditId":16257877};25/06/2018 08:58:08
br_curitiba;157b42f3a1a488aec4798fcddabb657f;18592520959;133,31;cabify_recarga_normal_2018-06-22_input.csv;True;5017658;{"debitId":16257956,"creditId":16257959};25/06/2018 08:58:08
br_curitiba;cedc359fc092b03aaf937e7bf4905600;03420909926;5,34;cabify_recarga_normal_2018-06-22_input.csv;False;;Cartao nao encontrado;25/06/2018 08:58:08
br_curitiba;1fbb9b31e029437feb46193a52ff6cc9;67220592949;6,50;cabify_recarga_normal_2018-06-22_input.csv;True;5017513;{"debitId":16258028,"creditId":16258029};25/06/2018 08:58:08
br_curitiba;752844faffa4a6d899f82c3a29ac22de;08654904739;261,35;cabify_recarga_normal_2018-06-22_input.csv;True;5017695;{"debitId":16258066,"creditId":16258067};25/06/2018 08:58:08
br_curitiba;752844faffa4a6d899f82c3a29b846de;08894183904;47,61;cabify_recarga_normal_2018-06-22_input.csv;False;;Cartao nao encontrado;25/06/2018 08:58:08
br_curitiba;68fb651cc73fcffc024fc547104683a1;07362689950;30,63;cabify_recarga_normal_2018-06-22_input.csv;True;5017468;{"debitId":16258035,"creditId":16258038};25/06/2018 08:58:08
br_curitiba;55ba90367e2ce84359582e5f590b64b9;05835328966;32,37;cabify_recarga_normal_2018-06-22_input.csv;True;5017697;{"debitId":16258072,"creditId":16258075};25/06/2018 08:58:08
br_curitiba;a94ebedee3b45c4297d121e8c30eb713;46863974991;83,45;cabify_recarga_normal_2018-06-22_input.csv;True;4791167;{"debitId":16257706,"creditId":16257707};25/06/2018 08:58:08
br_curitiba;98cf25d4e6cddba26ced4c38bbcf3df1;02132891990;0,00;cabify_recarga_normal_2018-06-22_input.csv;True;4791142;{"debitId":16257929,"creditId":16257930};25/06/2018 08:58:08
br_curitiba;0cb88b3b9304fe9a1530f13fcb31205f;04187609938;0,00;cabify_recarga_normal_2018-06-22_input.csv;True;5017634;{"debitId":16257851,"creditId":16257853};25/06/2018 08:58:08
br_curitiba;9c44238e231a5358eb2f22b108099f78;03013893907;132,22;cabify_recarga_normal_2018-06-22_input.csv;True;5017483;{"debitId":16257862,"creditId":16257863};25/06/2018 08:58:08
br_curitiba;ca02e22be856d4ef5890c8054c41a294;87246880968;76,49;cabify_recarga_normal_2018-06-22_input.csv;True;4791228;{"debitId":16257693,"creditId":16257694};25/06/2018 08:58:08
br_curitiba;03f3c16bf9536e012fe05a81b5efc812;08787799901;67,17;cabify_recarga_normal_2018-06-22_input.csv;True;4791186;{"debitId":16257920,"creditId":16257921};25/06/2018 08:58:08
br_curitiba;32addf2922229e9c62341796bc999564;45693951987;78,24;cabify_recarga_normal_2018-06-22_input.csv;True;5017609;{"debitId":16257945,"creditId":16257946};25/06/2018 08:58:08
br_curitiba;f57eaddd92f1ec6b38302ddd63825a9f;92196187968;69,69;cabify_recarga_normal_2018-06-22_input.csv;True;4791217;{"debitId":16257807,"creditId":16257810};25/06/2018 08:58:08
br_curitiba;8225b11ef148606cb26f12ad6e6fbc8e;63217686934;87,11;cabify_recarga_normal_2018-06-22_input.csv;True;4791255;{"debitId":16257811,"creditId":16257813};25/06/2018 08:58:08
br_curitiba;157b42f3a1a488aec4798fcddabba0d1;01856795950;39,22;cabify_recarga_normal_2018-06-22_input.csv;True;5017669;{"debitId":16258017,"creditId":16258018};25/06/2018 08:58:08
br_curitiba;6417bb411e17f7879df09d0e0295c7cd;09367714459;113,98;cabify_recarga_normal_2018-06-22_input.csv;True;4791214;{"debitId":16258021,"creditId":16258022};25/06/2018 08:58:08
br_curitiba;0c64e3d0dceec9ed5ff4869d177c6903;06194564938;16,88;cabify_recarga_normal_2018-06-22_input.csv;True;5017618;{"debitId":16257995,"creditId":16257998};25/06/2018 08:58:08
br_curitiba;68fb651cc73fcffc024fc5471044c996;01980534950;64,98;cabify_recarga_normal_2018-06-22_input.csv;True;5017465;{"debitId":16258013,"creditId":16258015};25/06/2018 08:58:08
br_curitiba;266d20595b5c6cec09abb8f97004cd26;18555837987;190,98;cabify_recarga_normal_2018-06-22_input.csv;True;4791168;{"debitId":16257858,"creditId":16257859};25/06/2018 08:58:08
br_curitiba;752844faffa4a6d899f82c3a29b81bf0;08972247952;6,31;cabify_recarga_normal_2018-06-22_input.csv;True;4791290;{"debitId":16257931,"creditId":16257932};25/06/2018 08:58:08
br_curitiba;98817f59c5db894c9e7b16aac041b1f6;05800574960;6,28;cabify_recarga_normal_2018-06-22_input.csv;True;4791160;{"debitId":16257975,"creditId":16257976};25/06/2018 08:58:08
br_curitiba;76e5edff417c5870d713d499a8db5940;87246104968;15,41;cabify_recarga_normal_2018-06-22_input.csv;True;5017651;{"debitId":16257898,"creditId":16257899};25/06/2018 08:58:08
br_curitiba;ab849226bc0f90e82f220ab8868a98f6;96001470863;26,85;cabify_recarga_normal_2018-06-22_input.csv;True;4791133;{"debitId":16257888,"creditId":16257889};25/06/2018 08:58:08
br_curitiba;be16f29316434c859267a5ea19d92555;03457092923;7,88;cabify_recarga_normal_2018-06-22_input.csv;True;5017704;{"debitId":16258085,"creditId":16258086};25/06/2018 08:58:08
br_curitiba;35fd1d6de4280ed53ea93ddb078870ab;05026053912;7,70;cabify_recarga_normal_2018-06-22_input.csv;True;5017421;{"debitId":16257860,"creditId":16257861};25/06/2018 08:58:08
br_curitiba;f57eaddd92f1ec6b38302ddd6378ef62;05334784802;48,65;cabify_recarga_normal_2018-06-22_input.csv;True;4791218;{"debitId":16257821,"creditId":16257822};25/06/2018 08:58:08
br_curitiba;3487c6f2752e75dad7ba57febabf9566;04394791936;118,87;cabify_recarga_normal_2018-06-22_input.csv;True;4791329;{"debitId":16257835,"creditId":16257836};25/06/2018 08:58:08
br_curitiba;ef8ef8604470bc9070249a96315c076b;04146355907;48,14;cabify_recarga_normal_2018-06-22_input.csv;True;5017427;{"debitId":16257894,"creditId":16257895};25/06/2018 08:58:08
br_curitiba;fd9fc72e5801d579449bd9b12d59b294;08406870958;34,94;cabify_recarga_normal_2018-06-22_input.csv;True;5017628;{"debitId":16258063,"creditId":16258064};25/06/2018 08:58:08
br_curitiba;0a0377a438eacec36b2268896fc56486;18462469899;71,56;cabify_recarga_normal_2018-06-22_input.csv;True;5017667;{"debitId":16257999,"creditId":16258000};25/06/2018 08:58:08
br_curitiba;1fbb9b31e029437feb46193a52ff393e;09079673960;8,67;cabify_recarga_normal_2018-06-22_input.csv;True;5017500;{"debitId":16257937,"creditId":16257939};25/06/2018 08:58:08
br_curitiba;916fca93e77945b29cef8bdd02bc22ef;40522377904;159,99;cabify_recarga_normal_2018-06-22_input.csv;True;5017590;{"debitId":16257908,"creditId":16257911};25/06/2018 08:58:08
br_curitiba;6f439d1b532014c8bfa34833ccfc603a;02607452945;117,84;cabify_recarga_normal_2018-06-22_input.csv;True;5017502;{"debitId":16257947,"creditId":16257948};25/06/2018 08:58:08
br_curitiba;ca02e22be856d4ef5890c8054c486d99;07743434940;327,46;cabify_recarga_normal_2018-06-22_input.csv;True;4791182;{"debitId":16257777,"creditId":16257781};25/06/2018 08:58:08
br_curitiba;9c44238e231a5358eb2f22b1080bf12b;04172556914;40,68;cabify_recarga_normal_2018-06-22_input.csv;True;5017487;{"debitId":16257872,"creditId":16257873};25/06/2018 08:58:08
br_curitiba;0c64e3d0dceec9ed5ff4869d17814444;28341937034;19,63;cabify_recarga_normal_2018-06-22_input.csv;True;5017422;{"debitId":16257868,"creditId":16257869};25/06/2018 08:58:08
br_curitiba;84d6ef3bce9a5c31516cacbfe270dbf6;03139502966;92,20;cabify_recarga_normal_2018-06-22_input.csv;True;5017464;{"debitId":16257980,"creditId":16257981};25/06/2018 08:58:08
br_curitiba;3487c6f2752e75dad7ba57febac32a2f;03701126879;33,69;cabify_recarga_normal_2018-06-22_input.csv;True;4791322;{"debitId":16257831,"creditId":16257832};25/06/2018 08:58:08
br_curitiba;98cf25d4e6cddba26ced4c38bbc8e099;93487797968;137,48;cabify_recarga_normal_2018-06-22_input.csv;True;4791148;{"debitId":16257961,"creditId":16257962};25/06/2018 08:58:08
br_curitiba;ab849226bc0f90e82f220ab8868655a6;35517581900;9,72;cabify_recarga_normal_2018-06-22_input.csv;True;4791264;{"debitId":16258019,"creditId":16258020};25/06/2018 08:58:08
br_curitiba;620f03528cbb5f061f15d5d1f4426a81;65356144920;225,78;cabify_recarga_normal_2018-06-22_input.csv;True;4791276;{"debitId":16257740,"creditId":16257741};25/06/2018 08:58:08
br_curitiba;2aeeeed5c8e0e9eacb195bffbb951032;06011878903;18,40;cabify_recarga_normal_2018-06-22_input.csv;True;5017611;{"debitId":16257954,"creditId":16257955};25/06/2018 08:58:08
br_curitiba;be2728d75a81366f9a2065065fb038d8;08903374975;16,89;cabify_recarga_normal_2018-06-22_input.csv;True;4791183;{"debitId":16257904,"creditId":16257906};25/06/2018 08:58:08
br_curitiba;7344c1db5770b2aae296b442033476c8;20095384987;63,42;cabify_recarga_normal_2018-06-22_input.csv;True;4791161;{"debitId":16258003,"creditId":16258006};25/06/2018 08:58:08
br_curitiba;cedc359fc092b03aaf937e7bf48e32d3;03053018969;348,62;cabify_recarga_normal_2018-06-22_input.csv;True;4791257;{"debitId":16257825,"creditId":16257826};25/06/2018 08:58:08
br_curitiba;cedc359fc092b03aaf937e7bf48dd423;16338366739;15,77;cabify_recarga_normal_2018-06-22_input.csv;True;4791145;{"debitId":16257950,"creditId":16257951};25/06/2018 08:58:08
br_curitiba;af22938f4d8fcac7590cdbd0022637ef;63931052915;28,61;cabify_recarga_normal_2018-06-22_input.csv;True;4791205;{"debitId":16257952,"creditId":16257953};25/06/2018 08:58:08
br_curitiba;ca02e22be856d4ef5890c8054c47e65b;03595860900;20,18;cabify_recarga_normal_2018-06-22_input.csv;True;4791232;{"debitId":16257864,"creditId":16257865};25/06/2018 08:58:08
br_curitiba;cedc359fc092b03aaf937e7bf4928178;44409770900;6,72;cabify_recarga_normal_2018-06-22_input.csv;True;4791131;{"debitId":16257874,"creditId":16257875};25/06/2018 08:58:08
br_curitiba;68fb651cc73fcffc024fc54710455aa1;62522000934;10,73;cabify_recarga_normal_2018-06-22_input.csv;True;5017475;{"debitId":16258060,"creditId":16258061};25/06/2018 08:58:08
br_curitiba;7344c1db5770b2aae296b4420333a07b;10093861907;219,21;cabify_recarga_normal_2018-06-22_input.csv;True;4791299;{"debitId":16257943,"creditId":16257944};25/06/2018 08:58:08
br_curitiba;76e5edff417c5870d713d499a820fcb8;51906953953;5,68;cabify_recarga_normal_2018-06-22_input.csv;True;5017671;{"debitId":16258039,"creditId":16258041};25/06/2018 08:58:08
br_curitiba;752844faffa4a6d899f82c3a29c3197f;06420504902;31,76;cabify_recarga_normal_2018-06-22_input.csv;True;4791241;{"debitId":16257918,"creditId":16257919};25/06/2018 08:58:08
br_curitiba;4abe5d9b416007666f230d467720ec6d;17077632830;18,48;cabify_recarga_normal_2018-06-22_input.csv;True;5017510;{"debitId":16257986,"creditId":16257987};25/06/2018 08:58:08
br_curitiba;be16f29316434c859267a5ea19dd01d6;37429051987;32,24;cabify_recarga_normal_2018-06-22_input.csv;True;4791281;{"debitId":16257890,"creditId":16257891};25/06/2018 08:58:08
br_curitiba;55ba90367e2ce84359582e5f5918562e;06253080938;6,62;cabify_recarga_normal_2018-06-22_input.csv;True;4791266;{"debitId":16258030,"creditId":16258031};25/06/2018 08:58:08
br_curitiba;916fca93e77945b29cef8bdd02bc22ef;40522377904;94,16;cabify_recarga_normal_2018-06-22_input.csv;True;5017590;{"debitId":16257922,"creditId":16257924};25/06/2018 08:58:08
br_curitiba;3487c6f2752e75dad7ba57febacad8b3;03075936146;59,11;cabify_recarga_normal_2018-06-22_input.csv;True;4791319;{"debitId":16257814,"creditId":16257817};25/06/2018 08:58:08
br_curitiba;03f3c16bf9536e012fe05a81b5ef0a55;51929589972;29,52;cabify_recarga_normal_2018-06-22_input.csv;True;4791225;{"debitId":16257849,"creditId":16257850};25/06/2018 08:58:08
br_curitiba;3487c6f2752e75dad7ba57febac99ef8;02259792928;31,61;cabify_recarga_normal_2018-06-22_input.csv;True;4791318;{"debitId":16258032,"creditId":16258033};25/06/2018 08:58:08
br_curitiba;c22b81c1bb42ede214d9dd1520d3b9b0;92138020991;19,00;cabify_recarga_normal_2018-06-22_input.csv;True;5017709;{"debitId":16258089,"creditId":16258090};25/06/2018 08:58:08
br_santos;d0144a467eaa30a5bd8505ac42258f8f;32543729801;26,93;cabify_recarga_normal_2018-06-22_input.csv;True;4815789;{"debitId":16257841,"creditId":16257842};25/06/2018 08:58:08
br_curitiba;84d6ef3bce9a5c31516cacbfe2709cad;06839838900;76,33;cabify_recarga_normal_2018-06-22_input.csv;True;5017472;{"debitId":16258056,"creditId":16258057};25/06/2018 08:58:08
br_curitiba;f57eaddd92f1ec6b38302ddd637a57f1;87671182915;21,42;cabify_recarga_normal_2018-06-22_input.csv;True;4791210;{"debitId":16257993,"creditId":16257994};25/06/2018 08:58:08
br_curitiba;ab849226bc0f90e82f220ab8868a20c4;05122788650;23,49;cabify_recarga_normal_2018-06-22_input.csv;True;4791129;{"debitId":16257742,"creditId":16257743};25/06/2018 08:58:08
br_curitiba;3487c6f2752e75dad7ba57febac253cf;62845616953;78,63;cabify_recarga_normal_2018-06-22_input.csv;True;4791128;{"debitId":16257854,"creditId":16257855};25/06/2018 08:58:08
br_curitiba;f57eaddd92f1ec6b38302ddd637b5867;00916274942;9,76;cabify_recarga_normal_2018-06-22_input.csv;False;;Cartao nao encontrado;25/06/2018 08:58:08
br_curitiba;752844faffa4a6d899f82c3a29c2b6a9;08528379922;13,31;cabify_recarga_normal_2018-06-22_input.csv;True;4791247;{"debitId":16257940,"creditId":16257941};25/06/2018 08:58:08
br_curitiba;412e5e8f318a974f962443148554b129;04864036969;4,53;cabify_recarga_normal_2018-06-22_input.csv;True;5017612;{"debitId":16257969,"creditId":16257970};25/06/2018 08:58:08
br_curitiba;7344c1db5770b2aae296b442032e76e5;45609217920;15,32;cabify_recarga_normal_2018-06-22_input.csv;True;4791153;{"debitId":16257818,"creditId":16257819};25/06/2018 08:58:08
br_curitiba;9c44238e231a5358eb2f22b10809cc56;05197158611;10,62;cabify_recarga_normal_2018-06-22_input.csv;True;5017471;{"debitId":16258050,"creditId":16258051};25/06/2018 08:58:08
br_curitiba;6417bb411e17f7879df09d0e0297559b;62454692953;0,00;cabify_recarga_normal_2018-06-22_input.csv;True;4791212;{"debitId":16258007,"creditId":16258011};25/06/2018 08:58:08
br_curitiba;55ba90367e2ce84359582e5f590c56b9;06140681936;5,25;cabify_recarga_normal_2018-06-22_input.csv;True;5017705;{"debitId":16258087,"creditId":16258088};25/06/2018 08:58:08
br_curitiba;a41d8afe439b0c733cec59893f0735fc;03523854997;35,92;cabify_recarga_normal_2018-06-22_input.csv;True;4791152;{"debitId":16257785,"creditId":16257786};25/06/2018 08:58:08
br_curitiba;ca02e22be856d4ef5890c8054c47e65b;03585860900;15,18;cabify_recarga_normal_2018-06-22_input.csv;False;;Cartao nao encontrado;25/06/2018 08:58:08
br_curitiba;6417bb411e17f7879df09d0e02998da5;02989308970;30,79;cabify_recarga_normal_2018-06-22_input.csv;True;4791207;{"debitId":16257963,"creditId":16257964};25/06/2018 08:58:08
br_curitiba;55ba90367e2ce84359582e5f591d5f20;64039412915;48,44;cabify_recarga_normal_2018-06-22_input.csv;True;4791323;{"debitId":16258047,"creditId":16258048};25/06/2018 08:58:08
br_curitiba;6f439d1b532014c8bfa34833ccfd7a4e;31449416896;27,29;cabify_recarga_normal_2018-06-22_input.csv;True;5017499;{"debitId":16257925,"creditId":16257926};25/06/2018 08:58:08
