RegionID;CompanyID;DriverNationalIdNum;CostLocal
br_curitiba;98cf25d4e6cddba26ced4c38bbc90d28;3810442976;15,85
br_curitiba;cedc359fc092b03aaf937e7bf4905600;3420909926;5,34
br_curitiba;f57eaddd92f1ec6b38302ddd637b5867;916274942;9,76
br_curitiba;ca02e22be856d4ef5890c8054c47e65b;3585860900;37,24
br_curitiba;9c44238e231a5358eb2f22b10809cc56;5197158611;38,27
br_curitiba;47e22bf4e97295e9bb96cd927b794bee;28450906920;5,31
br_curitiba;2bfe5fe24da51ce2b32598a9a445a77d;72481668987;87,17
br_curitiba;47e22bf4e97295e9bb96cd927b75ab2d;4409232983;26,47
br_curitiba;d4956cc8e637dffbc124033f058d1c4c;3990058975;17,37
br_curitiba;d5e7298451503f17896cb896a15fc95b;2145786902;14,51
br_curitiba;d5e7298451503f17896cb896a160435f;2582701955;50,2
br_curitiba;21bcdda4b7cf9c9c2c002abe9d070f82;489932983;40,26
br_curitiba;84d6ef3bce9a5c31516cacbfe2705633;25346172904;151,02
br_curitiba;cbff527cfc639055cbf59ab3e6fd16c0;44236042134;8,53
br_curitiba;d5f04aeafc4aaa5f0e50c83e89a25938;7680514950;48,55
br_curitiba;21bcdda4b7cf9c9c2c002abe9d05059f;8100057869;21,17
br_curitiba;47e22bf4e97295e9bb96cd927b7a46ac;1031908137;52,52
br_curitiba;a33524db6ef6770f37da9eacbf26c440;84188464968;27,83
br_curitiba;68fb651cc73fcffc024fc5471044d8cd;9001908926;34,15
br_curitiba;21bcdda4b7cf9c9c2c002abe9d08872d;1003758983;8,83
br_curitiba;21bcdda4b7cf9c9c2c002abe9d07fb5b;7866691959;9,8
br_curitiba;cfc6380324277bf7268f0f2e8f3c9b00;4751056999;6,89
br_curitiba;47e22bf4e97295e9bb96cd927b75debe;5761308428;60,55
br_curitiba;cfc6380324277bf7268f0f2e8f3cb388;79506941904;49,67
br_curitiba;c55f0380554ba572d2041e26903d2ba6;4996081945;61,4
br_curitiba;a33524db6ef6770f37da9eacbf28d799;6436236988;20,21
br_curitiba;55ba90367e2ce84359582e5f5918562e;6253080938;25,64
br_curitiba;21bcdda4b7cf9c9c2c002abe9d0722cc;4654701907;14,18
br_curitiba;d5e7298451503f17896cb896a15fb397;3536761950;210,83
br_curitiba;47e22bf4e97295e9bb96cd927b7fe620;6408448984;40,96
br_curitiba;181d5f4f84e37fcd3e35bbbd70acfcb9;98790889134;38,55
br_curitiba;21bcdda4b7cf9c9c2c002abe9d099ca3;2954977930;288,23
br_curitiba;21bcdda4b7cf9c9c2c002abe9d082820;1623286050;32,28
br_curitiba;2bfe5fe24da51ce2b32598a9a4458933;20510564801;62,29
br_curitiba;21bcdda4b7cf9c9c2c002abe9d0784ef;2552123996;87,67
br_curitiba;d5e7298451503f17896cb896a15f9c29;3382017938;11,91
br_curitiba;47e22bf4e97295e9bb96cd927b7f6c93;5186898910;48,52
br_curitiba;476c55c99e1c52e20705ac906953ae63;8458034921;23,41
br_curitiba;6a5e670bff4573ea42a23f52995cc99f;3084494959;44,22
br_curitiba;55ba90367e2ce84359582e5f591cbb72;885528964;198,64
br_curitiba;266d20595b5c6cec09abb8f97004cd26;18555837987;795,05
br_curitiba;1fbb9b31e029437feb46193a52ffa212;54507014972;268,94
