RegionId;CompanyId;Cpf;VlRecarga;NomeArquivo;Recharge;CardId;DescricaoProcessamento;DataRecarga
br_curitiba;752844faffa4a6d899f82c3a29c3197f;06420504902;20,25;cabify_recarga_normal_2018-06-15_input.csv;True;4791241;{"debitId":15268138,"creditId":15268139};15/06/2018 18:50:09
br_curitiba;cedc359fc092b03aaf937e7bf48dd423;16338366739;6,91;cabify_recarga_normal_2018-06-15_input.csv;True;4791145;{"debitId":15268240,"creditId":15268246};15/06/2018 18:50:09
br_curitiba;fd9fc72e5801d579449bd9b12d60b62f;04465980973;64,23;cabify_recarga_normal_2018-06-15_input.csv;True;5017698;{"debitId":15268535,"creditId":15268536};15/06/2018 18:50:09
br_curitiba;181d5f4f84e37fcd3e35bbbd70ae0fc0;03836585944;22,79;cabify_recarga_normal_2018-06-15_input.csv;True;5017653;{"debitId":15268224,"creditId":15268225};15/06/2018 18:50:09
br_curitiba;a04a257a84d488c56fa7ea03081677c0;05501212935;12,72;cabify_recarga_normal_2018-06-15_input.csv;True;4791165;{"debitId":15267512,"creditId":15267518};15/06/2018 18:50:09
br_curitiba;2aeeeed5c8e0e9eacb195bffbb951032;06011878903;17,76;cabify_recarga_normal_2018-06-15_input.csv;True;5017611;{"debitId":15267910,"creditId":15267911};15/06/2018 18:50:09
br_curitiba;76e5edff417c5870d713d499a81e7379;06458386915;34,22;cabify_recarga_normal_2018-06-15_input.csv;True;5017666;{"debitId":15268346,"creditId":15268349};15/06/2018 18:50:09
br_curitiba;be16f29316434c859267a5ea19dd01d6;37429051987;60,19;cabify_recarga_normal_2018-06-15_input.csv;True;4791281;{"debitId":15268204,"creditId":15268205};15/06/2018 18:50:09
br_curitiba;76e5edff417c5870d713d499a8db5940;87246104968;79,86;cabify_recarga_normal_2018-06-15_input.csv;True;5017651;{"debitId":15268208,"creditId":15268209};15/06/2018 18:50:09
br_curitiba;620f03528cbb5f061f15d5d1f4426a81;65356144920;350,33;cabify_recarga_normal_2018-06-15_input.csv;True;4791276;{"debitId":15268140,"creditId":15268145};15/06/2018 18:50:09
br_curitiba;752844faffa4a6d899f82c3a29ac22de;08654904739;363,40;cabify_recarga_normal_2018-06-15_input.csv;True;5017695;{"debitId":15268528,"creditId":15268530};15/06/2018 18:50:09
br_curitiba;fef9eafedd4d7077865fa38ad2c13e14;63868814949;22,37;cabify_recarga_normal_2018-06-15_input.csv;True;4791204;{"debitId":15268288,"creditId":15268291};15/06/2018 18:50:09
br_curitiba;7344c1db5770b2aae296b4420333a07b;10093861907;532,75;cabify_recarga_normal_2018-06-15_input.csv;True;4791299;{"debitId":15268228,"creditId":15268230};15/06/2018 18:50:09
br_curitiba;8972bf524524ed897c87e28a0fead5b6;04771245932;4,88;cabify_recarga_normal_2018-06-15_input.csv;True;5017654;{"debitId":15268233,"creditId":15268235};15/06/2018 18:50:09
br_curitiba;42d13e33826efecb529005f15678b965;07375679967;22,76;cabify_recarga_normal_2018-06-15_input.csv;True;5017420;{"debitId":15268294,"creditId":15268299};15/06/2018 18:50:09
br_curitiba;6b59627fccefb7105789913a2b00977b;99377055920;21,04;cabify_recarga_normal_2018-06-15_input.csv;True;5017433;{"debitId":15268371,"creditId":15268373};15/06/2018 18:50:09
br_curitiba;2da841c387c59e98a7e66d8131f7e6ec;87212455920;49,19;cabify_recarga_normal_2018-06-15_input.csv;True;5017607;{"debitId":15268484,"creditId":15268485};15/06/2018 18:50:09
br_curitiba;55ba90367e2ce84359582e5f59122691;09730148902;11,57;cabify_recarga_normal_2018-06-15_input.csv;True;5017606;{"debitId":15268471,"creditId":15268481};15/06/2018 18:50:09
br_curitiba;cedc359fc092b03aaf937e7bf48e32d3;03053018969;554,30;cabify_recarga_normal_2018-06-15_input.csv;True;4791257;{"debitId":15268353,"creditId":15268354};15/06/2018 18:50:09
br_curitiba;266d20595b5c6cec09abb8f97004cd26;18555837987;360,64;cabify_recarga_normal_2018-06-15_input.csv;True;4791168;{"debitId":15267958,"creditId":15267970};15/06/2018 18:50:09
br_curitiba;fd9fc72e5801d579449bd9b12d59b294;08406870958;17,05;cabify_recarga_normal_2018-06-15_input.csv;True;5017628;{"debitId":15268104,"creditId":15268109};15/06/2018 18:50:09
br_curitiba;fd9fc72e5801d579449bd9b12d5f5a79;99634520944;66,48;cabify_recarga_normal_2018-06-15_input.csv;True;5017648;{"debitId":15268192,"creditId":15268197};15/06/2018 18:50:09
3;03053018969;000R$554,30;;cabify_recarga_normal_2018-06-15_input.csv;False;;Cartao nao encontrado;15/06/2018 18:50:09
br_curitiba;98cf25d4e6cddba26ced4c38bbcf3df1;02132891990;81,49;cabify_recarga_normal_2018-06-15_input.csv;True;4791142;{"debitId":15268199,"creditId":15268202};15/06/2018 18:50:09
br_curitiba;98cf25d4e6cddba26ced4c38bbc8e099;93487797968;14,23;cabify_recarga_normal_2018-06-15_input.csv;True;4791148;{"debitId":15267826,"creditId":15267828};15/06/2018 18:50:09
br_curitiba;be16f29316434c859267a5ea19d92555;03457092923;24,63;cabify_recarga_normal_2018-06-15_input.csv;True;5017704;{"debitId":15268538,"creditId":15268539};15/06/2018 18:50:09
br_curitiba;03f3c16bf9536e012fe05a81b5ef0a55;51929589972;27,89;cabify_recarga_normal_2018-06-15_input.csv;True;4791225;{"debitId":15268146,"creditId":15268147};15/06/2018 18:50:09
br_curitiba;9973249e31bfce6ba08d66246b5073ce;05620524965;9,76;cabify_recarga_normal_2018-06-15_input.csv;True;5017664;{"debitId":15268302,"creditId":15268306};15/06/2018 18:50:09
br_curitiba;0a0377a438eacec36b2268896fc52b5c;06355274995;26,58;cabify_recarga_normal_2018-06-15_input.csv;True;5017633;{"debitId":15268157,"creditId":15268158};15/06/2018 18:50:09
br_curitiba;14a6c0e789c5ef0ee410e49bed198876;06662076902;81,42;cabify_recarga_normal_2018-06-15_input.csv;True;5017600;{"debitId":15268432,"creditId":15268440};15/06/2018 18:50:09
br_curitiba;412e5e8f318a974f962443148554b129;04864036969;73,38;cabify_recarga_normal_2018-06-15_input.csv;True;5017612;{"debitId":15267933,"creditId":15267936};15/06/2018 18:50:09
br_curitiba;9d402f97712ea702d8f4d61188e1d0c9;05361579955;0,00;cabify_recarga_normal_2018-06-15_input.csv;True;5017617;{"debitId":15267995,"creditId":15268006};15/06/2018 18:50:09
br_curitiba;1c28bdc0c88c69ff36c17d6efc6e1f40;31879250144;172,11;cabify_recarga_normal_2018-06-15_input.csv;True;4791303;{"debitId":15268249,"creditId":15268250};15/06/2018 18:50:09
br_curitiba;7a6ad84fef9b6882dbf11bf0c22b4233;04692434902;5,61;cabify_recarga_normal_2018-06-15_input.csv;True;5017631;{"debitId":15268134,"creditId":15268136};15/06/2018 18:50:09
br_curitiba;d05f05cc5934d94a0bb1360058bd509c;59956720968;31,01;cabify_recarga_normal_2018-06-15_input.csv;True;4791258;{"debitId":15268377,"creditId":15268378};15/06/2018 18:50:09
br_curitiba;3487c6f2752e75dad7ba57febacd7af1;10320390780;32,94;cabify_recarga_normal_2018-06-15_input.csv;True;4791326;{"debitId":15268132,"creditId":15268133};15/06/2018 18:50:09
br_curitiba;8225b11ef148606cb26f12ad6e6ef5ee;05312504823;32,58;cabify_recarga_normal_2018-06-15_input.csv;True;4791254;{"debitId":15268283,"creditId":15268287};15/06/2018 18:50:09
br_curitiba;33072f67030ec131117b07586cdbe4f7;39261578870;74,53;cabify_recarga_normal_2018-06-15_input.csv;True;4815791;{"debitId":15268219,"creditId":15268222};15/06/2018 18:50:09
br_curitiba;8225b11ef148606cb26f12ad6e6fbc8e;63217686934;20,80;cabify_recarga_normal_2018-06-15_input.csv;True;4791255;{"debitId":15268310,"creditId":15268311};15/06/2018 18:50:09
br_curitiba;3487c6f2752e75dad7ba57febabf9566;04394791936;214,46;cabify_recarga_normal_2018-06-15_input.csv;True;4791329;{"debitId":15268206,"creditId":15268207};15/06/2018 18:50:09
br_curitiba;157b42f3a1a488aec4798fcddabba0d1;01856795950;55,66;cabify_recarga_normal_2018-06-15_input.csv;True;5017669;{"debitId":15268404,"creditId":15268406};15/06/2018 18:50:09
br_curitiba;6417bb411e17f7879df09d0e029d04d3;73917443953;20,04;cabify_recarga_normal_2018-06-15_input.csv;True;4791173;{"debitId":15268076,"creditId":15268078};15/06/2018 18:50:09
br_curitiba;7344c1db5770b2aae296b442033476c8;20095384987;31,38;cabify_recarga_normal_2018-06-15_input.csv;True;4791161;{"debitId":15268449,"creditId":15268450};15/06/2018 18:50:09
br_curitiba;47ab26f394675157542bd72422512514;05043510609;4,88;cabify_recarga_normal_2018-06-15_input.csv;True;4791200;{"debitId":15268214,"creditId":15268215};15/06/2018 18:50:09
br_curitiba;8d54725e4e2511c6032096494cdfae0f;15915385800;54,47;cabify_recarga_normal_2018-06-15_input.csv;True;4815787;{"debitId":15268231,"creditId":15268232};15/06/2018 18:50:09
br_curitiba;a94ebedee3b45c4297d121e8c30eb713;46863974991;136,40;cabify_recarga_normal_2018-06-15_input.csv;True;4791167;{"debitId":15267561,"creditId":15267576};15/06/2018 18:50:09
br_curitiba;61ddff4845adcba9473a0894b47eab40;79248098991;79,22;cabify_recarga_normal_2018-06-15_input.csv;True;5017693;{"debitId":15268491,"creditId":15268493};15/06/2018 18:50:09
br_curitiba;f57eaddd92f1ec6b38302ddd637a57f1;87671182915;197,60;cabify_recarga_normal_2018-06-15_input.csv;True;4791210;{"debitId":15268417,"creditId":15268428};15/06/2018 18:50:09
br_curitiba;55ba90367e2ce84359582e5f5918562e;06253080938;15,29;cabify_recarga_normal_2018-06-15_input.csv;True;4791266;{"debitId":15267879,"creditId":15267880};15/06/2018 18:50:09
br_curitiba;f57eaddd92f1ec6b38302ddd637712ff;01312270683;65,59;cabify_recarga_normal_2018-06-15_input.csv;True;4791215;{"debitId":15267904,"creditId":15267905};15/06/2018 18:50:09
br_curitiba;157b42f3a1a488aec4798fcddabb657f;18592520959;105,64;cabify_recarga_normal_2018-06-15_input.csv;True;5017658;{"debitId":15268278,"creditId":15268281};15/06/2018 18:50:09
br_curitiba;2358ead189555a1e5907e3650702ad9d;01474394779;37,34;cabify_recarga_normal_2018-06-15_input.csv;True;4791328;{"debitId":15268190,"creditId":15268191};15/06/2018 18:50:09
br_curitiba;a04a257a84d488c56fa7ea030816ef75;76387020425;118,36;cabify_recarga_normal_2018-06-15_input.csv;True;4791166;{"debitId":15267899,"creditId":15267900};15/06/2018 18:50:09
br_curitiba;181d5f4f84e37fcd3e35bbbd70b3b89e;68678029900;50,19;cabify_recarga_normal_2018-06-15_input.csv;True;5017665;{"debitId":15268325,"creditId":15268328};15/06/2018 18:50:09
br_curitiba;af22938f4d8fcac7590cdbd0022637ef;63931052915;35,05;cabify_recarga_normal_2018-06-15_input.csv;True;4791205;{"debitId":15268314,"creditId":15268315};15/06/2018 18:50:09
br_curitiba;98cf25d4e6cddba26ced4c38bbce08bd;01177261685;72,26;cabify_recarga_normal_2018-06-15_input.csv;True;4791134;{"debitId":15267610,"creditId":15267611};15/06/2018 18:50:09
br_curitiba;752844faffa4a6d899f82c3a29b960b5;16264311839;52,50;cabify_recarga_normal_2018-06-15_input.csv;True;4791230;{"debitId":15267891,"creditId":15267892};15/06/2018 18:50:09
br_curitiba;a41d8afe439b0c733cec59893f0998e2;29571484806;18,70;cabify_recarga_normal_2018-06-15_input.csv;True;4791308;{"debitId":15268381,"creditId":15268383};15/06/2018 18:50:09
br_curitiba;ef8ef8604470bc9070249a96315c076b;04146355907;58,32;cabify_recarga_normal_2018-06-15_input.csv;True;5017427;{"debitId":15268344,"creditId":15268345};15/06/2018 18:50:09
br_curitiba;6417bb411e17f7879df09d0e0295c7cd;09367714459;116,61;cabify_recarga_normal_2018-06-15_input.csv;True;4791214;{"debitId":15267881,"creditId":15267884};15/06/2018 18:50:09
br_curitiba;6786e03e57bdeac5e237f1fd32a2c5b1;22718891890;8,69;cabify_recarga_normal_2018-06-15_input.csv;True;5017605;{"debitId":15268466,"creditId":15268469};15/06/2018 18:50:09
br_curitiba;af22938f4d8fcac7590cdbd00226f5c3;07465315913;21,45;cabify_recarga_normal_2018-06-15_input.csv;True;4791194;{"debitId":15267838,"creditId":15267841};15/06/2018 18:50:09
br_curitiba;3487c6f2752e75dad7ba57febac3e0e7;55295452972;16,18;cabify_recarga_normal_2018-06-15_input.csv;True;4791144;{"debitId":15268226,"creditId":15268227};15/06/2018 18:50:09
br_curitiba;cedc359fc092b03aaf937e7bf493d4f5;00585625913;11,14;cabify_recarga_normal_2018-06-15_input.csv;True;4791135;{"debitId":15267653,"creditId":15267654};15/06/2018 18:50:09
br_curitiba;916fca93e77945b29cef8bdd02bc22ef;40522377904;776,98;cabify_recarga_normal_2018-06-15_input.csv;True;5017590;{"debitId":15268393,"creditId":15268401};15/06/2018 18:50:09
br_curitiba;32addf2922229e9c62341796bc99e306;01162133961;73,57;cabify_recarga_normal_2018-06-15_input.csv;True;4791269;{"debitId":15268032,"creditId":15268039};15/06/2018 18:50:09
br_curitiba;98817f59c5db894c9e7b16aac041b1f6;05800574960;26,64;cabify_recarga_normal_2018-06-15_input.csv;True;4791160;{"debitId":15268410,"creditId":15268413};15/06/2018 18:50:09
br_curitiba;be16f29316434c859267a5ea19e0a013;05494933954;20,19;cabify_recarga_normal_2018-06-15_input.csv;True;4791253;{"debitId":15267845,"creditId":15267850};15/06/2018 18:50:09
br_curitiba;752844faffa4a6d899f82c3a29aa99e4;02470282900;12,94;cabify_recarga_normal_2018-06-15_input.csv;True;5017694;{"debitId":15268499,"creditId":15268516};15/06/2018 18:50:09
br_curitiba;0a0377a438eacec36b2268896fc56486;18462469899;219,58;cabify_recarga_normal_2018-06-15_input.csv;True;5017667;{"debitId":15268375,"creditId":15268376};15/06/2018 18:50:09
br_curitiba;cedc359fc092b03aaf937e7bf499c5ed;04252116902;508,42;cabify_recarga_normal_2018-06-15_input.csv;True;4791324;{"debitId":15268079,"creditId":15268093};15/06/2018 18:50:09
br_curitiba;7344c1db5770b2aae296b442032e76e5;45609217920;15,12;cabify_recarga_normal_2018-06-15_input.csv;True;4791153;{"debitId":15268331,"creditId":15268333};15/06/2018 18:50:09
br_curitiba;76e5edff417c5870d713d499a81fc5de;02299958967;13,66;cabify_recarga_normal_2018-06-15_input.csv;True;5017673;{"debitId":15268445,"creditId":15268446};15/06/2018 18:50:09
br_curitiba;752844faffa4a6d899f82c3a29c2b6a9;08528379922;14,79;cabify_recarga_normal_2018-06-15_input.csv;True;4791247;{"debitId":15268212,"creditId":15268213};15/06/2018 18:50:09
br_curitiba;98cf25d4e6cddba26ced4c38bbc902a1;38566311949;7,07;cabify_recarga_normal_2018-06-15_input.csv;True;4791176;{"debitId":15268130,"creditId":15268131};15/06/2018 18:50:09
br_curitiba;ca02e22be856d4ef5890c8054c41a294;87246880968;58,21;cabify_recarga_normal_2018-06-15_input.csv;True;4791228;{"debitId":15267542,"creditId":15267545};15/06/2018 18:50:09
br_curitiba;ca02e22be856d4ef5890c8054c44e715;03878461909;31,34;cabify_recarga_normal_2018-06-15_input.csv;True;4791208;{"debitId":15268361,"creditId":15268366};15/06/2018 18:50:09
br_curitiba;9368f2714f841805526699ae02ad4174;09456279987;50,80;cabify_recarga_normal_2018-06-15_input.csv;True;5017608;{"debitId":15267861,"creditId":15267869};15/06/2018 18:50:09
br_curitiba;7c46f6ab874adb2c9628c733a1c04836;02439554995;35,69;cabify_recarga_normal_2018-06-15_input.csv;True;4791252;{"debitId":15267832,"creditId":15267833};15/06/2018 18:50:09
br_curitiba;35fd1d6de4280ed53ea93ddb078870ab;05026053912;189,05;cabify_recarga_normal_2018-06-15_input.csv;True;5017421;{"debitId":15268316,"creditId":15268319};15/06/2018 18:50:09
br_curitiba;55ba90367e2ce84359582e5f59137a9a;08267185909;15,26;cabify_recarga_normal_2018-06-15_input.csv;True;4791237;{"debitId":15268071,"creditId":15268074};15/06/2018 18:50:09
br_curitiba;be16f29316434c859267a5ea19da7d02;00954432908;11,04;cabify_recarga_normal_2018-06-15_input.csv;True;5017602;{"debitId":15268457,"creditId":15268458};15/06/2018 18:50:09
br_curitiba;593b161f70cb1e9e6990e9cacc5a5761;02387942965;27,73;cabify_recarga_normal_2018-06-15_input.csv;True;4791188;{"debitId":15267829,"creditId":15267831};15/06/2018 18:50:09
br_curitiba;7344c1db5770b2aae296b442032cc5d4;85869562953;5,60;cabify_recarga_normal_2018-06-15_input.csv;True;4791240;{"debitId":15268124,"creditId":15268126};15/06/2018 18:50:09
br_curitiba;55ba90367e2ce84359582e5f590c56b9;06140681936;27,21;cabify_recarga_normal_2018-06-15_input.csv;True;5017705;{"debitId":15268541,"creditId":15268542};15/06/2018 18:50:09
br_curitiba;0c64e3d0dceec9ed5ff4869d177c22fb;02896669965;11,32;cabify_recarga_normal_2018-06-15_input.csv;True;4791244;{"debitId":15268164,"creditId":15268165};15/06/2018 18:50:09
br_curitiba;3487c6f2752e75dad7ba57febac253cf;62845616953;151,11;cabify_recarga_normal_2018-06-15_input.csv;True;4791128;{"debitId":15267875,"creditId":15267876};15/06/2018 18:50:09
br_curitiba;1c28bdc0c88c69ff36c17d6efc71ad72;05048430603;19,03;cabify_recarga_normal_2018-06-15_input.csv;True;4791268;{"debitId":15267615,"creditId":15267617};15/06/2018 18:50:09
br_curitiba;f57eaddd92f1ec6b38302ddd63825a9f;92196187968;57,33;cabify_recarga_normal_2018-06-15_input.csv;True;4791217;{"debitId":15267853,"creditId":15267854};15/06/2018 18:50:09
br_curitiba;ab849226bc0f90e82f220ab8868a98f6;96001470863;135,97;cabify_recarga_normal_2018-06-15_input.csv;True;4791133;{"debitId":15268015,"creditId":15268022};15/06/2018 18:50:09
br_curitiba;cedc359fc092b03aaf937e7bf4928178;44409770900;26,80;cabify_recarga_normal_2018-06-15_input.csv;True;4791131;{"debitId":15267939,"creditId":15267948};15/06/2018 18:50:09
br_curitiba;ca02e22be856d4ef5890c8054c486d99;07743434940;464,17;cabify_recarga_normal_2018-06-15_input.csv;True;4791182;{"debitId":15268181,"creditId":15268183};15/06/2018 18:50:09
br_curitiba;f57eaddd92f1ec6b38302ddd6378ef62;05334784802;99,50;cabify_recarga_normal_2018-06-15_input.csv;True;4791218;{"debitId":15267927,"creditId":15267930};15/06/2018 18:50:09
;2da841c387c59e98a7e66d8131f7e6ec;87212455920;49,19;cabify_recarga_normal_2018-06-15_input.csv;True;5017607;{"debitId":15268496,"creditId":15268498};15/06/2018 18:50:09
br_curitiba;ab849226bc0f90e82f220ab8868a20c4;05122788650;43,97;cabify_recarga_normal_2018-06-15_input.csv;True;4791129;{"debitId":15267912,"creditId":15267918};15/06/2018 18:50:09
br_curitiba;6417bb411e17f7879df09d0e0297559b;62454692953;48,08;cabify_recarga_normal_2018-06-15_input.csv;True;4791212;{"debitId":15268451,"creditId":15268452};15/06/2018 18:50:09
br_curitiba;3487c6f2752e75dad7ba57febacad8b3;03075936146;16,27;cabify_recarga_normal_2018-06-15_input.csv;True;4791319;{"debitId":15267871,"creditId":15267873};15/06/2018 18:50:09
br_curitiba;094e8a16bb30f99a57098905f84ec51c;58070486953;53,95;cabify_recarga_normal_2018-06-15_input.csv;True;4791250;{"debitId":15267810,"creditId":15267813};15/06/2018 18:50:09
br_curitiba;029f56a65279f3ac6fdaf35914c4b7ab;06200623988;45,34;cabify_recarga_normal_2018-06-15_input.csv;True;5017610;{"debitId":15267888,"creditId":15267889};15/06/2018 18:50:09
br_curitiba;0dfa2c0ab490e3df35c81b6086af4bae;07568201970;5,57;cabify_recarga_normal_2018-06-15_input.csv;True;5017620;{"debitId":15268063,"creditId":15268066};15/06/2018 18:50:09
br_curitiba;ca02e22be856d4ef5890c8054c409a35;08129341484;33,49;cabify_recarga_normal_2018-06-15_input.csv;True;4791213;{"debitId":15267490,"creditId":15267492};15/06/2018 18:50:09
br_curitiba;1c28bdc0c88c69ff36c17d6efc7bf55d;99924773187;81,82;cabify_recarga_normal_2018-06-15_input.csv;True;4791307;{"debitId":15268337,"creditId":15268339};15/06/2018 18:50:09
br_curitiba;0c64e3d0dceec9ed5ff4869d1780ec6d;09530824904;10,40;cabify_recarga_normal_2018-06-15_input.csv;True;5017691;{"debitId":15268459,"creditId":15268460};15/06/2018 18:50:09
br_curitiba;752844faffa4a6d899f82c3a29b04d45;42102171825;147,43;cabify_recarga_normal_2018-06-15_input.csv;True;4791267;{"debitId":15267922,"creditId":15267923};15/06/2018 18:50:09
br_curitiba;03f3c16bf9536e012fe05a81b5efc812;08787799901;133,64;cabify_recarga_normal_2018-06-15_input.csv;True;4791186;{"debitId":15267816,"creditId":15267818};15/06/2018 18:50:09
br_curitiba;fff5876c3d1717ce955acd14252a171a;00752175971;87,86;cabify_recarga_normal_2018-06-15_input.csv;True;4791220;{"debitId":15268042,"creditId":15268057};15/06/2018 18:50:09
br_curitiba;181d5f4f84e37fcd3e35bbbd70acfcb9;98790889134;30,10;cabify_recarga_normal_2018-06-15_input.csv;False;;Cartao nao encontrado;15/06/2018 18:50:09
br_curitiba;3487c6f2752e75dad7ba57febac32a2f;03701126879;77,81;cabify_recarga_normal_2018-06-15_input.csv;True;4791322;{"debitId":15267979,"creditId":15267991};15/06/2018 18:50:09
br_curitiba;d0144a467eaa30a5bd8505ac42258f8f;32543729801;62,54;cabify_recarga_normal_2018-06-15_input.csv;True;4815789;{"debitId":15268258,"creditId":15268264};15/06/2018 18:50:09
br_curitiba;be2728d75a81366f9a2065065fb038d8;08903374975;95,14;cabify_recarga_normal_2018-06-15_input.csv;True;4791183;{"debitId":15267661,"creditId":15267666};15/06/2018 18:50:09
