Region ID;Company ID;Driver National Id Num;Cost Local
br_curitiba;32addf2922229e9c62341796bc99e306;01162133961;73,57
br_curitiba;55ba90367e2ce84359582e5f59137a9a;08267185909;15,26
br_curitiba;6b59627fccefb7105789913a2b00977b;99377055920;21,04
br_curitiba;55ba90367e2ce84359582e5f5918562e;06253080938;15,29
br_curitiba;be16f29316434c859267a5ea19da7d02;00954432908;11,04
br_curitiba;7a6ad84fef9b6882dbf11bf0c22b4233;04692434902;5,61
br_curitiba;9d402f97712ea702d8f4d61188e1d0c9;05361579955;0
br_curitiba;fd9fc72e5801d579449bd9b12d59b294;08406870958;17,05
br_curitiba;0a0377a438eacec36b2268896fc52b5c;06355274995;26,58
br_curitiba;2aeeeed5c8e0e9eacb195bffbb951032;06011878903;17,76
br_curitiba;029f56a65279f3ac6fdaf35914c4b7ab;06200623988;45,34
br_curitiba;412e5e8f318a974f962443148554b129;04864036969;73,38
br_curitiba;9368f2714f841805526699ae02ad4174;09456279987;50,8
br_curitiba;0dfa2c0ab490e3df35c81b6086af4bae;07568201970;5,57
br_curitiba;181d5f4f84e37fcd3e35bbbd70ae0fc0;03836585944;22,79
br_curitiba;0a0377a438eacec36b2268896fc56486;18462469899;219,58
br_curitiba;76e5edff417c5870d713d499a81e7379;06458386915;34,22
br_curitiba;76e5edff417c5870d713d499a81fc5de;02299958967;13,66
br_curitiba;157b42f3a1a488aec4798fcddabb657f;18592520959;105,64
br_curitiba;8972bf524524ed897c87e28a0fead5b6;04771245932;4,88
br_curitiba;157b42f3a1a488aec4798fcddabba0d1;01856795950;55,66
br_curitiba;181d5f4f84e37fcd3e35bbbd70acfcb9;98790889134;30,1
br_curitiba;9973249e31bfce6ba08d66246b5073ce;05620524965;9,76
br_curitiba;35fd1d6de4280ed53ea93ddb078870ab;05026053912;189,05
br_curitiba;55ba90367e2ce84359582e5f590c56b9;06140681936;27,21
br_curitiba;752844faffa4a6d899f82c3a29aa99e4;02470282900;12,94
br_curitiba;42d13e33826efecb529005f15678b965;07375679967;22,76
br_curitiba;61ddff4845adcba9473a0894b47eab40;79248098991;79,22
br_curitiba;752844faffa4a6d899f82c3a29ac22de;08654904739;363,4
br_curitiba;ef8ef8604470bc9070249a96315c076b;04146355907;58,32
br_curitiba;be16f29316434c859267a5ea19d92555;03457092923;24,63
br_curitiba;fd9fc72e5801d579449bd9b12d5f5a79;99634520944;66,48
br_curitiba;fd9fc72e5801d579449bd9b12d60b62f;04465980973;64,23
br_curitiba;0c64e3d0dceec9ed5ff4869d1780ec6d;09530824904;10,4
br_curitiba;a94ebedee3b45c4297d121e8c30eb713;46863974991;136,4
br_curitiba;f57eaddd92f1ec6b38302ddd637712ff;01312270683;65,59
br_curitiba;a41d8afe439b0c733cec59893f0998e2;29571484806;18,7
br_curitiba;7344c1db5770b2aae296b442032e76e5;45609217920;15,12
br_curitiba;181d5f4f84e37fcd3e35bbbd70b3b89e;68678029900;50,19
br_curitiba;7344c1db5770b2aae296b442032cc5d4;85869562953;5,6
br_curitiba;98cf25d4e6cddba26ced4c38bbce08bd;01177261685;72,26
br_curitiba;47ab26f394675157542bd72422512514;05043510609;4,88
br_curitiba;3487c6f2752e75dad7ba57febabf9566;04394791936;214,46
br_curitiba;ca02e22be856d4ef5890c8054c409a35;08129341484;33,49
br_curitiba;3487c6f2752e75dad7ba57febac253cf;62845616953;151,11
br_curitiba;f57eaddd92f1ec6b38302ddd63825a9f;92196187968;57,33
br_curitiba;3487c6f2752e75dad7ba57febacd7af1;10320390780;32,94
br_curitiba;55ba90367e2ce84359582e5f59122691;09730148902;11,57
br_curitiba;be16f29316434c859267a5ea19dd01d6;37429051987;60,19
br_curitiba;d05f05cc5934d94a0bb1360058bd509c;59956720968;31,01
br_curitiba;cedc359fc092b03aaf937e7bf4928178;44409770900;26,8
br_curitiba;f57eaddd92f1ec6b38302ddd6378ef62;05334784802;99,5
br_curitiba;3487c6f2752e75dad7ba57febacad8b3;03075936146;16,27
br_curitiba;98817f59c5db894c9e7b16aac041b1f6;05800574960;26,64
br_curitiba;cedc359fc092b03aaf937e7bf48dd423;16338366739;6,91
br_curitiba;98cf25d4e6cddba26ced4c38bbcf3df1;02132891990;81,49
br_curitiba;fef9eafedd4d7077865fa38ad2c13e14;63868814949;22,37
br_curitiba;8d54725e4e2511c6032096494cdfae0f;15915385800;54,47
br_curitiba;266d20595b5c6cec09abb8f97004cd26;18555837987;360,64
br_curitiba;be2728d75a81366f9a2065065fb038d8;08903374975;95,14
br_curitiba;1c28bdc0c88c69ff36c17d6efc71ad72;05048430603;19,03
br_curitiba;1c28bdc0c88c69ff36c17d6efc7bf55d;99924773187;81,82
br_curitiba;752844faffa4a6d899f82c3a29b960b5;16264311839;52,5
br_curitiba;ab849226bc0f90e82f220ab8868a20c4;05122788650;43,97
br_curitiba;cedc359fc092b03aaf937e7bf493d4f5;00585625913;11,14
br_curitiba;593b161f70cb1e9e6990e9cacc5a5761;02387942965;27,73
br_curitiba;6417bb411e17f7879df09d0e0295c7cd;09367714459;116,61
br_curitiba;916fca93e77945b29cef8bdd02bc22ef;40522377904;776,98
br_curitiba;98cf25d4e6cddba26ced4c38bbc902a1;38566311949;7,07
br_curitiba;3487c6f2752e75dad7ba57febac32a2f;03701126879;77,81
br_curitiba;752844faffa4a6d899f82c3a29c3197f;06420504902;20,25
br_curitiba;be16f29316434c859267a5ea19e0a013;05494933954;20,19
br_curitiba;a04a257a84d488c56fa7ea03081677c0;05501212935;12,72
br_curitiba;1c28bdc0c88c69ff36c17d6efc6e1f40;31879250144;172,11
br_curitiba;7344c1db5770b2aae296b442033476c8;20095384987;31,38
br_curitiba;f57eaddd92f1ec6b38302ddd637a57f1;87671182915;197,6
br_curitiba;3487c6f2752e75dad7ba57febac3e0e7;55295452972;16,18
br_curitiba;76e5edff417c5870d713d499a8db5940;87246104968;79,86
br_curitiba;752844faffa4a6d899f82c3a29b04d45;42102171825;147,43
br_curitiba;620f03528cbb5f061f15d5d1f4426a81;65356144920;350,33
br_curitiba;6417bb411e17f7879df09d0e029d04d3;73917443953;20,04
br_curitiba;cedc359fc092b03aaf937e7bf499c5ed;04252116902;508,42
br_curitiba;ca02e22be856d4ef5890c8054c486d99;07743434940;464,17
br_curitiba;ca02e22be856d4ef5890c8054c41a294;87246880968;58,21
br_curitiba;a04a257a84d488c56fa7ea030816ef75;76387020425;118,36
br_curitiba;14a6c0e789c5ef0ee410e49bed198876;06662076902;81,42
br_curitiba;752844faffa4a6d899f82c3a29c2b6a9;08528379922;14,79
br_curitiba;8225b11ef148606cb26f12ad6e6ef5ee;05312504823;32,58
br_curitiba;af22938f4d8fcac7590cdbd0022637ef;63931052915;35,05
br_curitiba;98cf25d4e6cddba26ced4c38bbc8e099;93487797968;14,23
br_curitiba;03f3c16bf9536e012fe05a81b5efc812;08787799901;133,64
br_curitiba;6417bb411e17f7879df09d0e0297559b;62454692953;48,08
br_curitiba;8225b11ef148606cb26f12ad6e6fbc8e;63217686934;20,8
br_curitiba;6786e03e57bdeac5e237f1fd32a2c5b1;22718891890;8,69
br_curitiba;03f3c16bf9536e012fe05a81b5ef0a55;51929589972;27,89
br_curitiba;ca02e22be856d4ef5890c8054c44e715;03878461909;31,34
br_curitiba;0c64e3d0dceec9ed5ff4869d177c22fb;02896669965;11,32
br_curitiba;d0144a467eaa30a5bd8505ac42258f8f;32543729801;62,54
br_curitiba;33072f67030ec131117b07586cdbe4f7;39261578870;74,53
br_curitiba;af22938f4d8fcac7590cdbd00226f5c3;07465315913;21,45
br_curitiba;094e8a16bb30f99a57098905f84ec51c;58070486953;53,95
br_curitiba;2358ead189555a1e5907e3650702ad9d;01474394779;37,34
br_curitiba;7344c1db5770b2aae296b4420333a07b;10093861907;532,75
br_curitiba;7c46f6ab874adb2c9628c733a1c04836;02439554995;35,69
br_curitiba;fff5876c3d1717ce955acd14252a171a;00752175971;87,86
br_curitiba;ab849226bc0f90e82f220ab8868a98f6;96001470863;135,97
br_curitiba;cedc359fc092b03aaf937e7bf48e32d3;03053018969;554,3
br_curitiba;2da841c387c59e98a7e66d8131f7e6ec;87212455920;49,19
3;03053018969;R$554,30;
;2da841c387c59e98a7e66d8131f7e6ec;87212455920;R$49,19;
