CardId,CPF,Identificador,Account,Nome
4815524,08021187638," 987298932",1424763," LUCAS RODRIGUES DE OLIVEIRA"
3849381,42661013091,004505251,792567,"DIOVANI HENRIQUE SILVA LIOTI"
3849492,81098740106,004506101,791824,"INGLID NUNES SILVA"
3849241,57653763553,004506119,792101,"AUGUSTO FABIANO CARVALHO CODECEIRA"
3849318,95657762134,004506127,791938,"DANILLO MATIAS RODRIGUES"
3849726,77845188700,004506135,792274,"MARILDA MARQUES XAVIER LAPORT"
3849119,01462470785,004506143,791827,"ADRIANA VIEIRA PEIXOTO CASAL"
3849688,39451933549,004506226,791887,"MARCOS LUIS FREITAS DE SANTANA"
3849284,15082922807,004506242,792520,"CLAUDIO VAZ DA COSTA"
3849420,13233571810,004506267,792038,"FERNANDO ALMEIDA FERNANDES"
3849696,08588083744,004506283,791969,"LEONARDO JURASSEK"
3849724,04283245763,004506291,792254,"LUCIANE MUSSI MARTINS ANNUZA COIMBRA"
3849169,35486500823,004506317,792322,"ANA PAULA DE CIETA MALUK ROZA"
3849577,03410061576,004506465,791752,"ITALO ANDRADE SILVA"
3849572,13689876800,005290564,792623,"JAIME BENJAMIN BELUCCI"
3849735,15628162841,005301601,792363,"LUIZ CARLOS MACHADO FILHO"
3849781,52164012534,005301940,791896,"MARCELO RIBEIRO BRUM"
3849685,09882613837,005304001,791860,"KELEM APARECIDA PEREIRA"
3849686,08847307864,005305461,791870,"MARCIA FILOMENA DESTRO MARTINELLI"
3849131,03180772727,005308341,791943,"ALESSANDRO DA CRUZ VIANA"
3849304,00758616902,005309307,791799,"DANIELLE ALBINO PEREIRA"
3849794,99541416772,005313242,792026,"MARCOS ANTONIO DOS SANTOS"
3849846,29809011806,005314646,792556,"MOACIR VALIM JUNIOR"
3849918,21805886827,005315460,792327,"RAFAEL GUANDELINI"
3849678,30002120860,005315510,791787,"KLEBER ALEXANDRE VERA SERRANO"
3849390,02130727859,005315767,791734,"EDNA MAZZARO"
3849956,02815488620,005315817,791786,"WENDEL RIBEIRO MENDES"
3849908,06140358809,005315940,792228,"SUVELI SOCORRO DE ARRUDA MIOLA"
3849988,05918445838,005316005,792115,"ROSELI TEODORO DE OLIVEIRA"
3849958,15514634825,005316047,791807,"VANILDA APARECIDA SEVILHA"
3849384,15931916857,005316161,792599,"DULCINEIA APARECIDA FERREIRA SILVA"
3849197,31722724862,005316187,792596,"ANDRESSA AMICIS"
3849383,31415718806,005316245,792589,"ERICA CRISTINA DE AQUINO MIRANDA CINTRA"
3849954,27797513805,005319140,791768,"VANESSA ALESSANDRA SERRANO DE ASSIS"
3849137,15173312858,005319959,791996,"ALEXANDRE ALBINO DE ARAUJO"
3849298,88675971672,005322458,791739,"DANIELA MENDES ANTONELLI"
3849411,11467152854,005322615,791956,"ELIA TOMAZ FERNANDES PEREIRA"
3849548,68449143004,005322680,792381,"GLAUCE LINHARES MARCONDES GARBOSSA"
3849997,78423767191,005322946,792204,"SUZANA ADELITA GONCALVES"
3849720,87778106434,005322953,792216,"MICHELINE BENTO OLIVEIRA MESQUITA DE MEDEIROS"
3849418,59883561253,005323555,792019,"FABRICIO AUGUSTO VERAS PIRES DA COSTA"
3849282,07682855770,005376397,792503,"CRISTIANE DE SOUZA FERREIRA"
3849884,82131643772,005376892,791993,"ROSEMARY FERNANDES DE CARVALHO SOUZA"
3849692,07460592722,005379847,791926,"MARCELO ROCHA PEREIRA"
3849207,50727672134,005392568,791769,"ANDRE LUIZ ROSA XAVIER"
3849573,03244476988,005393434,792634,"INGRITH DENARDI"
3849115,19288490833,005394598,791784,"ADRIANA MARIA SANTOS BRANDAO"
3849372,42206162253,005403902,792475,"ELOIZA SOUZA DE OLIVEIRA"
3849140,27861320880,005407606,792025,"ALEXANDRE VIEIRA DEZERTO"
3849254,66662958115,005408497,792232,"BRUNO ASSIS PIMENTA ALMEIDA"
3849880,20057767858,005410477,791955,"SIMONI DA SILVA BAZAN"
3850001,12918494836,005410568,792245,"SILVANA BRAGONE"
3849301,13802095871,005411707,791767,"CLAUDIA REGINA LARANJEIRA"
3849173,65771877204,005416425,792362,"ANA PAULA BASTOS PIPOLOS"
3849807,02608689906,005417969,792156,"MARIA CAROLINA GAIO"
3849975,29171532889,005418009,791976,"RODRIGO DA FONSECA AUGUSTO"
3849805,53652843053,005450887,792137,"MARILEIA MELO SILVEIRA"
3849214,00852373708,005451752,791835,"ANDRE LUIS DE ARAUJO MONTEIRO DA SILVA"
3850050,30212266802,005460506,792652,"SIMONE SANTOS DE MIRANDA"
3849337,30786527854,005465802,792130,"DANIELE MEIRELLES CARVALHO AUGUSTO"
3850044,21733927867,005466347,792639,"WENDY DOS SANTOS CABREIRA"
3849112,10801346894,005468509,791754,"ADEMIR LUCAS MORAIS"
3849913,03138725465,005473145,792277,"THIANNE KARENN LIMA ANGELO DE ARANTES"
3849366,90009258191,005510896,792416,"ELISANDRA LEAO NUNES"
3849263,03194691660,005523253,792319,"CARMELIA RUSSO"
3849893,03136822919,005523436,792081,"SANDRA TEREZINHA RAICHERT"
4284733,01148548157,005549787,791894,"ANTONIO MARCELO DE JESUS NETO"
3849618,29437270244,005551015,792131,"LEIA COLOMBO"
3849296,43944485220,005553599,791723,"CRISTIANE PINHEIRO MAGALHAES"
3849949,32200201869,005557517,792636,"RENATA CASTANHOLA SILVA"
3850015,85648230397,005563663,792396,"THIAGO NOBREGA PEREIRA DE ALMEIDA"
3849497,61448451604,005572227,791878,"FLAVIO LOURENCO"
3849889,02274425477,005581210,792041,"SIDNEY JOSE DOS SANTOS SILVA"
3849462,09080073709,005582358,792462,"GABRIEL RANGEL MUNIZ"
3849917,64959139234,005585237,792316,"RAIDALENA NUNES LOBATO"
3850033,03335769422,005592589,792580,"VIVIANE MARIA MACHADO OLIVEIRA"
3849191,14169125843,005623517,792537,"ANDRE VALLARELLI JUNIOR"
3849718,28654902892,005624119,792197,"LUCIANA BRANCALEONI"
3849196,01127471759,005624580,792584,"ANDRE LUIZ PACHECO TEIXEIRA"
3849592,18976273869,005628094,791908,"JEFERSON FERREIRA DA SILVA"
3849681,02700524705,005632088,791814,"MARCOS ANTONIO DE FREITAS SILVA"
3849215,06957785793,005633565,791842,"ANTONIO CARLOS ARAUJO DIAS"
3849609,04106478706,005633599,792052,"JEAN EDSON DE SIMAS GRANITO"
3849675,27664695830,005636543,791755,"MARCIO ALE MARCAL"
3849117,02057398900,005637996,791805,"ADRIANA JACOMETO FRANCISCO"
3849950,01875980709,005638481,791726,"RITA DE CASSIA FERRAZ CRUZ"
3849230,08462238722,005638788,791989,"ANTONIO CERDEIRA JUNIOR"
3849643,23375191120,005640172,792384,"LUIZ ADERCIO MORAIS DA SILVA"
3849877,88153355953,005641139,791924,"SANDRA CONSOLI"
3849364,70078874149,005645361,792397,"ELISANGELA ALVES ARAUJO"
3849170,04119709760,005650080,792331,"ANA PAULA DOS SANTOS"
4262018,04119709760,005650080,792331,"ANA PAULA DOS SANTOS"
3849570,30262891832,005654371,792603,"JOSYE CHRISTINE JABUR"
3849939,81690177934,005655865,792538,"VALSONIR ADRIANO DE LIMA"
3849559,27097460857,005663018,792494,"ISABEL CRISTINA JOSE LACERDA"
3849652,29010902811,005664784,792469,"LUCIANA ROCHA RAMOS"
3849815,85928828691,005665468,792238,"RAIMUNDO RAMOS SOARES JUNIOR"
3849630,15115395851,005665856,792253,"LUCIANA NUNES ROSSETTO"
3849558,99960150178,005666243,792483,"JOSE AUGUSTO ALMEIDA DA SILVA"
3849338,71938281772,005668470,792140,"DOUGLAS FREDERICH ELEUTERIO KOITLA"
3849680,01351089773,005668512,791804,"MARCELO DOS SANTOS GUSMAO"
3849621,46002154272,005672274,792162,"JOSE AUGUSTO COSTA SOUZA"
3849477,99279088068,005674890,792609,"FERNANDA TOIGO"
3849659,10388134763,005675475,792541,"MARCELLA SILVA PEREIRA SANTOS"
3849987,33828606865,005676515,792105,"WILLIAN DE ALMEIDA RODRIGUES SANT ANNA E BASILE"
3849168,39286231253,005683586,792310,"ANA CLAUDIA FERREIRA DA SILVA"
3849982,21716158850,005684279,792050,"ROGERIO ROCHA DE ARAUJO"
3849579,06118707626,005685359,791773,"JANAINA MACEDO FARIA CABRAL"
3849790,25057208861,005688429,791983,"MARCOS KENETH PEREIRA DA SILVA"
3849447,27985815830,005693353,792311,"FABIANA ROSA DOS SANTOS STRAMARO"
3849124,30084294833,005693551,791873,"ALESSANDRA DE OLIVEIRA MARTINES"
3849687,26949941803,005696059,791879,"MARCELO DE CAMPOS VEGIAN"
3849221,61466786949,005701453,791910,"ANILTON CESAR MARCHETTI"
3849257,85936715515,005702923,792261,"CARLOS ANDRE DIAS DA SILVA"
3849437,00189592702,005706940,792214,"FLAVIO MARCELO PINTO"
3849151,99608740100,005709209,792139,"ALISON NUNES DE ALMEIDA"
3849822,99041715134,005710256,792309,"RENATO PEREIRA DE LIMA"
3849920,30544125800,005711668,792347,"TATIANE DO PRADO AZEVEDO"
3849240,28258837869,005722178,792092,"ANTONIO EDGAR ZAMPOLI JUNIOR"
3849788,07998788712,005726047,791961,"MARCIO CARDOSO DIONYSIO"
3849955,35617447882,005730015,791776,"RENATO SANTOS DE TOMIM"
3849590,51627248234,005837539,791881,"KENNYSTON DA COSTA MOURAO"
3849973,00735288461,005838875,791954,"WALESKA RIANE MENDONCA CAMPELO COSTA"
3849138,03287850750,005844683,792005,"ALINE CRISTINA CARREIRA MOLINA"
3849445,21978007876,005856356,792292,"GABRIEL LOURENCO THOMAZ FAVERY"
3849818,16509553830,005858949,792270,"MERCIA CRISTINA ALMEIDA DA SILVA"
3849475,32674071842,005859764,792588,"FELIPE MIRANDA PRIMININI"
3849404,64489655134,005866223,791880,"EDUARDO ANIZ SALOMAO"
3849455,13830032897,005871942,792390,"FABIANO HERRERIA DOS SANTOS"
3849565,03723816690,005877386,792553,"ISRAEL MAGALHAES BRETAS"
3849863,54704073904,005877857,791785,"ROBSON CELESTINO SERAFIM"
3849888,76490955091,005878855,792032,"PAULO CESAR FLORIANO VIARIO"
3849856,88166210959,005880414,792645,"ORLANDSON EUGMAR CHAVES RODRIGUES"
3849581,22240661801,005883673,791795,"JULIANA PIEROTE SIQUARA"
3849319,26579272899,005888912,791948,"CRISTIANE SOARES DA SILVA SANTOS"
3850047,01704744962,005900758,792649,"WILLIAM LUTESKI"
3849450,02771156989,005903919,792342,"FABIO BATISTA RIBEIRO"
3849508,88695182487,005906813,791982,"ISABEL CRISTINA GOMES DE ALBUQUERQUE"
3849905,55728910610,005910252,792198,"SILVIO DE SOUZA ARAUJO"
3850021,08559574840,005910633,792459,"VAGNER ALVES RAMOS"
3849258,03370082721,005910922,792269,"CECILIA MARIA DOS SANTOS DA SILVA"
3849817,08293685743,005915954,792260,"RENATA CARDOSO DE MENDONCA"
3849377,34763892860,005915996,792522,"DIOGO FREITAS DA SILVA"
3849633,35220265865,005916119,792283,"JOYCE APARECIDA MOREIRA PINHEIRO"
3850034,09955548703,005917026,792592,"VIVIANE FERREIRA ALVES"
3849885,04159602401,005923032,792004,"PATRICIA LUSTOSA COSTA"
3849396,85011967115,005924725,791797,"EDSON ANTONIO VIEIRA BASTOS"
3849757,21365543870,005925391,792575,"MARCELA APARECIDA DE SOUZA"
3849670,06752293678,005925565,792642,"MARCELO MARTINS FERREIRA"
3849842,91586399004,005926381,792514,"NELSON DA ROCHA SIMOES JUNIOR"
3849432,22355106800,005930201,792163,"FLAVIA DE SOUZA LOPES"
3850024,30525872850,005930300,792489,"VANESSA BROCARDO"
3849444,10299854728,005932900,792282,"FABIANA RODRIGUES DA SILVA"
3849762,05610107903,005933916,792625,"PATRICIA GOULART ASSOLARI"
3849163,64788997215,005934815,792259,"ANA KARINA DA COSTA POTIGUAR"
3849456,38596814191,005935697,792400,"FRANKLIN DA COSTA E SILVA"
3849999,43834574600,005936273,792224,"SHIRLEY MARIA DE OLIVEIRA"
3849177,62188658353,005939459,792405,"ANA CLEUBE DE MORAIS ANDRADE"
3849279,00797638989,005939509,792473,"CARLOS ALBERTO NEUMANN"
3849417,52054691291,005939533,792010,"ELIDA CRISTINA DALPIAS"
3849225,83051902420,005943717,791947,"ANTONIO CARLOS CISNEIROS SAMPAIO JUNIOR"
3849698,16998926871,005949946,791995,"MARCOS LOMEU DA SILVA"
3850043,32532250895,005955950,792632,"WESLEY LUIS SERRA FERRI"
3849923,10538855711,005964135,792379,"RAFAEL OSVALDO CRUZ"
3849937,01481833014,005966924,792517,"RAQUEL MACHADO CARDOSO"
3849754,09330918778,005968201,792543,"NESTOR FERREIRA DA SILVA JUNIOR"
3849285,03995506666,005968441,792532,"CARLOS HENRIQUE RODRIGUES"
3849993,29172637846,005969795,792166,"SANDRA AKEMI KIMURA"
3849897,29547780832,005970355,792118,"THAIS REGIANE DA SILVA"
3849200,15908049883,005975313,792624,"ANDRE FERNANDO FERREIRA"
3849606,93918887049,005977038,792024,"KELEN TATIANA VICENTIN"
3849500,03079138996,005977293,791907,"FRANCIELLE DUTRA CARDOSO BRANCO"
3849407,09521075627,005978127,791915,"FELIPE LOPES DE BRITO TORRES"
3849946,03781963403,005978846,792607,"WALBER PACELLY SANTOS"
3849589,25671590884,005980586,791869,"JANAINA PINHEIRO DA SILVA"
3849672,21911820893,005981469,791725,"KELLI SUMIYA TAVARES"
3849811,05004052638,005984208,792196,"REGINALDO ROLA RIBEIRO"
3849622,96047135315,005985361,792173,"JOAO PAULO CABRAL RABELO"
3849768,17593177807,005986963,791771,"MARCELO ALENCAR DA SILVA"
3849797,30608335835,005991195,792060,"PAULO EDUARDO VILAS BOAS"
3849922,02651586994,005991682,792369,"VANDERLEI VENTURI CAMARGO"
3849965,05287619944,005995253,791872,"RODRIGO PEREIRA DOS SANTOS"
3849165,02587308461,006001697,792279,"ANA KARINA DOS SANTOS SANTIAGO"
3849964,91061792153,006002349,791861,"RICARDO FERNANDO LIRA CABRAL"
3849832,29203644806,006003180,792409,"ROBERTO MAYER MACARIO"
3849528,83711872204,006003594,792170,"GISELLY SOUSA DOS SANTOS CALANDRINI DE AZEVEDO"
3850009,62244566153,006004006,792332,"THEONILO GONCALINO DE ALMEIDA"
3849232,30127392890,006028963,792011,"BRUNO DATRI FAVERO"
3849771,98173731187,006043350,791798,"PATRICIA DOS SANTOS DE SOUZA"
3849226,31047936895,006043491,791957,"BRUNA DE CARVALHO GIL DEL BEN"
3849159,70469563249,006043509,792221,"ANA CARLA RIBEIRO DE BRITO"
3849234,06992703838,006054209,792033,"APARECIDA QUEIROZ DE SANTANA"
3849733,05068038806,006054324,792344,"MARLENE LEONARDI DE OLIVEIRA SIQUEIRA"
3849486,01070875023,006054456,791760,"HENRIQUE TAVARES MAGALHAES"
3849400,08213199731,006054480,791843,"FABIANA DE ARAUJO PERES FREIRE"
3849855,30409332801,006054555,792641,"NELSON EDUARDO PONSONI"
3849626,28689100253,006054605,792211,"JORGE ALEX FURTADO DE MOURA"
3849812,05275729774,006054621,792206,"MARLON NOGUEIRA DE SOUZA"
3849251,31662330839,006054860,792203,"CAMILA VIEIRA VAROLI RODRIGUES"
3849349,06634385602,006055065,792247,"EDSON BISPO DE MIRANDA JUNIOR"
3849264,05469156710,006055289,792328,"CINTIA MONTEIRO DOS SANTOS"
3849862,27816717890,006059349,791774,"PATRICIA CRISTINA DA SILVA"
3849193,16041766879,006059406,792554,"ANDERSON ROBERTO DE SIQUEIRA"
3849235,32491719304,006059687,792044,"ANTONIA BARBOSA MARQUES"
3849699,00778342409,006059703,792006,"LARISSA DE MELO BAPTISTA"
3849981,81929668953,006059711,792042,"ROSILENE DA SILVA OLIVEIRA"
3849438,72315644615,006059737,792225,"EUDES SOUZA BAPTISTA"
3849186,06743531880,006059893,792485,"ANDRE LUIS CAMPANHA"
3849512,60935707204,006059919,792018,"JANETE FACANHA DE ALMEIDA"
3849972,89915194404,006059927,791945,"ROBSON TAVARES DE LIMA"
3849109,40972356215,006059935,791724,"ADAO NEGRETTI"
3849631,02967052418,006059984,792262,"LEONARDO DE MAGALHAES NOVAES"
3849413,28112698864,006060040,791975,"FERNANDA DELGADO MARTINS"
3849246,71953280900,006060065,792153,"CARLOS EDUARDO RODRIGUES"
3849870,40758788215,006060073,791854,"ORLENE MATOS VIEIRA DE ABREU"
3849467,62650467304,006060115,792510,"GEORGIA SIMOES COSTA ANDRADE"
3849161,25847108893,006060198,792240,"ALVARO MATHEUS DOS SANTOS PINTO"
3849233,70352267100,006060206,792022,"BIANCA FERREIRA BIANGULO"
3849290,78382653472,006060255,792581,"CRISTIAN ROBERT WILLIAM BROOMAN"
3849904,43184014991,006060388,792188,"PAULO ROBERTO BERTOLI"
3849545,12348231875,006060511,792350,"JOSE LUIS RODRIGUES"
3849802,87469391134,006060594,792107,"MARIA DOS MILAGRES MARQUES DE LIMA"
3849313,70807582115,006060628,791885,"DANIELE FERREIRA TORRES GOMES"
3849281,02431425444,006060685,792493,"CAROLINA MICHELE FARIAS DE SOUZA PINTO"
3849463,72814764004,006060719,792472,"GILNEI DA SILVA NUNES"
3849485,04531150473,006060792,791750,"GLAUCIA MARIA MONTEIRO ALVES NUNES"
3849315,78851009520,006060909,791906,"CLEYSON LUZ SANTOS"
3849984,13165820864,006060917,792072,"RONALDO SALVETTI"
3849691,88719332572,006060933,791919,"MARCOS ALBERTO SILVA OLIVEIRA"
3849648,00816614440,006061048,792430,"LUCIANO SANTOS DO NASCIMENTO"
3849864,00966724712,006061055,791791,"SANDRA LUZIA HELMER TONIATO"
3849969,28929189873,006061063,791912,"WELSON APARECIDO CHIDEROLLI"
3849785,97829242534,006061113,791927,"PATRICIA RODRIGUES FERRETTI SOUZA"
3849859,94267200068,006061170,791746,"SABRINA BOEMECKE JANSEN COSTA"
3849275,78005299672,006061626,792435,"CARLOS EDUARDO BERNARDES DA SILVA"
3849597,01234211440,006061774,791950,"JAQUELINE NIEDJA LUCAS DE SOUZA"
3849401,43245528272,006061865,791853,"ELCILAINE AMARAL FELEOL"
3849848,08136568855,006061907,792576,"RONALDO APARECIDO ORNELLAS"
3849760,05896831609,006062251,792605,"MARCELO DE PAIVA RODRIGUES"
3849594,09127513718,006062392,791921,"KAMILA PEREIRA SILVA OLIVEIRA"
3849971,81806540010,006062442,791935,"ROGER LUIS ASSUMPCAO"
3850007,66110980200,006062459,792312,"TEREZA CRISTINA GOMES PEREIRA"
3849748,79626599120,006062483,792488,"LUIZ ALEXANDRE DA SILVA"
3849676,93634552700,006062525,791765,"MARCELO DA SILVA FERNANDES SANTOS"
3849739,00766075001,006062541,792401,"MELINA FRITZEN DORINI"
3849952,74864920249,006062574,791748,"WANESSA DE FARIAS SAKAUE"
3849521,21654159859,006062863,792104,"GILBERTO HITOSHI TAKAHASHI"
3849385,04803958459,006071104,792608,"EMANUELLE ARRUDA CANE FIGUEIREDO"
3849751,02103013174,006071138,792515,"LUIZMAR PEIXOTO DE SOUZA JUNIOR"
3850020,35148130865,006071641,792449,"TIAGO BARBOSA DA SILVA"
3849397,07644704779,006071724,791809,"EDMILSON FELIZARDO DA SILVA"
3849490,07633585765,006071732,791802,"FLAVIA DA SILVA ZANARDI"
3849405,21333023871,006135651,791889,"FABIO ROBERTO DE MIRANDA TRUJILLO"
3849439,17891437807,006136725,792233,"FRANCISCO GONCALVES DO CARMO JUNIOR"
3849476,22418228843,006136865,792598,"GLEDSON RODRIGUES DA SILVA"
3849271,04405408793,006137731,792395,"CLAUDIA SANTOS DE OLIVEIRA"
3849941,00378468170,006146310,792559,"TIAGO DA FONSECA MENEZES ROCHA"
3849332,22524110826,006146898,792077,"DIEGO ROGER DO NASCIMENTO SILVA"
3849767,28811846854,006150122,791761,"PAULA SANTOS FELIPE SIQUEIRA"
3849414,10249433729,006150361,791984,"FERNANDA CERQUEIRA FERNANDES"
3849305,05414228639,006151013,791808,"DANIELLE DE ASSIS CARVALHO"
3849510,03203180600,006151047,791998,"JAIME POLITA JUNIOR"
4299607,34836404878,006152599,792582,"MAISA CARLA LEITE"
3849287,04725562661,006153100,792551,"CRISTIANO REIS PUGLIESE"
3849642,02908510685,006153936,792374,"LUCIANA HELENA PIMENTEL LOURENCO"
3849825,04622687640,006156046,792340,"MARIO HENRIQUE DE MORAIS MENEGATTO"
3849725,28745336881,006159974,792265,"LUCIANA FERNANDES DOS SANTOS AREIAS"
3849343,31068683848,006164768,792190,"DANIELE REGINA RODRIGUES"
3849878,22016389850,006164826,791934,"RONALDO VERARDI"
3849146,35317894816,006164842,792088,"ALINE FERREIRA DO AMARAL PEDROSO"
3849311,33698380870,006166482,791868,"CRISTIANE APARECIDA DE SOUZA BORGES"
3849928,03396727657,006167118,792427,"VANESSA MARTINS GOMES"
3849869,12105101895,006168132,791845,"SERGIO ELIAS BENICIO"
3849127,01949547906,006169320,791905,"ALESSANDRO DOS SANTOS"
3849715,04676595913,006170419,792168,"MARIANA OLIVEIRA DOS SANTOS"
3849402,15261060869,006172811,791862,"EDUARDO FELIPE DE FARIA"
3849836,35111985859,006174007,792451,"RICARDO BARONI BARROS"
3849745,00946345309,006175632,792458,"NEUZIANE SANTOS DA COSTA CARVALHO DE ALMEIDA"
3850028,52430391287,006176630,792530,"VANUZA BEZERRA CORTEZ"
3849454,09903663757,006176648,792380,"FABIO HENRIQUE SILVA VIANNA PEREIRA"
3849527,41298543991,006180202,792161,"JOAO EDSON MAZZO"
3849858,88147037368,006184642,791735,"NEIARA HELENA RABELO DE SOUSA SENA"
3849911,06737999999,006187157,792256,"RAFAEL SILVEIRA ASSIS AMARAL"
3849809,32585945898,006187793,792175,"MARIANA LEANDRO MARQUES"
3849358,24643945800,006188809,792336,"ELIANE APARECIDA ANDRIOTI"
3850035,28324156879,006194641,792601,"VIVIAN GRAZIELA DA SILVA DE OLIVEIRA"
3849442,28882531864,006198113,792263,"ERIK SGORLON RISSATO"
3849209,02810201919,006199376,791789,"ANTONIO CLEITON SOARES DE SOUSA"
3849395,00807487910,006199749,791782,"EDUARDO DALCIN GAPSKI"
3849602,26241566822,006199996,791987,"LEANDRA APARECIDA BINATI"
3849674,98131338487,006201651,791745,"KARLA DE SOUSA LIMA"
3849278,23060415803,006201834,792463,"CLAUDIA APARECIDA FONSECA DEPIERI"
3849308,26088715855,006201867,791837,"CLEBER JOSE SEREGATT"
3849661,69255776134,006202568,792563,"KAREN CRISSIANE DIESEL GONCALVES BRASILEIRO"
3849399,09176058700,006203467,791830,"FABIO JORGE LOUREIRO MARTINS"
3849256,29772561808,006204911,792251,"CAROLINE ABRAMO PINTO"
3849471,09888959786,006204978,792549,"FELIPPE AUGUSTO BARROS DE SOUZA"
3849894,81546661034,006211387,792091,"SIMONE SOUZA DE ANDRADE"
3849736,32218027810,006214092,792372,"LUCIANA PRATES DOS SANTOS"
3849694,10426791770,006215529,791949,"MARIA BEATRIZ DA SILVA ARAUJO LIMA"
3849580,43839126215,006217889,791783,"JUMARA LAMARAO RODRIGUES"
3849741,00675941903,006218556,792418,"LUIZ OTAVIO COMEGNO"
3849557,06576706693,006220610,792474,"HELAINE JUSSIARA PARREIRA DE MELO"
3849872,33750934894,006223903,791876,"RUI DE ALMEIDA OLIVEIRA"
3849747,36621737866,006225494,792478,"MARCEL OLMO FERNANDES BRANCO"
3849143,06009246962,006231450,792056,"ALISON DA BOIT"
3849568,03037303409,006235683,792583,"JULIANA GOMES LOIOLA CAVALCANTE"
3849976,70534624120,006235881,791986,"RONIEL GUIMARAES DE ARRUDA"
3849721,00998225126,006237887,792227,"MARILIA DAYRELL MARGONARI REZENDE CANEDO"
3849286,08084022776,006240964,792542,"CASSIO BATISTA VERISSIMO DE ALMEIDA"
3849998,02602923974,006242192,792215,"SERGIO RICARDO NETREBKA"
3849350,81933371404,006242978,792258,"DAVYSON PERICLES CAMPOS SILVA"
3849431,18286980832,006244289,792154,"ERIC PEDRO DELMIRO"
3849649,06534049996,006244412,792441,"LUIZ FERNANDO PELINCER"
3849994,04335483473,006244636,792176,"SIMONE BATISTA DOS SANTOS"
3849791,00385386362,006244834,791997,"PAULO ANDRE CARLOS DE ALMEIDA"
3849222,00743738381,006245294,791917,"ANDREA PAULA DAMASCENO COSTA"
3849334,28857189864,006246151,792098,"DENISE KEMP DE ANDRADE"
3849564,01872367712,006248397,792544,"JOSE ROBERTO DA SILVA MACHADO"
3849231,11170765718,006248652,792001,"BRUNO DINIZ DE FREITAS"
3849321,87351803153,006249973,791968,"CRISTIANE VALERIA DA SILVA"
3849266,24940609820,006250666,792348,"CINTHIA TANAKA GIMENEZ"
3849759,89406222272,006255400,792593,"NILTON DUTRA MADUREIRA NETO"
3849479,71797394304,006255459,792630,"GIRLANDIA TEIXEIRA DE ARAUJO"
3850019,04776664933,006256218,792438,"TIAGO ISMAEL VIEIRA"
3849665,33477286880,006260129,792600,"LUIZ CARLOS DOS SANTOS JUNIOR"
3849792,38795422870,006267025,792007,"PEDRO HENRIQUE BARSALOBRE"
3849731,07357881628,006268320,792323,"LUCIANE ROCHA MENDES"
3849379,03805410689,006269633,792545,"ELIZABETE APARECIDA ANUNCIACAO ASHIKAWA"
3849276,79107559534,006270599,792444,"CLESIANE GUIMARAES LIMA"
3849108,69822026234,006272355,791721,"ADELIZANGELO RODRIGUES MARTINS SILVA"
3850037,45405417220,006281729,792619,"WALMIR OLIVEIRA SILVA JUNIOR"
3849595,33238686844,006287270,791932,"JAIRO SILVA SERAFIM"
3849292,25196165800,006290324,792602,"CHRISTIAN ALEXANDRE PIRES FIGUEIREDO"
3849268,82773750500,006290977,792366,"CAMILLE GONCALVES DE ARGOLO GOMES"
3849365,96006471353,006296099,792406,"EDUARDO CESAR ARANHA BUNA"
3849518,74578715272,006299002,792076,"GARDENIA MICHELLY RANGEL RAMOS"
3849505,01688945130,006303929,791952,"FRANCISCA LILIANE DE ALMEIDA"
3849772,15819386833,006304398,791806,"PAULO DE OLIVEIRA"
3849347,97537284920,006306039,792226,"EDSON RODRIGUES DO PRADO"
3849443,92221971515,006309173,792271,"FRANCISCO GABRIEL DOS ANJOS GONCALVES"
3849504,05100911484,006309900,791942,"ITALO TIAGO DOS SANTOS GOIS"
3849299,17011945890,006312292,791749,"DANIELA WOLFSOHN"
3849769,54794595115,006322077,791780,"MARCELO DE SOUZA SANTANA"
3849150,00046234101,006324214,792129,"ALINE DE PAIVA MOREIRA"
3849367,01685993923,006325823,792425,"DENISE ANGELA DE LIMA"
3849273,21760636860,006326516,792414,"CHANDLEY FRANCISCO DO CARMO"
3849816,92955827134,006328348,792249,"MARILENE DA CONCEICAO TEIXEIRA"
3849260,34197900821,006328900,792287,"CECILIA CAMPIONE"
3849891,93094175368,006331458,792062,"PAULO AISLAN FERREIRA DA SILVA"
3849734,13024444769,006344014,792353,"NARA CARNEIRO DE MELO"
3849464,22616577810,006350391,792481,"FATIMA FREIRE ALMEIDA"
3849879,17403247817,006471668,791944,"PATRICIA ANTUNES DE MORAIS CURY"
3849679,05884278969,006497440,791792,"KARINE OSTROSKI"
3849828,64542424553,006529515,792368,"RICARDO CRUZ BARRETO LEONY"
3849501,00483651141,006533715,791916,"IVANIA OLIVEIRA DA SILVA"
3849386,06234358969,006534218,792617,"EVELLEN CRISTINA NASCIMENTO DOS SANTOS SILVA"
3849346,81989423515,006535843,792218,"DILMA JESUS PINTO"
3849851,00870443070,006535876,792606,"RHOGER AUGUSTO PINTO"
3849180,05493671956,006537724,792434,"ANDRE CORDEIRO DOS SANTOS"
3849525,82302480015,006540546,792143,"JANAINA GOMES MEDEIROS"
3849356,04350388931,006543425,792315,"DEISE CRISTIANE TAVARES DE OLIVEIRA"
3849995,06149002985,006553705,792185,"SANDRA SIMEAO SCHEFER"
3849585,65069854020,006877716,791831,"JAQUELINE DA SILVA OLIVEIRA"
3849986,02144761540,006884712,792093,"ROSANA DE JESUS GONZALEZ"
3849506,06066616625,006887483,791963,"JAIRISSON GERALDO MACHADO"
3849636,06607813607,006887558,792314,"LUCAS BARBOSA PINTO COELHO"
3849882,02209921422,006888465,791974,"PATRICIA SIMONE DANTAS DOS SANTOS"
3849435,90912225068,006890347,792194,"EMERSON PEREZ DA SILVEIRA"
3849509,01312255021,006893184,791990,"FRANCIELE KATIA KNAPIK BERTUOL"
3849629,22488100838,006893200,792241,"LILIAN LIBERATO"
3849849,28917930808,006893333,792585,"RODRIGO ALESANDRO PUBLIO POJATI"
3849991,05947207613,006895288,792144,"SHEYLA DA SILVA"
3849943,09041799664,006895304,792578,"RIASTIELLO DA SILVA SOUZA"
3849656,34292986878,006898712,792512,"JULIANA REINE"
3849819,32029296821,006900484,792280,"MARIANE COLPAERT PEREIRA REIS"
3849947,72230380125,006901987,792618,"TISSIANA PAULA DOS PRAZERES HERRERO"
3849202,01328985431,006902860,791720,"ANDREI RIBEIRO ANGELO"
3849331,00829658033,006907018,792067,"DANIELA DUARTE GONZALEZ MARQUES"
3849551,36889170814,006909501,792413,"JOSIANE CABRAL DO NASCIMENTO"
3849393,73657077120,006911770,791763,"FABIANA SILVA PEREIRA DOS SANTOS"
3849847,11002739721,006917009,792566,"NATHALIA DE OLIVEIRA SANTOS"
3849116,33484803886,006917074,791796,"ADRIANA GACHE LOUZADA OURIQUES"
3849466,39640000515,006917439,792501,"FAUSTINO RICARDO DOS SANTOS"
3849843,30407928812,006922751,792524,"ROBERTA LEITE DOS SANTOS"
3849543,25736367807,006925440,792329,"JOSE ALEXANDRE PRETTE"
3849134,03801598721,006927370,791971,"ALEXANDER MARTINS ONELEY"
3850042,11265367760,006929616,792647,"WESLEY MOLINARIO NUNES"
3849249,02358097055,006933048,792183,"BRUNA CRISTIANE SILVA DE PAULA"
3849516,87908476600,006934731,792057,"FRANK ROBINSON DE OLIVEIRA FERREIRA"
3849967,85560383953,006934814,791895,"VIVIANE ANA NEZI"
3849403,71766103200,006935605,791871,"FABIOLA DA SILVA OLIVEIRA"
3849901,34037678845,006941371,792157,"THIAGO EXPEDITO DE MORAES"
3849690,03572361656,006944250,791911,"LEANDRO ZSCHABER"
3849228,34709602832,006947295,791977,"AUGUSTO CESAR DE LIMA"
3849267,37111115805,006951032,792357,"BRUNO JULIATO"
3849827,61583740325,006955132,792359,"RENATA BARROS VIANA"
3849710,04902312689,006956437,792116,"MARCOS VINICIUS COUTINHO AFFONSO"
3849978,21495919870,006957534,792009,"WELLINGTON ANTUNES MOREIRA"
3849532,21781561850,006957617,792212,"JOAO CARLOS DE FARIA"
3849182,04882621606,006957880,792455,"ANDRE DA COSTA CAIXETA"
3849556,21920563890,006961965,792464,"JULIANA BOTANI SILVEIRA"
3849448,26092667827,006963078,792320,"FABIANA CHRISTINA SERPA DOMINGUES"
3849514,00388607750,006965644,792039,"JANE EVELIN OLIVEIRA GUIMARAES"
3849977,03502452903,006966527,791999,"RODRIGO PETRY BUENO"
3849190,18423303810,006967541,792527,"ANDRE DOS SANTOS"
3849261,34254734840,006967913,792299,"BRUNA YOKOMACHI DA SILVA BEZERRA"
3849323,00648869997,006973002,791992,"DELISIANE TETU LAMBERG MENGARDA"
3849171,35565181801,006975114,792341,"AMANDA DOS SANTOS ALMEIDA"
3849178,32361783886,006981971,792415,"ANA PAULA GEREMIAS"
3849425,25332795874,006983985,792090,"FERNANDO LUIZ MOSNA"
3849175,85641057720,006984538,792383,"ANDERSON DE ASSIS GOMES"
3849742,29303413865,006985113,792428,"LUCILO APARECIDO INACIO FILHO"
3849121,09806154614,006986178,791844,"ADRIELE LUZ SILVA"
3849440,05418983962,006986244,792244,"FHILIPE LUIZ PEREIRA"
3849743,02525893514,006987119,792439,"NAIARA JESUS DE OLIVEIRA"
3850027,90939620944,006989388,792518,"VERINHA LUCIA TORASSI"
3850025,00457525088,006991608,792499,"VANESSA BOHM IZABEL"
3849777,02735655679,006992358,791857,"MARCELO VALE DINIZ"
3849931,02163651398,006994990,792457,"RAIMUNDO LIMA CARVALHO"
3849603,02001275196,006998009,791994,"JANIELLE DIAS SANTANA"
3849360,29900471822,006999932,792356,"ELIANA SERAFIM DE FREITAS"
3849329,31110766874,007000474,792048,"DIEGO AGUILLAR GONCALVES"
3849916,32131001886,007000706,792308,"RAFAEL ARCANJO ESTACIO DA SILVA"
3849297,04496500655,007002769,791730,"CELIO ROBERTO RODRIGUES RUFINO"
3849627,21563653850,007002827,792220,"JOSE ROBERTO GONCALVES TRUSCHI"
3850000,29288577882,007004146,792235,"TAMARA DELATORRE PASSERINI BRASI"
3849416,11496478762,007006562,792000,"ELIZABETH DE CASSIA MACEDO"
3849651,04690321892,007007990,792460,"LUIS HENRIQUE ORTEIRO"
3849695,32399260244,007009798,791959,"LAURO NEIL GIVONE PICANCO"
3849135,01772728993,007012461,791981,"ALEXANDRA WANDERLIND CARDOSO BOGER"
3849662,00692617922,007012537,792571,"JULIO CESAR DA ROCHA FENIMAN"
3849335,58367128168,007013634,792109,"DANIEL PEREIRA ARAUJO"
3849831,72081422620,007017163,792398,"RENATO MARCIO SCARPELLI"
3850023,00463813170,007022148,792479,"TINO OILEH GARCIA SILVA"
3849990,83582010104,007023716,792135,"RUDSON DE FREITAS"
3849867,23016148838,007024300,791822,"RODRIGO GONCALVES DA SILVA"
3849957,00052632040,007026081,791794,"WAGNER BRITO PEREIRA"
3849144,03770956729,007028822,792068,"ALEXANDRE ROSARIO BARRETO"
3849129,05526189694,007029028,791922,"ALESSANDRA DE SOUZA OLIVEIRA MAIA"
3849205,07578453980,007029135,791747,"ANDRE FRANCISCO PAIVA DE ALMEIDA"
3849599,01868755177,007031396,791970,"JESSYLA STEFANIE MIGUEL DA CRUZ"
3849289,04966405696,007032790,792572,"CRISTIANO GABRIEL DINIZ"
3849534,81421613549,007038961,792234,"GLAUCO FAGUNDES ANDRADE"
3849702,87320002272,007038987,792036,"LIDIANE OLIVEIRA CIRIACO"
3849164,00472022385,007039043,792268,"ALLYSSON DOURADO SOUSA"
3849473,44505892115,007039076,792570,"GIBSON TOLEDO DIAS"
3849515,06011400442,007062177,792046,"GERALDO NOE SILVA FILHO"
3849770,06917642983,007088693,791790,"NICOLE CHRISTINE MEIRELLES DE CASTRO"
3849542,07864366970,007096365,792317,"JESSICA DA SILVA OLARIO"
3849274,09160204443,007111693,792424,"CARLOS ANTONIO MELO DA SILVA"
3849866,12082587886,007114192,791811,"ROSANGELA ISABEL GEORGETE RODRIGUES"
3849845,00708743013,007129547,792546,"RENATA HOFMEISTER"
3849637,17786178830,007134844,792326,"LUCIANO VIEIRA DE CASTRO SANTOS"
3849992,02598494300,007169279,792155,"SAMIA DA COSTA PONTES"
3849142,33094959814,007178783,792047,"ALINE SILVA DOS SANTOS"
3849980,01769810986,007181092,792031,"RODRIGO SPARTACO BOCCARDI"
3849410,04814938403,007183221,791946,"ELIANE SOARES DE MENDONCA"
3849719,39372914827,007184161,792207,"LUANA MICHELLE BARBOSA MAGALHAES DO PRADO"
3849793,41550510444,007195886,792017,"MARIA DOLORES VIEIRA LUCENA"
3849371,01051023181,007197916,792465,"DIEGO DOS SANTOS BARBOSA"
3849252,34451778808,007198526,792213,"CASSIA CRISTINA VEDOVELLO"
3849434,02269218167,007199979,792184,"FRANCIELE EDUVIRGE MENDES SALUSTIANO"
3849147,05873499489,007200918,792100,"ALINE GOMES RODRIGUES"
3849125,08001840921,007203219,791882,"ALAURI GUILHERME SOUZA DO ROSARIO"
3849498,96381248220,007207921,791890,"HANNY KARISHIMA RODRIGUES DE LIMA E SILVA"
3849934,34729302842,007212640,792487,"VICTOR VALADARES EL TAKCHE"
3849890,08962701499,007214455,792053,"PAULO ROBERTO DE GOES PESSOA"
3849452,38222589890,007214554,792361,"GEISA NASCIMENTO SOUZA"
3850016,82325782204,007219835,792407,"THIAGO NOBRE CALANDRINI DE AZEVEDO"
4284597,34878659807,007220114,792519,"ANDRE LUIS DA ROCHA"
3849861,07738929669,007222532,791766,"NILSON RODRIGO RIBEIRO"
3849906,21553967836,007223787,792208,"TAMIRIS DANIELA PIZZIRANI"
3850036,01551977621,007226665,792610,"WALTER LUIZ DUMINICCI PADILHA COSTA"
3849122,03161506570,007232788,791855,"ALBA DE ALMEIDA BOTELHO"
3849306,21931175861,007235799,791818,"CLAYTON MARTINS AUGUSTO"
3849824,08918184727,007236334,792330,"MILENA MACHADO DE BARROS"
3849378,13630758703,007236409,792535,"EMERSON FERREIRA GONCALVES"
3849310,02738672108,007237233,791858,"DANILO LIMA NOSE"
3849336,05448820409,007237415,792120,"DANIELA FEITOSA MONTENEGRO"
3849608,02586247957,007243603,792043,"LEIA KARINA TENERELI FERRO THIESEN DA SILVEIRA"
3849272,39373477803,007244650,792404,"CAMILA SOARES DA SILVA"
3849587,04075933903,007244684,791848,"KARINA GABRIEL PALMA"
3849446,03383516636,007249964,792303,"FLAVIO CRESCENCIO LEAL"
3849723,76044505200,007252703,792246,"LIVIA MILENA SOUZA MOREIRA"
3849201,36418944844,007256563,791713,"ANDERSON GIAVONI"
3849415,07718168638,007257306,791991,"ELIANE DOS ANJOS MENDONCA"
3849247,03509991125,007259153,792164,"ARTHUR HENRIQUE ARRUDA FERREIRA"
4483291,06411778957,007260060,792564,"ANA PAULA DOS SANTOS"
3850045,30442596812,007261969,792644,"WILLIAN PORTELA DOS SANTOS"
3849614,01898860130,007261977,792102,"JORCIANNE FERREIRA MARQUES MELEGARI"
3849472,04679984503,007261985,792558,"FELYPE BRANDAO MATOS"
3849668,29303935802,007265473,792631,"MARCELA MOREIRA DE ALMEIDA"
3849746,11698189788,007266224,792466,"MICHELY DOS SANTOS CUNHA MOTA"
3849429,00427949947,007269350,792134,"FLAVIA INES PERUZZO"
3849705,22251915818,007277791,792065,"MARCOS FERNANDO TOFFOLI"
3849519,42972159500,007279771,792086,"JAILSON ANDRADE ALVES"
3849664,18281038888,007284813,792590,"MARCELO DA SILVA LEITE"
3849921,00221890254,007285364,792358,"THIAGO MEIRA EMERENCIANO"
3849641,34753756807,007292733,792364,"LIVIA ZAMPRONIO LAZARINI TEIXEIRA"
3849930,29911546837,007295249,792447,"REINALDO XAVIER DE LIMA"
3849919,31523669810,007301633,792337,"TIAGO SILVA PORTO"
3849242,22871353832,007305824,792111,"CARLA BATISTA DOS SANTOS GONCALVES"
3850026,02751802125,007308208,792509,"VANDERLEY DA SILVA NEIVA FILHO"
3849470,03671946946,007310287,792540,"GIZELE PEDROSO DOS SANTOS ANTUNES"
3849753,21783359854,007314891,792533,"MARCELO ANDRADE BRITO"
3849376,00013867008,007315898,792513,"DIEGO DIEDRICH"
3849139,07374867751,007320120,792015,"ALINE DE ABREU CARDOZO"
3849755,38565648885,007320203,792555,"LUIZ FERNANDO THEODORO GREATTI"
3849850,34875265816,007327570,792597,"NICOLLY VAZAMIM MIRA"
3849461,17731758826,007371081,792453,"FABIO MESSIAS FURQUIM"
3849544,04805403659,007372980,792339,"GLAYSSON DE CARNEIRO SIQUEIRA"
3849902,21561377813,007374184,792167,"PEDRO ALESSANDRO VILLELA STRINI"
3849910,37368447860,007388036,792248,"THAIS GOBO RODRIGUES LEITE"
3849632,11045970638,007393986,792273,"JOSE BERTOLACE DE BARROS NETO"
3849810,13068223784,007395254,792186,"PHILIP ELBERT"
3849174,41872444253,007417595,792373,"ANA CLAUDIA NEGRETTI DORNELES"
3849852,30979944830,007494867,792615,"NATALIA APARECIDA SOARES DA CUNHA"
3849703,34028247870,007521974,792045,"MARCUS VINICIUS CARVALHO COSTA"
4277709,27825429826,007521982,791729,"FERNANDA FRANCISCO BONUGLI"
4296040,37689544800,007521990,792239,"PHELLIPPE SANTHIAGO DE FARIA SANTANA"
3849387,03893968938,007532237,792628,"EVELINE PIRES GAION"
3849198,00829705058,007536543,792604,"ANDRE BARBOSA CHITOLINA"
3849213,01393155510,007536576,791825,"ARIANA SANTANA OLIVEIRA NASCIMENTO"
3849511,97117897015,007536642,792008,"GABRIEL DOS SANTOS RODRIGUES"
3849560,06131111928,007536659,792505,"GUSTAVO SCHEFER LUZZI"
4278360,14715555859,007536691,791751,"MARCELO SANT ANNA"
4386478,05384306998,007542152,792497,"NATHALIA NOGUEIRA LONGO"
3849800,36138961846,007546724,792089,"RAFAELA MALTA CISOTTO"
3849639,29939632878,007550064,792345,"JOSE RILDO DE SANTANA JUNIOR"
3849835,36015844841,007550122,792440,"MILENA VANESSA LIMA KFURI"
3849316,37003571846,007550155,791918,"DEBORA ALINE DA SILVA LUZ"
3849600,10786059630,007552516,791979,"KARINE TAVARES PRATA"
3850040,97762423672,007552581,792643,"WELLINGTON EUSTAQUIO GONCALVES"
3849683,04530684997,007552797,791841,"KELLY MARANGON"
3849940,26616334805,007552920,792548,"VIVIAN DE ANDRADE LIMA"
3849204,83701419000,007553399,791738,"ANSELMO OLIVEIRA DUARTE"
3850048,31030577846,007553852,792650,"ZULEIDE NEVES DA SILVA CAETANO"
3849295,06233223903,007553928,791716,"CINARA SOUZA DA CRUZ"
3850038,08203063470,007553944,792629,"WALESCA CARLA ALVES DE BRITO"
3849647,07081729975,007553977,792420,"LUCAS VINICIUS MARX BACELLAR KUIAWSKI"
3849953,92031722204,007554009,791758,"VITOR BOZZA"
3849744,04437598393,007554223,792448,"LUIZ COSTA DAMASCENO NETO"
3849789,04085141910,007554405,791972,"PRISCILLA CARDOSO SANDRINI"
3849844,00074895109,007554512,792536,"RODRIGO SILVA OLIVEIRA"
3849419,02352026148,007554587,792028,"FERNANDO ALVES DA CUNHA BRITO"
3849634,04668831964,007554595,792293,"JOSE ANTONIO FERREIRA"
3849813,00287320146,007554603,792217,"MARIA JOSE APARECIDA RAMOS"
3849886,00527330175,007554637,792013,"TALITA CRISTINA DAVID BORGES"
3849804,03502780161,007554686,792127,"RAFAEL HENRIQUE SOUSA DA SILVA"
3849728,14772834710,007555436,792295,"MARY ELLEN SANTOS DA SILVA"
3849120,32887007866,007555618,791836,"ALAN MARCIO SOUZA RAMOS"
3849960,29170963819,007555816,791823,"RICARDO APARECIDO VENTUROSO"
3849970,16243600840,007555857,791928,"ROBERTO RODRIGUES SANTIAGO PEREIRA"
3849392,30281545871,007556384,791753,"FABIANE FRANCISCO MOURAO"
3850011,02533674508,007556541,792354,"THAMIRES ZAMILUTE PAIVA"
3849933,06546844990,007556566,792477,"TIAGO LUIZ"
3849113,38554714873,007556715,791764,"ADIMILSON DE ASSIS SALVADOR JUNIOR"
3849961,02176031300,007556798,791833,"WESLLEY DE SOUSA MORAES"
3849635,06650008982,007556855,792302,"LIA SIVIERO BEATRICI"
3850029,03474914561,007559271,792539,"VANESSA MATOS DE ALMEIDA"
3849576,11136881654,007560089,791741,"JULIANA DIAS PINHEIRO"
3849712,02156007110,007560097,792136,"LEICIANY JUSTINO DE BRITO CANTUARIO"
3849868,36964331875,007560105,791832,"PATRICIA SIMAO CHAVES"
3849126,34999857804,007560139,791891,"ALEX BERANGER"
3849345,05981782609,007560196,792209,"EDILAINE APARECIDA BONFIM FERRAZ"
3849638,00988078465,007560568,792334,"JOSE SEVERINO DE BRITO JUNIOR"
3849373,32936175810,007561798,792486,"ELIANE SAMPAIO DOS SANTOS"
3849881,04949361422,007561814,791964,"PAULO HENRIQUE MONTEIRO DOS SANTOS"
3849536,02060888921,007561848,792255,"JEAN FELIPE DOLCIMASCULO"
3849351,36608275846,007561863,792267,"DANILO FRANCO DE ANDRADE BORTHOLOTO"
3849130,82363773187,007561889,791929,"ALESSANDRO CEZARIO MORAIS"
3850049,00527728535,007561962,792651,"FREDSON SILVA CAIRES"
3849148,02377884113,007562374,792110,"ALLINE DE SOUSA VAZ"
3849259,34378975866,007562705,792278,"CAMILA ALVES DA SILVA"
3849654,07607655964,007562713,792490,"JULIO CESAR BATTISTI"
3849192,02492014100,007564883,792547,"ANDERSON CARLOS RODRIGUES TELES"
3849243,01455881147,007564917,792122,"BALTAZAR BARBOSA FACUNDO"
3850017,10504783718,007564990,792419,"THIAGO MORAS MONTEIRO"
3849327,00845522043,007565021,792030,"DAIANE MARIA SANGALI"
3849526,06502530435,007565070,792152,"JEFFERSON DA SILVA TENORIO"
3849303,60036756326,007565146,791788,"CLAILTON BENES BARBOSA DE SOUSA"
3849776,96849444115,007565187,791846,"PAULA CARINA GOMES"
3849598,05570194606,007565302,791960,"KELMA SOARES MOREIRA SANDRINI"
3850013,34355000850,007565484,792375,"THIAGO LAVAGNINI EMYGDIO"
3850030,04164390123,007565542,792550,"VINICIUS VIEIRA MANSO"
3849270,43336230225,007565559,792386,"CLAUDIO ROBERTO RABELO CRUZ"
3849107,09104236955,007572068,791714,"ABNER RIBEIRO TEODORO"
3850012,01238771050,007572563,792365,"THIAGO LIMA DA SILVA"
3849944,11046206770,007572613,792586,"RENAN CAVALCANTI DE CARVALHO"
3849216,83129367349,007572688,791852,"ARIEL IBIAPINA SANTOS"
3849584,28186866876,007572795,791821,"KATIA REGINA PEREIRA"
3849480,08848061974,007573108,792637,"GUILHERME VITOR PEREIRA DE ALMEIDA"
3849646,01437468128,007574619,792412,"JOSY PAULA SOUZA VIEIRA"
3849689,02854721942,007574635,791899,"LAERCIO ANTONIO DE OLIVEIRA FILHO"
3849829,37758826857,007574676,792378,"MICHAEL ANDRE DA SILVA VIEIRA"
4159180,07851481678,007574684,792294,"GUILHERME LINHARES PINTO"
3849895,08590683664,007574692,792099,"PAULO JONATHAN MONTEIRO DOS SANTOS"
3849798,11007378719,007574726,792069,"PRISCILA MIRANDA RIBEIRO"
3849927,01858507154,007574809,792417,"THIAGO NOGUEIRA BARCELOS"
3849288,90333640004,007575764,792560,"CATIA ROSANE TORMA MICELI"
3849380,14790962881,007576697,792557,"ERICA RESENDE"
3849320,29136937843,007577547,791958,"DENIS CHILLOTTI"
3849353,27687936809,007577612,792285,"DRAUCIO CARVALHO DOS SANTOS"
3849624,06208429978,007577877,792191,"LEANDRO LUCAS FRITOLI ANDRADE"
3849535,40598194843,007577935,792243,"GIANNINI DE ALCANTARA YANAGAWA"
3849700,96169915072,007578065,792016,"MARCIO SOUZA DA ROCHA"
3849132,04757849605,007580079,791953,"ALEXANDRE PRATA ALVIM"
3849388,49369113649,007580145,791717,"EDGAR AFONSO LAMOUNIER JUNIOR"
3849914,11008548782,007587421,792288,"TALLIS AUGUSTO DE SOUZA ARAUJO"
3849959,06003714689,007587447,791817,"ROBSON TANINI GOMES"
3849903,99759446049,007587454,792177,"RAFAEL DOS SANTOS BARBOZA"
3849524,05949414900,007587488,792133,"GESIANE THAIS MOLETTA DE CASTRO"
3849342,06154712936,007587496,792180,"EDIMAR RICARDO DA COSTA"
3849469,08596394796,007587504,792529,"FABRICIA BARBOSA SANTOS"
3849269,06622182990,007587546,792376,"CASSIANI GARCIA DA SILVA"
3849617,23056187869,007587587,792121,"JONATAN BARBOSA DE ARAUJO"
3849865,38934548886,007587595,791800,"NICOLE ANDRESSA JUIZ"
3849786,38062815803,007587611,791941,"MARCOS VINICIUS MACIEL"
3849162,39198509802,007587637,792250,"AMANDA GONCALVES MOREIRA"
3849227,06864940918,007587751,791967,"ANDRIELMO SEIDEL"
3849370,91923379291,007587801,792456,"DHONE BARBOSA HONORIO"
4276954,31602902801,007587827,792078,"ALINE BATISTA DOS SANTOS DE BARROS FAURY"
3849123,06453949989,007587843,791865,"ALAN WINKERT COPPETTI"
3849756,06250802975,007587900,792565,"OTAVIO WELLINGTON GRACIOSO"
3849833,06200089973,007587926,792421,"MAYARA RODRIGUES DE OLIVEIRA"
3849962,30125946805,007587934,791840,"WALTER MICHEL MAZIN DOS SANTOS"
4295840,17107280864,007587942,792097,"MARCOS SILVA MARTINS"
3849523,36774250858,007588007,792123,"GABRIEL MACHADO ALEXANDRE"
3849533,02243015005,007588015,792222,"JONATAS AMARAL DE SOUZA"
3849782,75945401587,007588148,791904,"PAULO CESAR GOUVEIA COUTO"
3849892,00291973680,007588320,792071,"TARCISIO PARREIRAS VILACA JUNIOR"
3849478,35637822883,007588353,792620,"FERNANDA TRINDADE SALVADOR LIMA"
3849118,01232362409,007590755,791815,"ADRIANA MARIA ARAUJO TEIXEIRA FARIAS"
3849217,91784700053,007590789,791863,"ANDREIA SARMENTO DE MORAIS DA SILVEIRA"
3849352,83965815504,007590862,792276,"EDVALDO COSTA DA SILVA JUNIOR"
3849427,01967189536,007590888,792113,"ELTON CARDOSO DE OLIVEIRA"
3849530,04566687481,007590946,792192,"GILDERLANIO FERREIRA DE MELO"
3849640,82649758015,007591035,792355,"JULIANA ESPINDOLA VISENTINI"
3849684,22229049860,007591068,791851,"LAURA APARECIDA LOPES ALVES DIAS"
3849374,71450726100,007592967,792495,"DIEGO EDUARDO DOS REIS DE SANTANA"
3849657,07960238758,007593411,792523,"LUIZ FERNANDO MAURI"
3849566,36841306805,007593957,792562,"JULIANE SOARES MOURA"
3849187,32045062821,007594179,792496,"ANA PAULA ALVES DE SOUZA"
3849406,95082719068,007594187,791901,"FABIANO PEREZ MORESCHI"
3849368,04848863988,007594195,792436,"ELOMAR STRAPASSON FERREIRA"
3849436,33376869820,007595242,792205,"ERICA CRISTINA CANDIDO DOS SANTOS"
3849821,06604643492,007595366,792301,"RAYALLA SANTOS RODRIGUES"
3849212,38145216842,007595416,791819,"ANDREIA DE SOUZA LIMA"
3849426,03469723966,007595515,792103,"FERNANDO GOUVEIA BROTIFICHE"
3849184,94619867500,007595549,792467,"ANA PAULA DE ALMEIDA BATISTELA"
3849502,03690247616,007595556,791923,"FLAVIANO OLIVEIRA ANTONIO"
3849912,01059243938,007595606,792266,"PRISCILA DINARA BATISTA"
3849328,06330529906,007595648,792040,"CRISTIELI FERNANDA MOREIRA VIEIRA"
3849224,36942882879,007595671,791936,"BRUNA RODRIGUES PIRES"
3849493,06157999900,007595697,791834,"INEIA CRISTINA PAULINO DAS CHAGAS KULCZYK"
3849239,10024202614,007595747,792083,"BRUNELLY RODRIGUES CANTARINO CARVALHO"
3849459,04897831989,007595812,792432,"GIANCARLO BACK"
3849841,32989605860,007595838,792502,"MYCHAEL DA SILVA"
3849586,05195468656,007595846,791839,"JULIERME RENATO DE SOUZA"
3849857,02523481170,007596604,791727,"RICARDO SOARES DE OLIVEIRA"
3849929,04786468959,007599384,792437,"THIAGO FERREIRA DE CASTILHO"
3849307,05588135695,007599434,791826,"DANIELA APARECIDA TEIXEIRA TAVARES"
3849179,03549513194,007599467,792426,"ANA CLAUDIA DA COSTA LIMA"
3850046,83640223004,007599509,792648,"WILLIAN MARCHI ANDRADE"
3849517,08214393914,007599673,792066,"JEAN CARLO DALPIAZ"
3849740,02731731117,007599715,792410,"NAYARA DE MARCHI PORTO"
3849645,26114604857,007599749,792402,"JULIANA PRADO E SILVA"
3849839,71873066287,007599780,792482,"MICHELLE MARCIA SILVA DE SOUSA"
3849280,03963503483,007606361,792484,"CAROLINA BARBOSA VARELA"
3849291,33779801809,007606411,792594,"CASSIA LEITE DE OLIVEIRA AGUIAR"
3849330,06789430954,007606536,792059,"DEBORA NUNES CARVALHO"
3849369,22964973814,007606601,792446,"ELAINE GABRIELA DO PRADO"
3849398,33515416862,007606643,791820,"FABIO JOSE DE MORAIS OLIVEIRA"
3849428,05560016993,007606734,792124,"FERNANDA GAZZI"
3849799,07964227610,007607229,792079,"MARIANA DE SOUZA FREITAS"
3849714,01354362063,007607237,792158,"MAURICIO ALMEIDA SOARES"
3849896,09772974622,007607286,792108,"PRISCILA DAIANA FREITAS RAGAZZI"
3849211,00734418990,007611650,791810,"ANDRE MAKOWIESKI FLORA"
3849382,00757731040,007612120,792577,"DIEGO SILVEIRA DOS SANTOS"
3849507,38261727874,007612245,791973,"GABRIELA DE OLIVEIRA SIMIONATO"
3849513,34354297809,007612344,792029,"ISRAEL CAMPOS MORAIS"
3849701,95399950197,007612385,792027,"LEDIANY LOPES BATISTA"
3849765,83619321515,007612468,791742,"OSMAR SILVA DE AZEVEDO SEGUNDO"
3850004,37232438869,007612534,792281,"TAMIRES APARECIDA MIRANDA DA SILVA"
3849650,07272528443,007618853,792450,"JULIANA FERNANDES LUZ"
3849779,10068986629,007618937,791875,"PATRICIA CARLA BORGES DOS REIS"
3849449,04421883662,007618952,792333,"GABRIEL EDUARDO VILELA GANEM"
3849389,05734084913,007618986,791719,"DOUGLAS INACIO DA SILVA"
3849874,07750037608,007619166,791893,"SILVANA BATISTA DE BARCELOS CARVALHO"
4318532,32410014828,007619190,792443,"FABIO PEREIRA GOES"
3849430,02624748326,007619406,792145,"EMELINE FEITOSA CAVALCANTE"
3849873,02663997463,007621931,791884,"RODRYGO RAFAEL SILVA GUIMARAES"
3849854,28419082830,007622228,792635,"RODRIGO ROCHA AVILA"
3849314,00986722316,007623234,791897,"CRISTIANE DA CONCEICAO LIMA DOS SANTOS"
3849763,19028357866,007625353,792633,"MARCELO APARECIDO LEME"
3849899,12220628795,007627599,792138,"SHAYANNA TARDIVO"
3849111,96218851087,007630643,791743,"ADEMIR DA SILVA BANDEIRA"
3849250,05841053639,007632250,792193,"CARLOS EDUARDO OLIVEIRA GERALDO"
3849359,09786002660,007632722,792346,"EDMO MARCIO DA SILVA"
3849248,07763082976,007635667,792174,"BIANCA MEURER"
3849522,05829255928,007636491,792114,"JEFFERSON LUIS EGYDIO MAIOLA"
3849341,04241682944,007636566,792169,"DANIELE CRISTINE CHUI OSTAPECHEM"
3849660,04689986401,007636632,792552,"JULIANA MARIA DA SILVA"
3849655,12289162760,007637481,792500,"JULIANA CRISTINA LISBOA"
3849778,70012490172,007642358,791866,"PAULO RICARDO DA SILVA LIMA"
3849488,75423545153,007643034,791781,"FLAIANE NEIVA BARROS"
4298866,28808470873,007643257,791828,"MARCELO ALVES MACHADO"
3849834,06694800614,007643455,792431,"RAPHAEL REIS SILVA"
3849983,13250102784,007643554,792061,"WESLEY DA SILVA ALVES"
3849441,07698394603,007649957,792252,"EVALDO PAULINO DA SILVA"
3849932,10306917700,007650294,792468,"RAFAELA MIRIA DE ALMEIDA"
3849837,00405661290,007653462,792461,"NATALLYA TAVARES DA CUNHA"
3849283,38069960833,007653538,792511,"CRISTIANE DE OLIVEIRA"
3849775,12064250751,007654080,791838,"ORLANDO FERRAZ FRANCO JUNIOR"
3849616,11724509780,007654734,792112,"JEFFERSON ROBERTO SOARES DOS SANTOS"
3849238,00268767017,007657315,792074,"CAMILA GENEROSO MARCELINO RIVOIRE"
3849489,84431725253,007658032,791793,"FERNANDO DA CUNHA CARVALHO JUNIOR"
3849409,22594220809,007658057,791937,"ELAINE BOTREL DE CASTRO"
3849774,11183326793,007658388,791829,"MARCELO DA SILVA SA PINTAS"
3849915,10235606740,007658529,792296,"THIAGO BARROSO GOMES"
3849795,02047259096,007658701,792037,"RAFAEL MARTINS DARTORA"
3849963,03819720545,007658792,791850,"VINICIUS LIMA OLIVEIRA"
3849907,31038800811,007658941,792219,"THIAGO MORAIS DA SILVA"
3849948,16692181801,007659352,792627,"VERONICA DE MOURA GOMES"
3849871,69499950168,007663297,791864,"OLIMPIO AZEVEDO PIMENTA JUNIOR DE SOUZA"
3849195,01950054144,007663818,792573,"ANDREA GOMES MORENO"
3849114,05065444439,007664576,791775,"ADRIANA ALBUQUERQUE LEOCADIO"
3849925,02765122946,007667777,792399,"RAFAEL SOUTA FONTANA"
3849611,39439168803,007667827,792073,"JHONATAN GOMES DE ANDRADE"
3849110,22484712898,007668221,791733,"ADILSON RAFAEL DA SILVA ALMEIDA"
3849671,01637315600,007670441,791718,"LUIZ GUSTAVO GUIMARAES NOGUEIRA BATISTON"
3849133,08549313920,007672694,791962,"ALEXANDRE EDUARDO VITOR"
3849293,75547589004,007672710,792612,"DANIEL FERNANDO DA SILVA"
3849324,35939240801,007677453,792002,"DAVID RICARDO MESSA"
3849253,03223069305,007678006,792223,"BRUNO DA SILVA BANDEIRA"
3849453,00697543900,007681463,792370,"GEFSON FAVIANO DA SILVA"
3849181,07307262746,007682289,792445,"ANA PAULA BOETTCHER CHIARELLI"
3849583,09209237714,007682362,791812,"JAIME DOS SANTOS OTAVIANO"
3850002,11216474729,007683147,792257,"TAIANNE TATIANA GUIMARAES RODOLPHO ZILLI PERALLES"
4365300,10867832711,007683196,791886,"BERNARDO FERNANDES OLIVEIRA DE CARVALHO"
5206728,36129329857,007683857,791902,"PAULO BALDO NETO"
3849875,36129329857,"007683857 (REEMITIDO) 01-06-2018-11:39:24",791902,"PAULO BALDO NETO"
3849887,05586255685,007685258,792023,"SAMIR GONCALVES CRUZ"
3849482,27952947885,007685332,791722,"FERNANDO DO ESPIRITO SANTO"
3849840,01660522056,007685381,792492,"REINALDO TRAMONTIN"
3849154,12216722669,007685688,792171,"AMANDA CRISTINA CAMPOS DE OLIVEIRA"
3849188,90803159153,007691652,792507,"ANA PAULA PINTO"
3849838,82367361053,007691769,792471,"RODRIGO CAMILLO"
3849494,01066357439,007691801,791847,"FLAVIO FILGUEIRA DOS SANTOS"
3849787,69028958568,007691926,791951,"PAULO RENAN SOUZA AZEVEDO"
3849814,05443604945,007692312,792229,"RAFAEL BORGES DE ALMEIDA CAMPOS"
3849727,06833369917,007693930,792284,"MOACIR BORDIGNON NETO"
3849693,00370319109,007693971,791939,"KEZIA NASCIMENTO SOUZA"
3849294,07364262997,007697022,792622,"DANIEL DE GOES HOFFMANN"
3849604,00896289001,007700693,792003,"JEFERSON PALMA ARGERICH"
3849764,06943336460,007702541,791731,"NELMA ROBERTA DA SILVA BARROS"
3849985,08128585657,007719412,792082,"SAMIRA PEREIRA DA SILVA"
3849936,00955953170,007720659,792508,"RENATO DE BARROS ALVES GARCIA"
3849344,00079509185,007721459,792199,"DANILO AGUIAR ALMEIDA"
3849468,72306998191,007722499,792521,"GLAUBER GOMES CARVALHO"
3849423,05674650470,007722507,792070,"EMANUELLE SILVA FARIAS"
3849210,97440973534,007726409,791801,"ANTONIO DA SILVA LEITE FILHO"
3849185,07045242875,007728199,792476,"ANDERSON LUCIANO CERVANTES"
3849588,01850654573,007732191,791859,"JACKELINE FERREIRA PINTO"
3849750,01422741192,007732266,792506,"NIQUERSON HENRIQUE CARDOSO BARBOSA"
3849357,33584048893,007732811,792325,"DAYANE CRISTINA MARTINS PEREIRA MARQUES"
3849806,65965990359,007732860,792146,"RAIMUNDO YURI GOMES RODRIGUES"
3849900,00234649178,007742083,792149,"TALES GONCALVES DE OLIVEIRA"
3849167,08521351909,007742653,792298,"AMANDA MANCHINI CARLOS"
3849421,03547735939,007742679,792049,"ELISEU SAIDEL"
3849340,01515375692,007949670,792159,"DIEGO DOS SANTOS"
3849160,21482077841,007949746,792230,"ANA CAROLINA BENTO RODRIGUES LEITE"
3849546,05832929411,007950157,792360,"HANSSY ALEXANDRE DE CARVALHO"
3849926,73824720191,007950744,792408,"THAYANE LUZ PEREIRA"
3849541,03115167938,007951775,792305,"GILSON CARDOSO"
3849571,26541144818,007956212,792613,"JUSCELIO CAMILO ROCHA"
3850005,32637247894,007956873,792291,"TALITA DA SILVA"
3849706,04038891623,007960040,792075,"LEANDRO CEARENCO LIMA"
3849424,01845847016,007960057,792080,"FELIPE OLIVEIRA DE LIMA SANTANNA"
3849567,79103979504,007960065,792574,"HUGO DE OLIVEIRA CINTRA"
3849761,02192308540,007960073,792616,"MANOEL IVAN DOS SANTOS SOUZA"
3849547,07865017901,007960321,792371,"JOHMY KEVIN DOS SANTOS"
3849644,01932514503,007960354,792393,"JUCINARA TRINDADE NORONHA"
3849974,32870137850,007960446,791966,"WESLEY RIBEIRO DE QUEIROZ"
3849322,04981015682,007960495,791978,"CRISTIANE PATRICIA PAES NUNES SOARES"
3849354,03766814974,007960537,792297,"EDUARDO MACHADO DA SILVA"
3849141,02784917401,007960594,792035,"ALEXANDRE XAVIER DE FREITAS CAMPOS"
3850022,93466200300,007960669,792470,"UBIRAJARA RODRIGUES CAVALCANTE LIMA"
3849255,36625821802,007962970,792242,"BIANCA BOGADO GONCALVES PAZINATO"
3849935,22085320821,007963200,792498,"THIAGO MORASCHI"
3849966,07954412741,007964158,791883,"ROBERTA ARAUJO NUNES"
3849236,05992305920,370040123,792055,"ARIANA DONATO DOS SANTOS"
3849677,05030988920,417183035,791777,"MANUELLE RIGONI FRANCA"
4815563,39640762873,7681729,1424802," JULIANA EIKO MENDES GARCIA"
3849156,08143967719,987265527,792189,"ALVAHY RANGEL RIBEIRO JUNIOR"
3849938,06137250938,987265561,792528,"RAPHAEL KANIA DE ALMEIDA"
3849945,71170014100,987265760,792595,"REINALDO GILBERTO FERNANDES OVANDO JUNIOR"
3849539,06067056437,987265836,792286,"JOSE AMILTON NASARIO DA SILVA FILHO"
3849218,02759826376,987266072,791874,"BARBARA CHAVES FERREIRA LIMA"
3849465,03277754405,987266143,792491,"GILMO LUIZ DA COSTA CABRAL"
3849732,06223367970,987266249,792335,"MICHEL FRANCISCO COELHO DA ROCHA"
3849152,69833591272,987266343,792148,"ALINE MEDEIROS DE CASTRO SILVA"
3849375,04227733952,987266462,792504,"EMERSON JOSE NOVACKI"
3849968,01559057327,987266526,791903,"ZENEIDE MARIA VIEIRA"
3849362,66699274368,987266574,792377,"DEYSON CARVALHO ARAUJO"
3849312,98498169291,987266688,791877,"DANILO LOBO DE FREITAS"
3849752,33982692814,987266741,792525,"MONALISA FERREIRA LIMA"
3849562,00626073324,987268159,792526,"JULIANA BEZERRA GUABIRABA"
3849860,01700424300,987268266,791756,"ROLDAN ALBERTO LOPES MULLER"
3849605,09082466414,987268337,792014,"LAILA GOMES RODRIGUES DA SILVA"
3849553,02365752101,987268476,792433,"IGGOR ROCHA DA ROSA"
4295866,29836279857,987268832,792275,"GISLAINE DA SILVA PADOVAN"
3849153,07656252452,987270392,792160,"ALISSON JOSE RODRIGUES DO NASCIMENTO"
3849610,97162981372,987270429,792063,"LAYANE SOUSA DA SILVA"
3849552,07601525945,987270468,792423,"JONATHAN LUCIANO CAMARGO MACHADO"
3849451,06683271976,987270614,792351,"FRANCIELLE DE JESUS FERREIRA DE SOUZA"
3850039,83191640282,987270634,792638,"WELLYNTON CARDOSO FERREIRA"
3849574,01190880105,987270695,791732,"JULIANA TAVORA DIAS"
3849529,10008034656,987270752,792182,"GEIZIANE NOGUEIRA"
3849612,01050196406,987270877,792084,"KIRLYAN LEOPOLDO DE FREITAS MENDONCA"
3849613,06095104955,987271076,792094,"LEONILDO ALAN DE SOUZA"
3849422,37662408892,987271123,792058,"ELOA NATALIA PIACENTIM"
3849722,04761841427,987271268,792236,"MARIA NEUMA BARBOZA ALMEIDA DE LUNA"
3849711,06444486521,987271868,792125,"LUANA MALAQUIAS CAJAIBA"
3849716,01330920384,987272172,792178,"MARIA DE FATIMA MOREIRA LANDIM"
3849713,71986251187,987272181,792147,"LIDIANE SILVA BARROS DOS SANTOS"
3849520,78565014304,987272391,792096,"JAYRONGLAYTHES ALGARVES ROCHA"
3849391,80163718091,987272653,791744,"EMERSON SCHNEIDER"
4277034,32154768865,987272785,792172,"FERNANDO DA SILVA ALVES PEREIRA"
3849803,03058703511,987272803,792117,"PAULO ROBERTO CUNHA MARTINS"
3849607,04257988959,987273317,792034,"JOHNNY BATSCHAUER"
3849658,03076615980,987273466,792531,"LUCYNARA FERNANDES DE CARVALHO OCHIAI"
3849554,06255672930,987273512,792442,"GUILHERME BERTINATO"
3849491,04516211904,987273584,791813,"GUILHERME LANDGRAF SANTA MARIA"
3849317,01578968623,987274148,791931,"DAYANE FERNANDES"
3849277,03573707912,987274165,792454,"CLEBERSON CARDOSO"
3849669,72771550091,987274231,792640,"KAREN MONICA GUERRA HILLEBRAND"
3849136,31666202819,987274454,791988,"ALEX RICCO SCOMBATTI"
4049620,12499216603,987276443-CANCELADO,889645,"PRISCILA PEREIRA BARBOSA"
3849561,13647307742,987283972,792516,"JULIANA LOURENCO DA SILVA"
3849394,27764731846,987288594,791772,"ESTEVAO GARCIA"
3849830,39478729845,987289947,792388,"MURILO DE SOUZA CHAGAS"
3849758,37883935801,987290009,792587,"NATALIA GRAZIELE CONSOLO"
3849591,07400245406,987290044,791892,"KAROLINA MARQUES VALENCA"
3849237,02609437110,987290068,792064,"CAMILA GOULART"
3849826,01417765100,987290084,792349,"RAFAELA SERRANTE SILVA"
3849737,08643215627,987290102,792382,"LUIS CARLOS ALVES DA COSTA"
3849408,07931039408,987290142,791930,"FELIPE CESAR REGO GUERRA"
3849666,01983532193,987290252,792611,"KARINNE RIBEIRO PORTILHO"
3849361,14758286752,987290261,792367,"DEBORA JORGE LAMAO"
3849717,02750894360,987290262,792187,"LIA RAQUEL FERNANDES CARDOZO"
3849496,40894931881,987290322,791867,"ISABELLY ROCHA DE PAULA"
3850041,01965168116,987290324,792646,"WARLEY NORATO ALVES"
3849738,00883702916,987290327,792391,"MILENE SIQUEIRA"
3849128,02841918173,987290328,791914,"ALESSANDRA GUEDES BRANDAO"
3849653,40561543844,987290351,792480,"MAITE FAUSTINO FARIA CAMPOS"
3850003,03126227163,987290354,792272,"STEFFANI OLIVEIRA DA SILVA"
3849348,03222453110,987290356,792237,"DANIELLE XAVIER RAMOS"
3849784,07338698660,987290359,791920,"MARCO TULIO REZENDE DE SOUSA"
3849563,06468074479,987290360,792534,"ILBERLAINE RODRIGUES DA SILVA"
3849796,01807070190,987290362,792051,"MARCUS HENRIQUE PIRES DIAS"
3849549,03418713386,987290439,792392,"JOSE LUCAS GOMES RAMOS"
3849667,03050834307,987290441,792621,"JULIAO KLECIO SAMPAIO PINHEIRO"
3849457,92210546168,987290467,792411,"FABIO NETO DOS SANTOS"
3850006,09230320617,987290503,792300,"THAIANY BARRETO GALLO DIAS FERREIRA"
3849853,35798905810,987290509,792626,"ROSE HELEN MENDES FAVARO"
3849729,39842340821,987290514,792304,"LUCAS SCURACCHIO DIAS"
3850032,13028785730,987290515,792569,"VINICIUS GRASSO DA COSTA"
3849458,14292449767,987290580,792422,"GIANE CRISTINA VIEIRA"
3849333,33787198857,987290593,792087,"DIEGO FERREIRA CAMPOS DIAS"
3849166,03716230146,987290597,792290,"AMANDA BARBACENA DE CASTRO"
3849773,06015099780,987290602,791816,"MARCO ANTONIO THOMAZ DA CUNHA"
3850008,13438775719,987290606,792324,"TATIANA JOSE DA SILVA RAMALHO"
3849203,03654022146,987290611,791728,"ANNY CHRYSSIE MOTA"
3849149,04523991499,987290616,792119,"ALLYSON FELIPE SILVA DE BARROS"
4277167,37425187809,987290622,791779,"CYNTHIA CRISTINA DE SOUZA LEITE"
3849730,11202004660,987290630,792313,"LUIS ALBERTO DE SOUZA PEREIRA"
4277066,32920280864,987290639,791980,"MARIA JANAINA PEREIRA GOMES FERREIRA"
3849823,38530741897,987290641,792318,"MARRI DOS SANTOS BENITES"
3849951,12609666748,987290642,791737,"RENATO MAGLIANO VIEIRA"
3849157,06483989431,987290645,792200,"ALISON KODI HIRATA"
3849883,93093101204,987290687,791985,"SERGIO BERTOLDO SANTANA"
3849300,05528286450,987290727,791759,"CLAUDIA DACIA DE LIMA BARROS"
3849979,38642019859,987290734,792020,"YURI FRERI JANUARIO"
3849707,37865387865,987290763,792085,"LEONARDO RICCI CATALANO"
3849628,40795038810,987290802,792231,"JONATAS MELAURO VANINI DE JESUS SILVA"
3849783,04680254300,987290829,791913,"PEDRO HYAGO TAVARES"
3849582,42326366840,987290832,791803,"ISRAEL BARBOZA ARAUJO DA SILVA"
3849199,41106178807,987290838,792614,"ANDREY DA GAMA PETERKA"
3849531,03709874386,987290843,792202,"JANINE PEREIRA ALVES"
3849262,06162713954,987290846,792307,"CAMILA DA CRUZ MACIESKI"
3849223,53073070206,987290847,791925,"ANNA CAROLYNE RODRIGUES FELISBERTO"
3849709,05804233360,987290849,792106,"MARIA EDILANE DA SILVA CASTRO"
3849550,39397900870,987290850,792403,"GUILHERME MARCARI AMARAL MUNIZ"
3849876,06748242967,987290852,791909,"PATRICIA DA ROCHA CRISOSTOMO"
3849989,02427207306,987290873,792126,"SARA SILVA BRAGA"
3849780,09087116977,987290879,791888,"MARCOS GADIEL DE CARVALHO MALAQUIAS"
3849620,14775027778,987290903,792151,"LARISSA RAYANE PINHEIRO REIS"
3849503,08229599920,987290917,791933,"IANDRA MAYELI SUTIL"
3849708,36829845858,987290942,792095,"MARINA CORREIA SILIPRANDI"
3849924,09498633789,987290977,792389,"RAPHAELA KAREM DOS SANTOS RIBEIRO"
3849495,41405195843,987290993,791856,"FERNANDO PAULINO MARQUES DA SILVA"
3849339,02620697093,987291033,792150,"DOUGLAS DA ROSA PALMA"
3849808,32940274860,987291035,792165,"RAFAELA ALINE LOQUETE"
4206022,41854422898,987291143,992205,"GUILHERME ARNONI PEREIRA SOARES"
3849942,02747606147,987291263,792568,"VANESSA FERREIRA OLIVEIRA SOTERO"
3849326,02053732083,987291390,792021,"DIEGO DE OLIVEIRA FIGUEIRO"
3849208,03428164113,987291464,791778,"ANGELA GARCIA DE FREITAS"
3849363,02193524025,987291480,792387,"DEIVIDI DA CRUZ VARGAS"
3849265,04887500599,987291490,792338,"CAMILLE FABIANI FIORETTI RIBEIRO"
3849155,37705327830,987291626,792179,"AMANDA DERMER REPKE"
3849625,39580897808,987291686,792201,"LUCAS DE MORAES SILVA"
3849537,08310325614,987291777,792264,"JONATAS ALMEIDA DUARTE"
3849578,05094982133,987291790,791762,"KARINE GONCALVES DOS SANTOS"
3849172,13449932730,987291794,792352,"ANA BEATRIZ CARDOSO SELLMANN"
3849555,37405828809,987291797,792452,"JOSIANE APARECIDA BINOTO"
3849412,99922142015,987291809,791965,"FABIO MOREIRA"
3849245,09220180650,987291812,792142,"BRUNO REZENDE RODRIGUES"
3849244,34952270831,987291815,792132,"CAREN CRISTINA TRENTIN"
3849355,00795740093,987291816,792306,"DANUSA LABRES"
3849309,00935416510,987291817,791849,"CLAUDIO SACRAMENTO DA LUZ"
3849158,14341354701,987291820,792210,"ALLAN LUCIO VERAS"
3849898,40594515840,987291824,792128,"PAULO EDUARDO VIEIRA PIRES"
3850014,00868217174,987291826,792385,"THIAGO FERNANDES GUARIM DA SILVA"
3850010,02729349170,987291828,792343,"THAYNARA SUZY CASTRO SILVA GOMES"
3849996,11040093663,987291830,792195,"SAULO TEIXEIRA DOS SANTOS"
3849820,35188652854,987291835,792289,"RAFAEL PICOLI"
3850018,05625199981,987291838,792429,"TIAGO JUNGES"
3849487,00000881104,987291843,791770,"HELLEN REGINA GONCALVES DE OLIVEIRA"
3849619,97751243104,987291846,792141,"LIVIA CARMELLE LIMA"
3849623,10167446681,987291861,792181,"LEONARDO VICTOR REZENDE"
3849474,01373442107,987291865,792579,"GRAZIELE BERNARDES DA CRUZ OLIVEIRA"
3849704,00077435133,987291875,792054,"MARIANE ARAGAO SOUTO"
3849499,13748869711,987291878,791900,"ISABELA PEREIRA MARTINS"
4206024,05759747614,987291909,992206,"DENISE APARECIDA DA SILVA"
4206021,08450538416,987291953,992203,"NATALIA PIMENTEL LUCENA"
3849484,35175927817,987291963,791740,"FERNANDO FERREIRA"
4277004,33321300800,987292051,792012,"DAIANE CRISTINA MARCOLIN"
3849481,00690405162,987294902,791715,"GUILHERME PEREIRA CALDEIRA"
3849206,94978620163,987294906,791757,"ANDRE DOS REIS SIMON"
3849569,03587749183,987294909,792591,"ISABEL KRISTINNA ROCHA"
3849596,36715721831,987294972,791940,"LAIS RAFAELLY FERREIRA DA SILVA"
3850031,37498760886,987295014,792561,"VINICIUS ROSI GARCIA THEREZA"
4049622,29437742863,987295039-CANCELADO,889646,"SAULO GEOVANI CABRAL"
4049612,39825273844,987295062-CANCELADO,889637,"BRUNO OLIVEIRA COSTA"
4130950,36948801862,987295146,936973,"DANIEL BENEDICTO ESTEVES DA SILVA"
4049613,05897045674,987295192,889642,"ISABELLA PINTO TEIXEIRA"
4130948,05897045674,987295192,936974,"ISABELLA PINTO TEIXEIRA"
4130938,38685999839,987295240,936969,"THILIE MINHOTO"
4130945,33023767823,987295246,936970,"TALITA LORENA RUSSI ROGATI"
4049608,33023767823,987295246-CANCELADO,889653,"TALITA LORENA RUSSI ROGATI"
4049609,12025523661,987295293-CANCELADO,889650,"ELISANGELA CIPRIANO DA SILVA"
4049616,04085024361,987295307,889649,"ANA YARA DE SOUSA PAIVA"
4130949,04085024361,987295307,936975,"ANA YARA DE SOUSA PAIVA"
4049610,09904771693,987295308,889639,"LAURA ROSA DE SOUSA BORGES AMORIM"
4130955,09904771693,987295308,936980,"LAURA ROSA DE SOUSA BORGES AMORIM"
4049606,08118645614,987295418,889633,"LAURA FARIA COTTA"
4049614,06492031946,987295442-CANCELADO,889643,"WILSON AVILA ANTUNES"
4130952,82783390230,987295465,936972,"EVELYN ALINE BASTOS PEREIRA"
4049607,82783390230,987295465-CANCELADO,889652,"EVELYN ALINE BASTOS PEREIRA"
4049600,01046173065,987295499,889632,"DEBORA QUADROS ARCHANJO SOUZA"
4130940,01046173065,987295499,936966,"DEBORA QUADROS ARCHANJO SOUZA"
4130947,11649077602,987295500,936977,"LUANA NUNES SANTANA"
4906532,11649077602,987295500,889651,"LUANA NUNES SANTANA"
4049611,11649077602,"987295500 (REEMITIDO) 02-05-2018-09:54:37",889651,"LUANA NUNES SANTANA"
4130942,34537735864,987295592,936965,"BRUNO MENDES BAPTISTA"
4049619,34537735864,987295592-CANCELADO,889644,"BRUNO MENDES BAPTISTA"
4277628,00900272996,987295889,1035143,"DIONEI SILVA"
4499544,22556033819,987295914,1035131,"MARIA ISABEL SANTOS SILVA"
4905979,06175984447,987295924,1234871,"RAYSSA CLAUDIA ANDRADE DE OLIVEIRA SILVA"
4552814,06175984447,"987295924 (REEMITIDO) 02-05-2018-08:41:18",1234871,"RAYSSA CLAUDIA ANDRADE DE OLIVEIRA SILVA"
4277631,11326304798,987295981,1035133,"Lucas Marques Xavier Dias Laport"
4277629,01593083050,987295995,1035141,"TAMIRES BRESSIANI PAGNUSSATT"
4277632,01110278020,987296062,1035136,"MARCELO ABREU DA SILVA"
4350555,07801308980,987296066,1084578,"IGOR ROMIJN DE ANDRADE"
4277633,06072949908,987296130,1035132,"RAMON RICHARD ALVES "
4553824,01083352164,987296138,1235669,"JOSIMAR DE ARRUDA E SILVA"
4523805,33683984821,987296404,1035139,"ELENICE BARBOSA FERREIRA"
4689263,32101884836,987296409,1035137,"MATHEUS STEPHANO RONDA"
4206020,03425785370,987296446,992204,"THALITA CRISTINA COSTA SILVA"
4569882,69779821104,987296449,1035134,"Theodomiro Neves da Silva Losi"
4206023,51791579272,987296468,992202,"ABDON DE FIGUEIREDO CASSEB"
4277638,88597717220,987296497,1035138,"JOSELY DAYANE DE ARAUJO FERREIRA"
4350556,05001619920,987296725,1084577,"THIAGO CROCETTA REHBEIN"
4743814,07902044954,987296742,1084601,"BRUNO DE OLIVEIRA ALVES"
4743814,07902044954,"987296742 (REEMITIDO) 06-04-2018-12:57:39",1084601,"BRUNO DE OLIVEIRA ALVES"
4277636,00402598032,987296774,1035135,"GIOVANI CASARA"
4277637,08124277770,987296781,1035142,"Carine Nair Batista"
4812962,42601998890,987296801,1235446,"BRUNO BRIZ VIEIRA"
4553573,42601998890,"987296801 (REEMITIDO) 18-04-2018-10:24:20",1235446,"BRUNO BRIZ VIEIRA"
4465864,36970193845,987296831,1035140,"KAMILA FERNANDA DA ROCHA ALVES DE JULIO"
4796597,36469099866,987296840,1093152,"KELIANE LOPES BORGES"
4611827,36469099866,"987296840 (REEMITIDO) 16-04-2018-10:53:26",1093152,"KELIANE LOPES BORGES"
4687240,35205973811,987297015,1093159,"TANIA MARA BARBOSA SOARES"
4552731,00477858295,987297027,1234823,"JESSICA DANIELLE DIAS NOGUEIRA"
4552730,77455134215,987297223,1234824,"KAROLINE PENALBER MILHOMEM DE MENDONCA"
5004734,07031819989,987297243,1575620,"VANESSA AVILA"
4553594,42601998890,987297243-CANCELADO,1235468,"BRUNO BRIZ VIEIRA"
4756628,08561645938,987297378,1084600,"TAISE CARLA SCARIOT"
4756628,08561645938,"987297378 (REEMITIDO) 06-04-2018-12:56:12",1084600,"TAISE CARLA SCARIOT"
4743799,08561645938,"987297378 (REEMITIDO) 09-04-2018-15:37:07",1084600,"TAISE CARLA SCARIOT"
4552569,10797982779,987297475,1234671,"GABRIEL DA ROCHA PEREIRA"
4552568,14697302788,987297540,1234672,"AYLA YUME MATSUMURA FERNANDES"
4553024,02153059143,987297576,1235033,"THAWANA MOURA COELHO DE OLIVEIRA"
4553627,39890912805,987297602,1235494,"FILIPE MENEGON ROSA"
4553500,04445873900,987297775,1235389,"RODRIGO TURRA"
4706489,03234610932,987297822,1235340,"CRISTIANE DA SILVA GONZALEZ"
4988520,42242715836,987297982,1372742,"BARBARA FOGACA GOMES"
4742532,42242715836,"987297982 (REEMITIDO) 07-05-2018-11:09:35",1372742,"BARBARA FOGACA GOMES"
4768555,04421160989,987298005,1391138,"VAGNER FRANCESCHI"
4553321,03801015300,987298042,1235238,"THIAGO DA SILVA OLIVEIRA DE DEUS"
5218368,40557512816,987298190,1711856,"RAFAEL ANDRADE BRITO"
4726212,43910701892,987298274,1235412,"GABRIEL CABRINI BATISTA"
5178578,06276904910,987298601,1695296,"BRUNO SANTOS RAMOS DE SIQUEIRA"
4768513,00395309220,987299325,1391105,"EMERSON LACERDA DA SILVA"
5178576,01453575111,987299361,1695297,"BRUNO MARCHIOLI BARBOSA"
5178575,02473249148,987299405,1695295,"ALLAN NASCIMENTO DE ALMEIDA"
5190269,15496393744,987299562,1701398,"DAYNARA OLIVEIRA COELHO"
5190268,01762218240,987299643,1701397,"KARLA NATALIA DE SOUZA FIGUEIREDO"
5190267,01363874110,987299721,1701396,"MIRELLA LICIA SILVA LUNGUINHO"
5178574,04497569985,987299912,1695294,"JOAO TORRES PEREIRA NETO"
5236677,34195516811,987300053,1722613,"DIEGO NOTES DE OLIVEIRA"
5178577,06202534443,987300136,1695293,"JOSE PEREIRA DE LIMA NETO"
5178580,02473745552,987300327,1695299,"TASSIA BARBARA MARTINS CHIZOLINI"
5236628,01266524495,987300414,1722582,"MARCIO ANDRE REZENDE DE OLIVEIRA"
5178579,00847609405,987300441,1695298,"THAISY DA COSTA WANDERLEY"
5237136,04096086533,987300563,1722978,"MARITIZA E SILVA CHRISTO CORDEIRO"
5236686,11806347644,987300600,1722623,"LEANDRO HENRIQUE COTTA VASCONCELLOS"
5237385,35093060828,987300656,1723179,"VANESSA RAMOS DONATO"
5293683,06649516945,987300764,1758579,"VICTOR HUGO SAMORANO ANTUNES"
5236616,05380350135,987300885,1722569,"CAROLINE ALENCAR MARIOT"
5293684,01160584044,987300933,1758580,"LEONARDO RODIGHERI"
5236617,03985798141,987300945,1722570,"PABLLO RODRIGUES DE ARAUJO"
4344030,00426117174,"CANCELADO-15-02-2018-15:12:13",791736,"KAIO HENRIQUE SOUZA FERNANDES"
